file,event_id,event_time_sec,event_time_relative_sec,peak_value,peak_prominence,kept_for_count,filter_reason,assigned_block_id,assigned_side,inside_marker_block,notes
LR-3-8-26-(02).csv,1,55.5,0.7800000000000011,0.48051579168023467,0.2810732973729956,True,,1,LEFT,yes,
LR-3-8-26-(02).csv,2,56.992,2.2719999999999985,0.5597074248565737,0.3625622200258003,True,,1,LEFT,yes,
LR-3-8-26-(02).csv,3,58.108,3.387999999999998,0.486443396248631,0.2444886340398424,True,,1,LEFT,yes,
LR-3-8-26-(02).csv,4,58.996,4.276000000000003,0.3562996784452424,0.09311670289584673,True,,1,LEFT,yes,
LR-3-8-26-(02).csv,5,67.268,3.280000000000001,2.502340617823662,2.327283720679406,True,,2,RIGHT,yes,
LR-3-8-26-(02).csv,6,94.632,0.7520000000000095,0.38330374715911136,0.13308048483507562,True,,3,LEFT,yes,
LR-3-8-26-(02).csv,7,96.068,2.1880000000000024,0.4162099304255925,0.19524711073656445,True,,3,LEFT,yes,
LR-3-8-26-(02).csv,8,97.456,3.5760000000000076,1.0780315088480772,0.7163759671293324,True,,3,LEFT,yes,
LR-3-8-26-(02).csv,9,102.576,0.7439999999999998,0.44705319194584925,0.21020337766833885,True,,4,RIGHT,yes,
LR-3-8-26-(02).csv,10,103.864,2.0320000000000107,0.545674044318065,0.3368529853820261,True,,4,RIGHT,yes,
LR-3-8-26-(02).csv,11,105.656,3.8240000000000123,0.5812845913046661,0.13824053822761506,True,,4,RIGHT,yes,
LR-3-8-26-(02).csv,12,128.564,0.5799999999999983,0.6632609472437597,0.38675317662338277,True,,5,LEFT,yes,
LR-3-8-26-(02).csv,13,129.708,1.7240000000000038,0.566274003882387,0.19204754613369712,True,,5,LEFT,yes,
LR-3-8-26-(02).csv,14,130.652,2.667999999999992,0.46229771153544663,0.08069522338644752,True,,5,LEFT,yes,
LR-3-8-26-(02).csv,15,137.128,1.195999999999998,0.6963959115496676,0.4849616969060743,True,,6,RIGHT,yes,
LR-3-8-26-(02).csv,16,138.956,3.024000000000001,0.4156047887518396,0.19039073756189243,True,,6,RIGHT,yes,
LR-3-8-26-(02).csv,17,139.804,3.872000000000014,0.41061033097168553,0.17406475481250364,True,,6,RIGHT,yes,
LR-3-8-26-(02).csv,18,141.096,5.164000000000016,0.42291536784842004,0.2086990755453313,True,,6,RIGHT,yes,
LR-3-8-26-(02).csv,19,141.904,5.972000000000008,0.564403484434616,0.09765400123971085,True,,6,RIGHT,yes,
LR-3-8-26-(02).csv,20,162.36,0.5080000000000098,0.5658139189757873,0.36116225496454535,True,,7,LEFT,yes,
LR-3-8-26-(02).csv,21,163.616,1.76400000000001,0.41382676298596294,0.19638224725523576,True,,7,LEFT,yes,
LR-3-8-26-(02).csv,22,164.94,3.087999999999994,0.5039413351822721,0.29628432813148653,True,,7,LEFT,yes,
LR-3-8-26-(02).csv,23,166.408,4.555999999999983,0.4445091057313249,0.2380233302877185,True,,7,LEFT,yes,
LR-3-8-26-(02).csv,24,167.3,5.4480000000000075,0.3922753796172968,0.18604966321928235,True,,7,LEFT,yes,
LR-3-8-26-(02).csv,25,169.004,7.151999999999987,0.4949799158740497,0.24860001324649453,True,,7,LEFT,yes,
LR-3-8-26-(02).csv,26,174.052,0.47199999999998,0.43391562152693147,0.11418716201347978,True,,8,RIGHT,yes,
LR-3-8-26-(02).csv,27,175.356,1.775999999999982,0.6847696543168967,0.3417741103819476,True,,8,RIGHT,yes,
LR-3-8-26-(02).csv,28,176.428,2.8479999999999848,0.9674425548092132,0.7097723802784492,True,,8,RIGHT,yes,
LR-3-8-26-(02).csv,29,178.252,4.671999999999997,0.4705397125478446,0.2250369151533933,True,,8,RIGHT,yes,
LR-3-8-26-(02).csv,30,193.396,0.5879999999999939,0.4137528225022227,0.1713785650991855,True,,9,LEFT,yes,
LR-3-8-26-(02).csv,31,194.256,1.4480000000000075,0.38712058846982283,0.12104666935071196,True,,9,LEFT,yes,
LR-3-8-26-(02).csv,32,195.368,2.5600000000000023,0.3929731895279482,0.1095053747645297,True,,9,LEFT,yes,
LR-3-8-26-(02).csv,33,196.324,3.5160000000000196,0.5328047956411439,0.3810146889016672,True,,9,LEFT,yes,
LR-3-8-26-(02).csv,34,197.38,4.572000000000003,0.4185519195027339,0.1745203524525741,True,,9,LEFT,yes,
LR-3-8-26-(02).csv,35,198.888,6.0800000000000125,0.34739495939084747,0.15510119781507642,True,,9,LEFT,yes,
LR-3-8-26-(02).csv,36,204.088,0.9159999999999968,0.6308928027692291,0.17595758682844376,True,,10,RIGHT,yes,
LR-3-8-26-(02).csv,37,205.804,2.632000000000005,0.6098579306528038,0.16548526909806832,True,,10,RIGHT,yes,
LR-3-8-26-(02).csv,38,206.864,3.6920000000000073,0.641529848307681,0.2808863630618095,True,,10,RIGHT,yes,
LR-3-8-26-(02).csv,39,207.944,4.771999999999991,0.4956964512553639,0.1515526983556188,True,,10,RIGHT,yes,
LR-3-8-26-(02).csv,40,208.956,5.783999999999992,0.6421813203493403,0.054032974230285746,True,,10,RIGHT,yes,
LR-3-8-26-(02).csv,41,224.64,0.8759999999999764,0.6553752205767903,0.4755292887959874,True,,11,LEFT,yes,
LR-3-8-26-(02).csv,42,225.588,1.8239999999999839,0.37314539004643604,0.15560618818113064,True,,11,LEFT,yes,
LR-3-8-26-(02).csv,43,226.66,2.8959999999999866,0.46029113087391277,0.27574062656727316,True,,11,LEFT,yes,
LR-3-8-26-(02).csv,44,227.58,3.8160000000000025,0.43529434315580723,0.09483769576261125,True,,11,LEFT,yes,
LR-3-8-26-(02).csv,45,228.352,4.587999999999994,0.5899589504802605,0.33227080897498484,True,,11,LEFT,yes,
LR-3-8-26-(02).csv,46,234.836,0.35200000000000387,0.6128948343834923,0.3720633060440616,True,,12,RIGHT,yes,
LR-3-8-26-(02).csv,47,235.932,1.447999999999979,0.46592390285279767,0.2755659269138028,True,,12,RIGHT,yes,
LR-3-8-26-(02).csv,48,236.904,2.4199999999999875,0.32306784260904614,0.09181668051838057,True,,12,RIGHT,yes,
LR-3-8-26-(02).csv,49,237.824,3.3400000000000034,0.44605474735989836,0.21420315670668327,True,,12,RIGHT,yes,
LR-3-8-26-(02).csv,50,238.732,4.2479999999999905,0.6314063382215498,0.4300033833577972,True,,12,RIGHT,yes,
LR-3-8-26-(02).csv,51,239.748,5.263999999999982,0.45667193379385235,0.201831654687527,True,,12,RIGHT,yes,
LR-3-8-26-(02).csv,52,254.12,1.0200000000000102,1.4304794283700693,1.1346916995273058,True,,13,LEFT,yes,
LR-3-8-26-(02).csv,53,255.292,2.1920000000000073,0.5235378562700223,0.2026676774474767,True,,13,LEFT,yes,
LR-3-8-26-(02).csv,54,256.928,3.828000000000003,1.2992760301587176,0.9641924949161218,True,,13,LEFT,yes,
LR-3-8-26-(02).csv,55,258.468,5.368000000000023,1.2189908392357,0.3149271582850094,True,,13,LEFT,yes,
LR-3-8-26-(02).csv,56,264.596,0.40399999999999636,0.42641980462096785,0.1877988828229911,True,,14,RIGHT,yes,
LR-3-8-26-(02).csv,57,266.408,2.216000000000008,0.6076782373034448,0.3441936825454235,True,,14,RIGHT,yes,
LR-3-8-26-(02).csv,58,267.62,3.4279999999999973,0.6203935215984008,0.3893654761471924,True,,14,RIGHT,yes,
LR-3-8-26-(02).csv,59,270.308,6.1159999999999854,0.5860246534192075,0.33835582174171097,True,,14,RIGHT,yes,
LR-3-8-26-(02).csv,60,271.632,7.439999999999998,0.3631693290709336,0.10281947840731837,True,,14,RIGHT,yes,
LR-3-8-26-(02).csv,61,283.628,0.7319999999999709,0.5451213823534923,0.23375023678850132,True,,15,LEFT,yes,
LR-3-8-26-(02).csv,62,284.768,1.8719999999999573,0.36635564697698897,0.14976637492765085,True,,15,LEFT,yes,
LR-3-8-26-(02).csv,63,285.824,2.9279999999999973,0.365724291052403,0.14632352459643116,True,,15,LEFT,yes,
LR-3-8-26-(02).csv,64,286.904,4.007999999999981,0.39262237541885897,0.20926703935210533,True,,15,LEFT,yes,
LR-3-8-26-(02).csv,65,287.936,5.039999999999964,0.3458409382476165,0.17007343815286324,True,,15,LEFT,yes,
LR-3-8-26-(02).csv,66,291.428,0.46800000000001774,0.5813483824277109,0.34646567299966957,True,,16,RIGHT,yes,
LR-3-8-26-(02).csv,67,292.368,1.4080000000000155,0.4894104011497351,0.18757634500613724,True,,16,RIGHT,yes,
LR-3-8-26-(02).csv,68,293.768,2.8079999999999927,0.48257656801081644,0.1815668198171031,True,,16,RIGHT,yes,
LR-3-8-26-(02).csv,69,295.104,4.1440000000000055,0.3647200578868853,0.14788124125774016,True,,16,RIGHT,yes,
LR-3-8-26-(02).csv,70,306.224,0.6119999999999663,0.45878105726114654,0.11054956178669584,True,,17,LEFT,yes,
LR-3-8-26-(02).csv,71,308.056,2.44399999999996,0.5342902762141877,0.31210361603395265,True,,17,LEFT,yes,
LR-3-8-26-(02).csv,72,308.932,3.319999999999993,0.4460545051676693,0.1836727765996467,True,,17,LEFT,yes,
LR-3-8-26-(02).csv,73,310.12,4.507999999999981,0.4263006773353944,0.17065335494757616,True,,17,LEFT,yes,
LR-3-8-26-(02).csv,74,315.704,0.6480000000000246,0.5900852868918094,0.2795373202716556,True,,18,RIGHT,yes,
LR-3-8-26-(02).csv,75,317.336,2.2800000000000296,0.4961619248086508,0.28201677928082736,True,,18,RIGHT,yes,
LR-3-8-26-(02).csv,76,318.632,3.576000000000022,0.45691623692178834,0.20741434881879547,True,,18,RIGHT,yes,
LR-3-8-26-(02).csv,77,327.772,,437.5614449276235,437.0453633763691,True,,,,no,detected outside all valid marker-defined blocks
LR-3-8-26-(02).csv,78,332.66,,111.94382389062909,109.45014984651984,True,,,,no,detected outside all valid marker-defined blocks
LR-3-8-26-(02).csv,79,336.22,,281.1080644815696,279.77022476573643,True,,,,no,detected outside all valid marker-defined blocks
LR-3-8-26-(02).csv,80,345.0,,101.21576807410914,98.73698118530703,True,,,,no,detected outside all valid marker-defined blocks
LR-3-8-26-(02).csv,81,349.636,,87.27298262787622,79.59822339174107,True,,,,no,detected outside all valid marker-defined blocks
LR-3-8-26-(02).csv,82,352.452,,152.07051387785134,150.65191881441066,True,,,,no,detected outside all valid marker-defined blocks
LR-3-8-26-(02).csv,83,357.516,,293.37406875648514,292.6795533017321,True,,,,no,detected outside all valid marker-defined blocks
LR-3-8-26-(02).csv,84,358.584,,168.75599826332754,117.32953371119784,True,,,,no,detected outside all valid marker-defined blocks
LR-3-8-26-(02).csv,85,362.228,,52.243042120505876,50.84063471424886,True,,,,no,detected outside all valid marker-defined blocks
LR-3-8-26-(02).csv,86,374.48,,894.9738446081693,894.6956900655758,True,,,,no,detected outside all valid marker-defined blocks
LR-3-8-26-(02).csv,87,377.188,,53.15297862685034,44.38563546658203,True,,,,no,detected outside all valid marker-defined blocks
LR-3-8-26-(02).csv,88,378.836,,64.37242721189251,57.30511843423075,True,,,,no,detected outside all valid marker-defined blocks
LR-3-8-26-(02).csv,89,382.532,,60.52238686924728,53.01617809119402,True,,,,no,detected outside all valid marker-defined blocks
LR-3-8-26-(02).csv,90,403.136,,46.29854649408887,45.06240224249412,True,,,,no,detected outside all valid marker-defined blocks
LR-3-8-26-(02).csv,91,411.472,,227.17567215602355,226.2664662260704,True,,,,no,detected outside all valid marker-defined blocks
LR-3-8-26-(02).csv,92,413.8,,64.03686905276483,55.009333385413186,True,,,,no,detected outside all valid marker-defined blocks
LR-3-8-26-(02).csv,93,420.528,,128.7184120480396,68.22584864645958,True,,,,no,detected outside all valid marker-defined blocks
LR-3-8-26-(02).csv,94,421.616,,167.52426777867063,132.70101791753223,True,,,,no,detected outside all valid marker-defined blocks
LR-3-8-26-(02).csv,95,423.572,,350.61936162550563,309.31594321673623,True,,,,no,detected outside all valid marker-defined blocks
LR-3-8-26-(02).csv,96,426.196,,457.05982309705075,456.247064625094,True,,,,no,detected outside all valid marker-defined blocks
LR-3-8-26-(02).csv,97,426.972,,176.79030764904093,66.76249743781854,True,,,,no,detected outside all valid marker-defined blocks
LR-3-8-26-(02).csv,98,428.044,,181.30360005745672,160.6929210209859,True,,,,no,detected outside all valid marker-defined blocks
LR-3-8-26-(02).csv,99,432.308,,440.2820463368753,429.6160047981763,True,,,,no,detected outside all valid marker-defined blocks
LR-3-8-26-(02).csv,100,433.784,,246.37662253550633,165.74966117660284,True,,,,no,detected outside all valid marker-defined blocks
LR-3-8-26-(02).csv,101,438.656,,53.71503685498524,50.67833213973894,True,,,,no,detected outside all valid marker-defined blocks
LR-3-8-26-(02).csv,102,444.488,,109.182692318463,107.01982082439257,True,,,,no,detected outside all valid marker-defined blocks
LR-3-8-26-(02).csv,103,463.624,,347.5205034046528,346.25823969997987,True,,,,no,detected outside all valid marker-defined blocks
LR-3-8-26-(02).csv,104,464.84,,220.14048536500985,70.85716323954975,True,,,,no,detected outside all valid marker-defined blocks
LR-3-8-26-(02).csv,105,465.924,,299.1600581240752,190.91369380151272,True,,,,no,detected outside all valid marker-defined blocks
LR-3-8-26-(02).csv,106,468.044,,245.13451853151682,222.9867824979852,True,,,,no,detected outside all valid marker-defined blocks
LR-3-8-26-(02).csv,107,469.42,,69.48036307621749,51.10905836895175,True,,,,no,detected outside all valid marker-defined blocks
LR-3-8-26-(02).csv,108,477.18,,136.7036016528874,113.38133887140798,True,,,,no,detected outside all valid marker-defined blocks
LR-3-8-26-(02).csv,109,479.128,,152.77993824256123,146.07967210607393,True,,,,no,detected outside all valid marker-defined blocks
LR-3-8-26-(02).csv,110,480.448,,97.40249434949655,61.19140222549312,True,,,,no,detected outside all valid marker-defined blocks
LR-3-8-26-(02).csv,111,488.224,,128.83339727677105,118.71919881949637,True,,,,no,detected outside all valid marker-defined blocks
LR-3-8-26-(02).csv,112,493.144,,277.7506914197246,273.29494324401645,True,,,,no,detected outside all valid marker-defined blocks
LR-3-8-26-(02).csv,113,496.836,,66.51208493223439,44.15312327247646,True,,,,no,detected outside all valid marker-defined blocks
LR-3-8-26-(02).csv,114,497.748,,131.85457080531077,122.04435561525419,True,,,,no,detected outside all valid marker-defined blocks
LR-3-8-26-(02).csv,115,501.98,,304.08389471896743,300.88448427139997,True,,,,no,detected outside all valid marker-defined blocks
LR-3-8-26-(02).csv,116,506.216,,66.90520860764593,48.52045623496217,True,,,,no,detected outside all valid marker-defined blocks
LR-3-8-26-(02).csv,117,507.596,,272.37017940350574,268.77021877263667,True,,,,no,detected outside all valid marker-defined blocks
LR-3-8-26-(02).csv,118,509.792,,218.5756151981419,143.5565565781908,True,,,,no,detected outside all valid marker-defined blocks
LR-3-8-26-(02).csv,119,511.404,,67.44281909926009,61.72113534552331,True,,,,no,detected outside all valid marker-defined blocks
LR-3-8-26-(02).csv,120,525.948,,1504.4082013389477,1504.1783338673172,True,,,,no,detected outside all valid marker-defined blocks
LR-3-8-26-(02).csv,121,528.104,,765.8023217651505,645.5841081527527,True,,,,no,detected outside all valid marker-defined blocks
LR-3-8-26-(02).csv,122,528.992,,975.4148360640755,900.3607476951574,True,,,,no,detected outside all valid marker-defined blocks
LR-3-8-26-(02).csv,123,530.48,,1472.5736892382627,1420.445545000666,True,,,,no,detected outside all valid marker-defined blocks
LR-3-8-26-(02).csv,124,531.872,,383.5916739381909,283.6460376345056,True,,,,no,detected outside all valid marker-defined blocks
LR-3-8-26-(02).csv,125,535.404,,521.8693697862857,513.3093672755083,True,,,,no,detected outside all valid marker-defined blocks
LR-3-8-26-(02).csv,126,536.196,,112.84628083375993,61.86558308572264,True,,,,no,detected outside all valid marker-defined blocks
LR-3-8-26-(02).csv,127,551.368,,1337.3865715666996,1336.8621414017841,True,,,,no,detected outside all valid marker-defined blocks
LR-3-8-26-(02).csv,128,553.56,,392.90503966741903,375.2170633532076,True,,,,no,detected outside all valid marker-defined blocks
LR-3-8-26-(02).csv,129,554.652,,172.74197191147553,83.99170149545371,True,,,,no,detected outside all valid marker-defined blocks
LR-3-8-26-(02).csv,130,555.904,,471.9478925779231,463.1639086093284,True,,,,no,detected outside all valid marker-defined blocks
LR-3-8-26-(02).csv,131,558.428,,170.95587428493616,165.13055160202407,True,,,,no,detected outside all valid marker-defined blocks
LR-3-8-26-(02).csv,132,562.032,,67.25274878102994,62.624061817129984,True,,,,no,detected outside all valid marker-defined blocks
LR-3-8-26-(02).csv,133,568.784,,1539.5289811606067,1539.402095781089,True,,,,no,detected outside all valid marker-defined blocks
LR-3-8-26-(02).csv,134,621.864,0.6720000000000255,1.6812061397242075,1.2483403183496686,True,,19,LEFT,yes,
LR-3-8-26-(02).csv,135,624.332,3.1399999999999864,0.9482793750501548,0.42862686795776794,True,,19,LEFT,yes,
LR-3-8-26-(02).csv,136,631.02,0.6599999999999682,1.3300014435107468,0.7428372504772554,True,,20,RIGHT,yes,
LR-3-8-26-(02).csv,137,632.008,1.6480000000000246,1.6828140013818773,1.217373309444517,True,,20,RIGHT,yes,
LR-3-8-26-(02).csv,138,633.564,3.203999999999951,1.6649071776715083,1.1675409720507592,True,,20,RIGHT,yes,
LR-3-8-26-(02).csv,139,634.632,4.2719999999999345,1.7496777270046993,0.949946753075261,True,,20,RIGHT,yes,
LR-3-8-26-(02).csv,140,648.18,0.6680000000000064,1.0561949042443615,0.639341222501402,True,,21,LEFT,yes,
LR-3-8-26-(02).csv,141,649.288,1.7760000000000673,0.6192723072385294,0.09874335733779083,True,,21,LEFT,yes,
LR-3-8-26-(02).csv,142,650.052,2.5400000000000773,0.7200568676416197,0.23370962377898485,True,,21,LEFT,yes,
LR-3-8-26-(02).csv,143,651.276,3.76400000000001,0.8239968325145756,0.30179009800800216,True,,21,LEFT,yes,
LR-3-8-26-(02).csv,144,652.588,5.076000000000022,0.7201305564852227,0.17254792790242646,True,,21,LEFT,yes,
LR-3-8-26-(02).csv,145,653.504,5.9920000000000755,0.6261463366906771,0.09275503528933371,True,,21,LEFT,yes,
LR-3-8-26-(02).csv,146,654.26,6.748000000000047,0.7236533418046599,0.07635352741974155,True,,21,LEFT,yes,
LR-3-8-26-(02).csv,147,658.956,1.0399999999999636,1.653293036459088,1.1856056402773032,True,,22,RIGHT,yes,
LR-3-8-26-(02).csv,148,660.088,2.171999999999912,2.0219031527534086,1.6721731612712298,True,,22,RIGHT,yes,
LR-3-8-26-(02).csv,149,661.208,3.2919999999999163,1.6079334253603021,1.2354440791005807,True,,22,RIGHT,yes,
LR-3-8-26-(02).csv,150,662.932,5.015999999999963,1.624457807528243,1.1530995203037975,True,,22,RIGHT,yes,
LR-3-8-26-(02).csv,151,664.052,6.135999999999967,1.6438037421703593,0.7659000809219794,True,,22,RIGHT,yes,
LR-3-8-26-(02).csv,152,676.512,0.37599999999997635,1.7213941751102797,0.8255624780975619,True,,23,LEFT,yes,
LR-3-8-26-(02).csv,153,678.172,2.036000000000058,0.9806199861939594,0.328916853095346,True,,23,LEFT,yes,
LR-3-8-26-(02).csv,154,679.44,3.3040000000000873,0.8870675201914661,0.1852462913342673,True,,23,LEFT,yes,
LR-3-8-26-(02).csv,155,685.52,1.15199999999993,2.1626387592820304,1.7856966679609367,True,,24,RIGHT,yes,
LR-3-8-26-(02).csv,156,686.796,2.4279999999999973,1.8764740383774676,1.5140840378448903,True,,24,RIGHT,yes,
LR-3-8-26-(02).csv,157,688.02,3.65199999999993,2.1461335535270165,1.6273211377357668,True,,24,RIGHT,yes,
LR-3-8-26-(02).csv,158,689.192,4.823999999999955,1.805254059553671,1.234753306958496,True,,24,RIGHT,yes,
LR-3-8-26-(02).csv,159,700.192,0.4519999999999982,1.4807072558892562,0.9646629241377527,True,,25,LEFT,yes,
LR-3-8-26-(02).csv,160,701.24,1.5,0.702239261824075,0.14261429815368942,True,,25,LEFT,yes,
LR-3-8-26-(02).csv,161,703.34,3.6000000000000227,0.9659745872454288,0.393421252119203,True,,25,LEFT,yes,
LR-3-8-26-(02).csv,162,708.052,1.1399999999999864,1.8298826440442701,1.5236214163432413,True,,26,RIGHT,yes,
LR-3-8-26-(02).csv,163,709.236,2.3239999999999554,1.2974612791928004,0.8982574506832028,True,,26,RIGHT,yes,
LR-3-8-26-(02).csv,164,710.272,3.3600000000000136,1.538178404123712,1.1536696262772104,True,,26,RIGHT,yes,
LR-3-8-26-(02).csv,165,711.48,4.567999999999984,1.7090708842256443,1.3376553635452733,True,,26,RIGHT,yes,
LR-3-8-26-(02).csv,166,721.608,0.2679999999999154,1.6228844597864223,0.8378517903586697,True,,27,LEFT,yes,
LR-3-8-26-(02).csv,167,722.852,1.5119999999999436,0.7646129818183443,0.21982579293137694,True,,27,LEFT,yes,
LR-3-8-26-(02).csv,168,729.424,1.0480000000000018,1.9529155602138317,1.6301151610045725,True,,28,RIGHT,yes,
LR-3-8-26-(02).csv,169,730.472,2.0960000000000036,0.779418601270299,0.30194340114769896,True,,28,RIGHT,yes,
LR-3-8-26-(02).csv,170,732.504,4.128000000000043,0.929601900831082,0.2225649126297099,True,,28,RIGHT,yes,
LR-3-8-26-(02).csv,171,742.7,0.32000000000005,1.5163135351341064,1.0971852655693795,True,,29,LEFT,yes,
LR-3-8-26-(02).csv,172,743.464,1.08400000000006,0.9420652848251793,0.23158927999561085,True,,29,LEFT,yes,
LR-3-8-26-(02).csv,173,745.088,2.70799999999997,0.7195208061530577,0.17181600978545974,True,,29,LEFT,yes,
LR-3-8-26-(02).csv,174,746.536,4.155999999999949,0.8478457540122933,0.1620550767916622,True,,29,LEFT,yes,
LR-3-8-26-(02).csv,175,752.028,0.5399999999999636,2.0747084429042246,1.533559286616458,True,,30,RIGHT,yes,
LR-3-8-26-(02).csv,176,753.06,1.571999999999889,2.1239267799903683,1.7321177683355167,True,,30,RIGHT,yes,
LR-3-8-26-(02).csv,177,754.784,3.2959999999999354,2.1196146083401404,1.653974906240886,True,,30,RIGHT,yes,
LR-3-8-26-(02).csv,178,755.952,4.463999999999942,2.301223220886739,0.5635567590916848,True,,30,RIGHT,yes,
LR-3-8-26-(02).csv,179,765.708,0.39999999999997726,1.656741535988871,0.9843781011776805,True,,31,LEFT,yes,
LR-3-8-26-(02).csv,180,767.236,1.9279999999999973,0.7973979058781093,0.16958981507292692,True,,31,LEFT,yes,
LR-3-8-26-(02).csv,181,768.556,3.2480000000000473,0.786451123697488,0.22211921207604657,True,,31,LEFT,yes,
LR-3-8-26-(02).csv,182,775.084,0.9359999999999218,2.3695999214444265,1.840572813511629,True,,32,RIGHT,yes,
LR-3-8-26-(02).csv,183,776.208,2.0599999999999454,2.204521912680953,1.6378008462644627,True,,32,RIGHT,yes,
LR-3-8-26-(02).csv,184,777.876,3.727999999999952,2.417111929022906,1.7251966201706277,True,,32,RIGHT,yes,
LR-3-8-26-(02).csv,185,792.468,0.4919999999999618,1.6191692433512415,1.1377598463306542,True,,33,LEFT,yes,
LR-3-8-26-(02).csv,186,794.084,2.1079999999999472,0.7040255216179845,0.20259204323308377,True,,33,LEFT,yes,
LR-3-8-26-(02).csv,187,802.004,1.1760000000000446,2.1498158350766037,1.5419620107354248,True,,34,RIGHT,yes,
LR-3-8-26-(02).csv,188,803.772,2.9440000000000737,2.1438032195220176,1.5748006788779891,True,,34,RIGHT,yes,
LR-3-8-26-(02).csv,189,804.876,4.048000000000002,1.6669282844757791,0.9145866091630386,True,,34,RIGHT,yes,
LR-3-8-26-(02).csv,190,817.06,0.33999999999991815,1.6825275481367208,1.0540048702637255,True,,35,LEFT,yes,
LR-3-8-26-(02).csv,191,818.788,2.0679999999999836,0.7461418915484782,0.238004735812256,True,,35,LEFT,yes,
LR-3-8-26-(02).csv,192,827.272,0.2720000000000482,2.2480127952682403,1.3353760881572976,True,,36,RIGHT,yes,
LR-3-8-26-(02).csv,193,828.336,1.3360000000000127,1.9727708780897497,1.3572450166117447,True,,36,RIGHT,yes,
LR-3-8-26-(02).csv,194,830.16,3.159999999999968,1.9364475628208928,1.2716960874097922,True,,36,RIGHT,yes,
LR-3-8-26-(02).csv,195,831.28,4.279999999999973,2.023544134196228,1.1584213011165019,True,,36,RIGHT,yes,
LR-3-8-26-(02).csv,196,836.204,,73.72376504053364,73.55485689614048,True,,,,no,detected outside all valid marker-defined blocks
LR-3-8-26-(02).csv,197,886.584,0.6119999999999663,0.5328127266577442,0.3385709480488507,True,,37,LEFT,yes,
LR-3-8-26-(02).csv,198,888.012,2.0399999999999636,0.34911752429891263,0.16710095402939806,True,,37,LEFT,yes,
LR-3-8-26-(02).csv,199,889.028,3.05600000000004,0.4507134726336136,0.2706815197609513,True,,37,LEFT,yes,
LR-3-8-26-(02).csv,200,890.044,4.072000000000003,0.2607077371825871,0.06960556295810674,True,,37,LEFT,yes,
LR-3-8-26-(02).csv,201,891.236,5.26400000000001,0.3717344856870408,0.16470652096463786,True,,37,LEFT,yes,
LR-3-8-26-(02).csv,202,892.34,6.368000000000052,0.5919258556659811,0.40079432213223654,True,,37,LEFT,yes,
LR-3-8-26-(02).csv,203,893.964,7.9920000000000755,0.37394901012906856,0.1673501164033056,True,,37,LEFT,yes,
LR-3-8-26-(02).csv,204,902.572,1.8039999999999736,0.4238407122461312,0.21496437076286057,True,,38,RIGHT,yes,
LR-3-8-26-(02).csv,205,903.332,2.5639999999999645,0.3935981796451162,0.15525719710088595,True,,38,RIGHT,yes,
LR-3-8-26-(02).csv,206,904.668,3.8999999999999773,0.3860464694152779,0.18713380188771206,True,,38,RIGHT,yes,
LR-3-8-26-(02).csv,207,905.772,5.004000000000019,0.3755971427235336,0.19547061914466354,True,,38,RIGHT,yes,
LR-3-8-26-(02).csv,208,906.884,6.1159999999999854,0.27676985055853487,0.07408488447635111,True,,38,RIGHT,yes,
LR-3-8-26-(02).csv,209,907.808,7.039999999999964,0.36814483029555795,0.1637496796975621,True,,38,RIGHT,yes,
LR-3-8-26-(02).csv,210,921.344,0.40800000000001546,0.2875025000289949,0.04138986100751513,True,,39,LEFT,yes,
LR-3-8-26-(02).csv,211,922.228,1.2919999999999163,0.3110646941318109,0.07754940839733207,True,,39,LEFT,yes,
LR-3-8-26-(02).csv,212,924.448,3.5119999999999436,0.3878876106569592,0.23350787007526813,True,,39,LEFT,yes,
LR-3-8-26-(02).csv,213,925.696,4.759999999999991,0.3189442098503589,0.09074062092856924,True,,39,LEFT,yes,
LR-3-8-26-(02).csv,214,926.736,5.7999999999999545,0.3002160899554938,0.03888749381081602,True,,39,LEFT,yes,
LR-3-8-26-(02).csv,215,927.736,6.7999999999999545,0.33475520760690985,0.14315132108377776,True,,39,LEFT,yes,
LR-3-8-26-(02).csv,216,935.38,0.6159999999999854,0.38699171257066983,0.1510608902583984,True,,40,RIGHT,yes,
LR-3-8-26-(02).csv,217,936.616,1.8519999999999754,0.4537550504038354,0.26027278355610955,True,,40,RIGHT,yes,
LR-3-8-26-(02).csv,218,937.496,2.731999999999971,0.3512203114545636,0.0750877125030423,True,,40,RIGHT,yes,
LR-3-8-26-(02).csv,219,938.68,3.91599999999994,0.36413538638931403,0.09739738284039112,True,,40,RIGHT,yes,
LR-3-8-26-(02).csv,220,939.528,4.76400000000001,0.44198504356577084,0.25004689698718413,True,,40,RIGHT,yes,
LR-3-8-26-(02).csv,221,950.012,0.6599999999999682,0.434894337837778,0.26685349576309414,True,,41,LEFT,yes,
LR-3-8-26-(02).csv,222,951.484,2.132000000000062,0.3046246352161787,0.08979461513648107,True,,41,LEFT,yes,
LR-3-8-26-(02).csv,223,952.944,3.5919999999999845,0.6024290155486909,0.44348523965353487,True,,41,LEFT,yes,
LR-3-8-26-(02).csv,224,955.392,6.040000000000077,0.2632050342810139,0.09433521750634002,True,,41,LEFT,yes,
LR-3-8-26-(02).csv,225,956.568,7.216000000000008,0.5081146757627341,0.3242638650691633,True,,41,LEFT,yes,
LR-3-8-26-(02).csv,226,964.156,0.39199999999993906,0.4057707951263705,0.20559046424786875,True,,42,RIGHT,yes,
LR-3-8-26-(02).csv,227,967.076,3.312000000000012,1.120712514620382,0.9372825403139973,True,,42,RIGHT,yes,
LR-3-8-26-(02).csv,228,969.84,6.076000000000022,0.34409028304966954,0.14020093111526846,True,,42,RIGHT,yes,
LR-3-8-26-(02).csv,229,984.572,0.7720000000000482,0.4420456401127573,0.2655909596321781,True,,43,LEFT,yes,
LR-3-8-26-(02).csv,230,985.708,1.9080000000000155,0.33349207438830364,0.10335504198198503,True,,43,LEFT,yes,
LR-3-8-26-(02).csv,231,986.572,2.772000000000048,0.4275143927358975,0.2374422923175523,True,,43,LEFT,yes,
LR-3-8-26-(02).csv,232,987.536,3.73599999999999,0.312056618097248,0.08732521476176225,True,,43,LEFT,yes,
LR-3-8-26-(02).csv,233,988.572,4.772000000000048,0.3822956058231603,0.10252758704236742,True,,43,LEFT,yes,
LR-3-8-26-(02).csv,234,989.724,5.924000000000092,0.4476705756884411,0.23466395332819232,True,,43,LEFT,yes,
LR-3-8-26-(02).csv,235,990.944,7.1440000000000055,0.5103326855819119,0.33658974361124205,True,,43,LEFT,yes,
LR-3-8-26-(02).csv,236,991.716,7.916000000000054,0.3147675354186712,0.07053312774210718,True,,43,LEFT,yes,
LR-3-8-26-(02).csv,237,997.98,1.1240000000000236,0.4763841833939489,0.17072906532528231,True,,44,RIGHT,yes,
LR-3-8-26-(02).csv,238,999.292,2.4360000000000355,0.4185918014702254,0.20734616686068652,True,,44,RIGHT,yes,
LR-3-8-26-(02).csv,239,1000.568,3.711999999999989,0.3464257313985925,0.05623820339168856,True,,44,RIGHT,yes,
LR-3-8-26-(02).csv,240,1001.624,4.768000000000029,0.4219434372185603,0.23293922211908297,True,,44,RIGHT,yes,
LR-3-8-26-(02).csv,241,1003.184,6.3279999999999745,0.31975612169611406,0.10600383793932197,True,,44,RIGHT,yes,
LR-3-8-26-(02).csv,242,1003.94,7.08400000000006,0.41431709614193835,0.20423899766240908,True,,44,RIGHT,yes,
LR-3-8-26-(02).csv,243,1005.0,8.144000000000005,0.39475523814386243,0.14644670366473675,True,,44,RIGHT,yes,
LR-3-8-26-(02).csv,244,1015.78,1.211999999999989,0.5585766818533157,0.326343193781427,True,,45,LEFT,yes,
LR-3-8-26-(02).csv,245,1016.944,2.3759999999999764,0.33339703754496286,0.1028119822107264,True,,45,LEFT,yes,
LR-3-8-26-(02).csv,246,1017.772,3.2040000000000646,0.27957662880820827,0.05756226483792978,True,,45,LEFT,yes,
LR-3-8-26-(02).csv,247,1019.652,5.08400000000006,0.36091872076620346,0.1376890436703789,True,,45,LEFT,yes,
LR-3-8-26-(02).csv,248,1021.276,6.70799999999997,0.38804184968064787,0.2021846914924127,True,,45,LEFT,yes,
LR-3-8-26-(02).csv,249,1022.64,8.072000000000003,0.327460676092208,0.11154232726151275,True,,45,LEFT,yes,
LR-3-8-26-(02).csv,250,1032.408,1.7519999999999527,2.0574991568809655,1.8696483215690187,True,,46,RIGHT,yes,
LR-3-8-26-(02).csv,251,1057.916,1.6959999999999127,0.3634361729330094,0.139461514994671,True,,47,LEFT,yes,
LR-3-8-26-(02).csv,252,1059.2,2.980000000000018,0.43318741244914766,0.26177134437167004,True,,47,LEFT,yes,
LR-3-8-26-(02).csv,253,1061.568,5.347999999999956,1.2031300671831904,1.0245147896260538,True,,47,LEFT,yes,
LR-3-8-26-(02).csv,254,1064.108,7.88799999999992,0.307849181236304,0.10678699116927873,True,,47,LEFT,yes,
LR-3-8-26-(02).csv,255,1065.04,8.819999999999936,0.5402797506926647,0.3520295904057301,True,,47,LEFT,yes,
LR-3-8-26-(02).csv,256,1074.792,1.1599999999998545,0.41242914172739786,0.22591559459033442,True,,48,RIGHT,yes,
LR-3-8-26-(02).csv,257,1075.812,2.1799999999998363,0.2774100873953325,0.051019003745933655,True,,48,RIGHT,yes,
LR-3-8-26-(02).csv,258,1077.144,3.5119999999999436,0.2913025815605093,0.1002731486238331,True,,48,RIGHT,yes,
LR-3-8-26-(02).csv,259,1078.44,4.807999999999993,0.4798306353704591,0.3147338121680465,True,,48,RIGHT,yes,
LR-3-8-26-(02).csv,260,1080.068,6.435999999999922,0.37883380762606306,0.21559402034437322,True,,48,RIGHT,yes,
LR-3-8-26-(02).csv,261,1081.62,7.987999999999829,0.25394288871002685,0.08481261837242479,True,,48,RIGHT,yes,
LR-3-8-26-(02).csv,262,1097.076,1.3040000000000873,0.5406119951778634,0.3763122759924374,True,,49,LEFT,yes,
LR-3-8-26-(02).csv,263,1099.712,3.9400000000000546,2.473687620772843,2.3201756941557536,True,,49,LEFT,yes,
LR-3-8-26-(02).csv,264,1102.792,7.019999999999982,2.185070739541495,2.0142182390612073,True,,49,LEFT,yes,
LR-3-8-26-(02).csv,265,1109.308,0.4639999999999418,0.3295720750842997,0.1194337887004428,True,,50,RIGHT,yes,
LR-3-8-26-(02).csv,266,1110.416,1.571999999999889,0.44273121954037414,0.2513375632346624,True,,50,RIGHT,yes,
LR-3-8-26-(02).csv,267,1111.976,3.132000000000062,0.49254608588408144,0.30999652433192804,True,,50,RIGHT,yes,
LR-3-8-26-(02).csv,268,1113.024,4.179999999999836,0.39411859877801225,0.19580031380979737,True,,50,RIGHT,yes,
LR-3-8-26-(02).csv,269,1115.588,6.7439999999999145,0.8522663183585644,0.6811067619810428,True,,50,RIGHT,yes,
LR-3-8-26-(02).csv,270,1126.136,0.6639999999999873,0.3978036925832903,0.17339605227279328,True,,51,LEFT,yes,
LR-3-8-26-(02).csv,271,1127.988,2.5160000000000764,0.36444743346419306,0.17246803429872548,True,,51,LEFT,yes,
LR-3-8-26-(02).csv,272,1128.884,3.4120000000000346,0.37052399317669343,0.20810340210982578,True,,51,LEFT,yes,
LR-3-8-26-(02).csv,273,1129.92,4.448000000000093,0.3144472471812753,0.13288531526149608,True,,51,LEFT,yes,
LR-3-8-26-(02).csv,274,1131.404,5.932000000000016,0.33630788693928737,0.17701515599556988,True,,51,LEFT,yes,
LR-3-8-26-(02).csv,275,1133.112,7.6400000000001,1.0653586426307167,0.8664865889223281,True,,51,LEFT,yes,
LR-3-8-26-(02).csv,276,1141.704,1.2439999999999145,0.3979920690743372,0.20347919603433212,True,,52,RIGHT,yes,
LR-3-8-26-(02).csv,277,1143.392,2.9320000000000164,1.2403713348639864,1.0796621866819016,True,,52,RIGHT,yes,
LR-3-8-26-(02).csv,278,1144.508,4.048000000000002,0.4179579816020823,0.19471303883385915,True,,52,RIGHT,yes,
LR-3-8-26-(02).csv,279,1146.404,5.94399999999996,0.375480721369903,0.15792061483260783,True,,52,RIGHT,yes,
LR-3-8-26-(02).csv,280,1147.56,7.099999999999909,0.3467300688077097,0.12969882919615047,True,,52,RIGHT,yes,
LR-3-8-26-(02).csv,281,1149.2,8.740000000000009,0.6587891729246039,0.32573611221108867,True,,52,RIGHT,yes,
LR-3-8-26-(02).csv,282,1158.144,0.8840000000000146,0.5962150043555252,0.3496372089184579,True,,53,LEFT,yes,
LR-3-8-26-(02).csv,283,1160.256,2.9960000000000946,0.2974660590170493,0.0887787924198733,True,,53,LEFT,yes,
LR-3-8-26-(02).csv,284,1161.408,4.147999999999911,0.411447346225174,0.2155520095494145,True,,53,LEFT,yes,
LR-3-8-26-(02).csv,285,1162.616,5.3559999999999945,0.36982361698100424,0.19023525283555,True,,53,LEFT,yes,
LR-3-8-26-(02).csv,286,1163.5,6.240000000000009,0.3425363453141829,0.1138394127424881,True,,53,LEFT,yes,
LR-3-8-26-(02).csv,287,1164.776,7.516000000000076,0.2691101315719026,0.09115851376868878,True,,53,LEFT,yes,
LR-3-8-26-(02).csv,288,1172.748,1.2160000000001219,0.4062949389954257,0.2592884658802103,True,,54,RIGHT,yes,
LR-3-8-26-(02).csv,289,1173.66,2.1280000000001564,0.3930359703879003,0.12742419584178005,True,,54,RIGHT,yes,
LR-3-8-26-(02).csv,290,1174.668,3.1359999999999673,0.39276573225390876,0.15257386604371323,True,,54,RIGHT,yes,
LR-3-8-26-(02).csv,291,1175.76,4.2280000000000655,0.32620000478196154,0.09297252930228872,True,,54,RIGHT,yes,
LR-3-8-26-(02).csv,292,1177.016,5.484000000000151,0.3842240755170373,0.20753387220783098,True,,54,RIGHT,yes,
LR-3-8-26-(02).csv,293,1178.22,6.688000000000102,0.2917432248066519,0.11069187053472507,True,,54,RIGHT,yes,
LR-3-8-26-(02).csv,294,1179.24,7.708000000000084,0.2585410448247879,0.05339093385139934,True,,54,RIGHT,yes,
LR-3-8-26-(02).csv,295,1186.584,,94.41422042765117,94.23093665978973,True,,,,no,detected outside all valid marker-defined blocks
LR-3-8-26-(03).csv,1,19.412,,2.371913524657786,2.1739421411415965,True,,,,no,detected outside all valid marker-defined blocks
LR-3-8-26-(03).csv,2,50.384,0.6120000000000019,0.46982762762197683,0.27294806283019624,True,,1,LEFT,yes,
LR-3-8-26-(03).csv,3,51.812,2.039999999999999,0.3160231993271793,0.12804040069187547,True,,1,LEFT,yes,
LR-3-8-26-(03).csv,4,52.828,3.0560000000000045,0.43043867713871814,0.24463438859650152,True,,1,LEFT,yes,
LR-3-8-26-(03).csv,5,53.812,4.039999999999999,0.2535881556130398,0.05592073396311836,True,,1,LEFT,yes,
LR-3-8-26-(03).csv,6,55.036,5.264000000000003,0.3542372749896074,0.12259305307379093,True,,1,LEFT,yes,
LR-3-8-26-(03).csv,7,56.136,6.364000000000004,0.5642484560371066,0.3708594670041586,True,,1,LEFT,yes,
LR-3-8-26-(03).csv,8,57.76,7.9879999999999995,0.35954228052021214,0.1332630741701534,True,,1,LEFT,yes,
LR-3-8-26-(03).csv,9,66.368,1.7999999999999972,0.42554054677817,0.20346717360315758,True,,2,RIGHT,yes,
LR-3-8-26-(03).csv,10,67.516,2.9480000000000075,0.3997591143768993,0.15476391028556583,True,,2,RIGHT,yes,
LR-3-8-26-(03).csv,11,68.468,3.9000000000000057,0.37250354958270837,0.17234622002672947,True,,2,RIGHT,yes,
LR-3-8-26-(03).csv,12,69.644,5.076000000000008,0.4724208144177238,0.28774340700112677,True,,2,RIGHT,yes,
LR-3-8-26-(03).csv,13,70.688,6.1200000000000045,0.30460466237128425,0.09422661090624601,True,,2,RIGHT,yes,
LR-3-8-26-(03).csv,14,71.608,7.040000000000006,0.3854431488374296,0.16119394812056706,True,,2,RIGHT,yes,
LR-3-8-26-(03).csv,15,85.128,0.3919999999999959,0.2784258658861413,0.04541269773756684,True,,3,LEFT,yes,
LR-3-8-26-(03).csv,16,86.028,1.2920000000000016,0.28678921038584154,0.05825824023457693,True,,3,LEFT,yes,
LR-3-8-26-(03).csv,17,87.416,2.6799999999999926,0.33268068242955084,0.09788468139955225,True,,3,LEFT,yes,
LR-3-8-26-(03).csv,18,88.248,3.5120000000000005,0.3952844402297889,0.24882882563507563,True,,3,LEFT,yes,
LR-3-8-26-(03).csv,19,89.496,4.759999999999991,0.3105818999668238,0.09538865573195429,True,,3,LEFT,yes,
LR-3-8-26-(03).csv,20,91.048,6.311999999999998,0.31370424157407134,0.13731569610448546,True,,3,LEFT,yes,
LR-3-8-26-(03).csv,21,91.908,7.171999999999997,0.28848267334855804,0.06442945132577113,True,,3,LEFT,yes,
LR-3-8-26-(03).csv,22,99.18,0.6160000000000139,0.375587204360916,0.1620049304987236,True,,4,RIGHT,yes,
LR-3-8-26-(03).csv,23,100.416,1.8520000000000039,0.44126106598903325,0.247403106610257,True,,4,RIGHT,yes,
LR-3-8-26-(03).csv,24,101.8,3.236000000000004,0.3412303312362704,0.07666682922373058,True,,4,RIGHT,yes,
LR-3-8-26-(03).csv,25,103.328,4.76400000000001,0.39612340475331703,0.2011600787964814,True,,4,RIGHT,yes,
LR-3-8-26-(03).csv,26,113.808,0.6560000000000059,0.4137430387735633,0.21871620727666508,True,,5,LEFT,yes,
LR-3-8-26-(03).csv,27,115.4,2.2480000000000047,0.3034795310005457,0.07833402794248553,True,,5,LEFT,yes,
LR-3-8-26-(03).csv,28,116.744,3.5919999999999987,0.5793978743877852,0.41339796329602124,True,,5,LEFT,yes,
LR-3-8-26-(03).csv,29,118.936,5.784000000000006,0.24414537032393568,0.07097745110272183,True,,5,LEFT,yes,
LR-3-8-26-(03).csv,30,120.368,7.215999999999994,0.49516536735970257,0.2594927672403451,True,,5,LEFT,yes,
LR-3-8-26-(03).csv,31,127.96,0.3960000000000008,0.3879147157110288,0.18654359121130168,True,,6,RIGHT,yes,
LR-3-8-26-(03).csv,32,129.764,2.200000000000017,0.5017860687179726,0.14280221827104578,True,,6,RIGHT,yes,
LR-3-8-26-(03).csv,33,130.876,3.312000000000012,1.071065377826699,0.887898569144542,True,,6,RIGHT,yes,
LR-3-8-26-(03).csv,34,133.64,6.075999999999993,0.33566059235736984,0.14569155842278297,True,,6,RIGHT,yes,
LR-3-8-26-(03).csv,35,147.04,,2.543595890555587,2.417308570625894,True,,,,no,detected outside all valid marker-defined blocks
LR-3-8-26-(03).csv,36,148.376,0.7760000000000105,0.3937694035868929,0.19934437020278656,True,,7,LEFT,yes,
LR-3-8-26-(03).csv,37,149.508,1.9080000000000155,0.31867393753544043,0.11008367472915898,True,,7,LEFT,yes,
LR-3-8-26-(03).csv,38,150.372,2.77200000000002,0.3644011230275931,0.17753853948378415,True,,7,LEFT,yes,
LR-3-8-26-(03).csv,39,151.336,3.7360000000000184,0.33211193888795487,0.1416714044648502,True,,7,LEFT,yes,
LR-3-8-26-(03).csv,40,152.372,4.77200000000002,0.3653773414120509,0.10803669660500742,True,,7,LEFT,yes,
LR-3-8-26-(03).csv,41,153.528,5.927999999999997,0.4071966333165208,0.2032847131624634,True,,7,LEFT,yes,
LR-3-8-26-(03).csv,42,154.668,7.068000000000012,0.5459434706704904,0.3573614783852717,True,,7,LEFT,yes,
LR-3-8-26-(03).csv,43,155.632,8.03200000000001,0.31827985505579415,0.09167416168544965,True,,7,LEFT,yes,
LR-3-8-26-(03).csv,44,161.328,0.671999999999997,0.4333971397279786,0.12989463470255708,True,,8,RIGHT,yes,
LR-3-8-26-(03).csv,45,163.088,2.431999999999988,0.38051278602111843,0.16831984786060755,True,,8,RIGHT,yes,
LR-3-8-26-(03).csv,46,164.368,3.711999999999989,0.33106314563632266,0.07217228110677543,True,,8,RIGHT,yes,
LR-3-8-26-(03).csv,47,165.328,4.671999999999997,0.38678378520913925,0.18585438565445792,True,,8,RIGHT,yes,
LR-3-8-26-(03).csv,48,166.968,6.311999999999983,0.3198684971966839,0.08996805412496733,True,,8,RIGHT,yes,
LR-3-8-26-(03).csv,49,167.736,7.079999999999984,0.38795814446915566,0.18119203209347595,True,,8,RIGHT,yes,
LR-3-8-26-(03).csv,50,168.8,8.144000000000005,0.365295706207466,0.1109456896992142,True,,8,RIGHT,yes,
LR-3-8-26-(03).csv,51,179.524,1.156000000000006,0.5866774984135079,0.3683615505653015,True,,9,LEFT,yes,
LR-3-8-26-(03).csv,52,180.744,2.3760000000000048,0.3108768889425058,0.09188746642761164,True,,9,LEFT,yes,
LR-3-8-26-(03).csv,53,181.512,3.1440000000000055,0.27013597484116386,0.05117453001423505,True,,9,LEFT,yes,
LR-3-8-26-(03).csv,54,183.456,5.087999999999994,0.3297420929239496,0.11023503030378703,True,,9,LEFT,yes,
LR-3-8-26-(03).csv,55,185.096,6.728000000000009,0.4159858327280196,0.2124131646338243,True,,9,LEFT,yes,
LR-3-8-26-(03).csv,56,186.444,8.075999999999993,0.33308804145557336,0.11160704385630893,True,,9,LEFT,yes,
LR-3-8-26-(03).csv,57,196.208,1.7520000000000095,2.018969913325816,1.8467372788535328,True,,10,RIGHT,yes,
LR-3-8-26-(03).csv,58,221.672,1.6519999999999868,0.3515140337043016,0.1388714970276468,True,,11,LEFT,yes,
LR-3-8-26-(03).csv,59,223.0,2.9799999999999898,0.4155025678438689,0.24339043459567122,True,,11,LEFT,yes,
LR-3-8-26-(03).csv,60,225.364,5.343999999999994,1.0936979878484818,0.9037841228627805,True,,11,LEFT,yes,
LR-3-8-26-(03).csv,61,228.84,8.819999999999993,0.48701972287170825,0.28584276658458974,True,,11,LEFT,yes,
LR-3-8-26-(03).csv,62,238.592,1.160000000000025,0.42574216256212516,0.24323984159892564,True,,12,RIGHT,yes,
LR-3-8-26-(03).csv,63,239.636,2.2040000000000077,0.2786679814355322,0.060905598030526614,True,,12,RIGHT,yes,
LR-3-8-26-(03).csv,64,240.944,3.5120000000000005,0.2716593915557431,0.07441391219145158,True,,12,RIGHT,yes,
LR-3-8-26-(03).csv,65,242.24,4.808000000000021,0.455515018134573,0.2935863837911605,True,,12,RIGHT,yes,
LR-3-8-26-(03).csv,66,243.868,6.436000000000007,0.3333546491568425,0.1590074192115281,True,,12,RIGHT,yes,
LR-3-8-26-(03).csv,67,245.42,7.9879999999999995,0.23228071454831703,0.04964322915165553,True,,12,RIGHT,yes,
LR-3-8-26-(03).csv,68,259.056,,2.3765721511284377,2.242855144325594,True,,,,no,detected outside all valid marker-defined blocks
LR-3-8-26-(03).csv,69,260.872,1.3000000000000114,0.5288006445179826,0.348723886866833,True,,13,LEFT,yes,
LR-3-8-26-(03).csv,70,263.512,3.9399999999999977,2.0347928190875963,1.8757157774620115,True,,13,LEFT,yes,
LR-3-8-26-(03).csv,71,266.592,7.019999999999982,1.7976105120425379,1.629700734452627,True,,13,LEFT,yes,
LR-3-8-26-(03).csv,72,273.112,0.46800000000001774,0.3119224037920698,0.09226070997106847,True,,14,RIGHT,yes,
LR-3-8-26-(03).csv,73,274.276,1.632000000000005,0.4100072951663684,0.1955343276789177,True,,14,RIGHT,yes,
LR-3-8-26-(03).csv,74,275.776,3.132000000000005,0.46543036601030907,0.2674381988988102,True,,14,RIGHT,yes,
LR-3-8-26-(03).csv,75,276.848,4.204000000000008,0.3663991647470919,0.16911330683748638,True,,14,RIGHT,yes,
LR-3-8-26-(03).csv,76,279.388,6.743999999999971,0.7122515436570518,0.5304918057502479,True,,14,RIGHT,yes,
LR-3-8-26-(03).csv,77,289.932,0.660000000000025,0.3898119496430392,0.17528245488171174,True,,15,LEFT,yes,
LR-3-8-26-(03).csv,78,291.788,2.5160000000000196,0.35827436570038385,0.1735261204527428,True,,15,LEFT,yes,
LR-3-8-26-(03).csv,79,292.684,3.4120000000000346,0.3232577171757241,0.1662935451628304,True,,15,LEFT,yes,
LR-3-8-26-(03).csv,80,293.724,4.451999999999998,0.3125707354226229,0.1350422149093062,True,,15,LEFT,yes,
LR-3-8-26-(03).csv,81,295.048,5.7760000000000105,0.31173127811008333,0.13424281715750686,True,,15,LEFT,yes,
LR-3-8-26-(03).csv,82,296.912,7.639999999999986,0.880694243578973,0.6886712042920207,True,,15,LEFT,yes,
LR-3-8-26-(03).csv,83,305.504,1.2440000000000282,0.38975979059223986,0.18917280736287861,True,,16,RIGHT,yes,
LR-3-8-26-(03).csv,84,307.192,2.9320000000000164,1.0384730278505578,0.8695373081132958,True,,16,RIGHT,yes,
LR-3-8-26-(03).csv,85,308.388,4.127999999999986,0.40713534266332513,0.1858400208454953,True,,16,RIGHT,yes,
LR-3-8-26-(03).csv,86,310.2,5.939999999999998,0.3613449240210586,0.1433170630528266,True,,16,RIGHT,yes,
LR-3-8-26-(03).csv,87,311.36,7.100000000000023,0.3245763540101829,0.10504271981794452,True,,16,RIGHT,yes,
LR-3-8-26-(03).csv,88,313.0,8.740000000000009,0.6032868983776937,0.3066602501121647,True,,16,RIGHT,yes,
LR-3-8-26-(03).csv,89,321.944,0.8840000000000146,0.5198235495717253,0.2748263905917501,True,,17,LEFT,yes,
LR-3-8-26-(03).csv,90,324.056,2.995999999999981,0.2805035342163241,0.06560836963514835,True,,17,LEFT,yes,
LR-3-8-26-(03).csv,91,325.216,4.156000000000006,0.37776257871014796,0.19050407343004963,True,,17,LEFT,yes,
LR-3-8-26-(03).csv,92,326.416,5.3559999999999945,0.32758291308294757,0.1503262715927648,True,,17,LEFT,yes,
LR-3-8-26-(03).csv,93,327.412,6.351999999999975,0.3111032001630854,0.09632031799330024,True,,17,LEFT,yes,
LR-3-8-26-(03).csv,94,328.576,7.5160000000000196,0.2461741034295945,0.08025858892831417,True,,17,LEFT,yes,
LR-3-8-26-(03).csv,95,336.556,1.2239999999999895,0.4270794688100191,0.27718519210417525,True,,18,RIGHT,yes,
LR-3-8-26-(03).csv,96,338.048,2.716000000000008,0.38004692663867556,0.1321370396205387,True,,18,RIGHT,yes,
LR-3-8-26-(03).csv,97,339.152,3.819999999999993,0.30226982538621183,0.0872915307110439,True,,18,RIGHT,yes,
LR-3-8-26-(03).csv,98,340.816,5.4839999999999804,0.353881155716761,0.1896454267851609,True,,18,RIGHT,yes,
LR-3-8-26-(03).csv,99,342.02,6.687999999999988,0.3051764016449774,0.12645468783393707,True,,18,RIGHT,yes,
LR-3-8-26-(03).csv,100,343.04,7.708000000000027,0.26420326956075085,0.04161092036542424,True,,18,RIGHT,yes,
LR-3-8-26-(03).csv,101,350.384,,81.74474864789833,81.55761524058717,True,,,,no,detected outside all valid marker-defined blocks
LR-3-8-26-(03).csv,102,359.316,,10.806801988709406,10.618018973861862,True,,,,no,detected outside all valid marker-defined blocks
LR-3-8-26-(03).csv,103,360.592,,4.632488116169718,4.09505229893154,True,,,,no,detected outside all valid marker-defined blocks
LR-3-8-26-(03).csv,104,368.928,,5.069395613878256,4.872893893050869,True,,,,no,detected outside all valid marker-defined blocks
LR-3-8-26-(03).csv,105,378.748,,3.7771482781834598,3.459116102241551,True,,,,no,detected outside all valid marker-defined blocks
LR-3-8-26-(03).csv,106,383.168,,17.42924086879722,17.242093575405633,True,,,,no,detected outside all valid marker-defined blocks
LR-3-8-26-(03).csv,107,389.316,,3.495029769525862,3.1310778978000746,True,,,,no,detected outside all valid marker-defined blocks
LR-3-8-26-(03).csv,108,392.756,,6.194478991735057,5.918863645191671,True,,,,no,detected outside all valid marker-defined blocks
LR-3-8-26-(03).csv,109,396.508,,5.470140616405809,4.959435698344,True,,,,no,detected outside all valid marker-defined blocks
LR-3-8-26-(03).csv,110,416.14,,7.342103945888736,7.086443991017302,True,,,,no,detected outside all valid marker-defined blocks
LR-3-8-26-(03).csv,111,418.48,,3.252804701699994,2.798369307205139,True,,,,no,detected outside all valid marker-defined blocks
LR-3-8-26-(03).csv,112,420.62,,6.785445184476981,6.383275819303423,True,,,,no,detected outside all valid marker-defined blocks
LR-3-8-26-(03).csv,113,421.92,,3.8030907309319097,2.8299484041417813,True,,,,no,detected outside all valid marker-defined blocks
LR-3-8-26-(03).csv,114,423.52,,3.782785365519613,2.4680729085791113,True,,,,no,detected outside all valid marker-defined blocks
LR-3-8-26-(03).csv,115,426.016,,3.0064281885872535,2.5754581763328437,True,,,,no,detected outside all valid marker-defined blocks
LR-3-8-26-(03).csv,116,429.408,,4.055907171913251,3.763483462446095,True,,,,no,detected outside all valid marker-defined blocks
LR-3-8-26-(03).csv,117,442.46,,4.901118016079252,4.627487961900945,True,,,,no,detected outside all valid marker-defined blocks
