family,filename,file_path,parsed_date,session_rank,split_role,coarse_label,coarse_segment_index,event_id,event_source,reference_kind,reference_onset_time_sec,reference_interval_start_sec,reference_interval_end_sec,duration_sec
jaw,HR-2-27-26-(01).csv,/Users/yanivnaggar/Desktop/Spring 2026/IS/OPENBCI_runs/Yaniv/HR-2-27-26-(01).csv,2026-02-27,1,train,HOLD,1,0,hold_marker_edges,derived_event_onset,45.58687233924866,45.58687233924866,45.783453941345215,0.2005934715270996
jaw,HR-2-27-26-(01).csv,/Users/yanivnaggar/Desktop/Spring 2026/IS/OPENBCI_runs/Yaniv/HR-2-27-26-(01).csv,2026-02-27,1,train,REPEATED,3,1,repeated_peaks,derived_event_onset,59.92930555343628,59.92930555343628,60.03762602806091,0.11233234405517578
jaw,HR-2-27-26-(01).csv,/Users/yanivnaggar/Desktop/Spring 2026/IS/OPENBCI_runs/Yaniv/HR-2-27-26-(01).csv,2026-02-27,1,train,REPEATED,3,2,repeated_peaks,derived_event_onset,60.49096727371216,60.49096727371216,60.6193470954895,0.13239169120788574
jaw,HR-2-27-26-(01).csv,/Users/yanivnaggar/Desktop/Spring 2026/IS/OPENBCI_runs/Yaniv/HR-2-27-26-(01).csv,2026-02-27,1,train,REPEATED,3,3,repeated_peaks,derived_event_onset,61.0205340385437,61.0205340385437,61.19705629348755,0.18053412437438965
jaw,HR-2-27-26-(01).csv,/Users/yanivnaggar/Desktop/Spring 2026/IS/OPENBCI_runs/Yaniv/HR-2-27-26-(01).csv,2026-02-27,1,train,REPEATED,3,4,repeated_peaks,derived_event_onset,61.574172019958496,61.574172019958496,61.7466824054718,0.17652225494384766
jaw,HR-2-27-26-(01).csv,/Users/yanivnaggar/Desktop/Spring 2026/IS/OPENBCI_runs/Yaniv/HR-2-27-26-(01).csv,2026-02-27,1,train,REPEATED,3,5,repeated_peaks,derived_event_onset,62.16391682624817,62.16391682624817,62.3484628200531,0.18855786323547363
jaw,HR-2-27-26-(01).csv,/Users/yanivnaggar/Desktop/Spring 2026/IS/OPENBCI_runs/Yaniv/HR-2-27-26-(01).csv,2026-02-27,1,train,REPEATED,3,6,repeated_peaks,derived_event_onset,62.85797023773194,62.85797023773194,63.030480623245246,0.17652225494384766
jaw,HR-2-27-26-(01).csv,/Users/yanivnaggar/Desktop/Spring 2026/IS/OPENBCI_runs/Yaniv/HR-2-27-26-(01).csv,2026-02-27,1,train,REPEATED,3,7,repeated_peaks,derived_event_onset,63.39556074142457,63.39556074142457,63.58411860466004,0.19256973266601562
jaw,HR-2-27-26-(01).csv,/Users/yanivnaggar/Desktop/Spring 2026/IS/OPENBCI_runs/Yaniv/HR-2-27-26-(01).csv,2026-02-27,1,train,REPEATED,3,8,repeated_peaks,derived_event_onset,64.06955480575562,64.06955480575562,64.26212453842163,0.19658160209655762
jaw,HR-2-27-26-(01).csv,/Users/yanivnaggar/Desktop/Spring 2026/IS/OPENBCI_runs/Yaniv/HR-2-27-26-(01).csv,2026-02-27,1,train,REPEATED,3,9,repeated_peaks,derived_event_onset,64.66732335090637,64.66732335090637,64.85989308357239,0.19658160209655762
jaw,HR-2-27-26-(01).csv,/Users/yanivnaggar/Desktop/Spring 2026/IS/OPENBCI_runs/Yaniv/HR-2-27-26-(01).csv,2026-02-27,1,train,REPEATED,3,10,repeated_peaks,derived_event_onset,65.31724619865417,65.31724619865417,65.4817328453064,0.16849851608276367
jaw,HR-2-27-26-(01).csv,/Users/yanivnaggar/Desktop/Spring 2026/IS/OPENBCI_runs/Yaniv/HR-2-27-26-(01).csv,2026-02-27,1,train,REPEATED,3,11,repeated_peaks,derived_event_onset,65.89094352722168,65.89094352722168,66.05141830444336,0.16448664665222168
jaw,HR-2-27-26-(01).csv,/Users/yanivnaggar/Desktop/Spring 2026/IS/OPENBCI_runs/Yaniv/HR-2-27-26-(01).csv,2026-02-27,1,train,REPEATED,3,12,repeated_peaks,derived_event_onset,66.49272394180298,66.49272394180298,66.64918684959412,0.1604747772216797
jaw,HR-2-27-26-(01).csv,/Users/yanivnaggar/Desktop/Spring 2026/IS/OPENBCI_runs/Yaniv/HR-2-27-26-(01).csv,2026-02-27,1,train,HOLD,5,13,hold_marker_edges,derived_event_onset,83.15401768684387,83.15401768684387,83.35059928894043,0.2005934715270996
jaw,HR-2-27-26-(01).csv,/Users/yanivnaggar/Desktop/Spring 2026/IS/OPENBCI_runs/Yaniv/HR-2-27-26-(01).csv,2026-02-27,1,train,REPEATED,7,14,repeated_peaks,derived_event_onset,97.84548354148865,97.84548354148865,97.96583962440491,0.12436795234680177
jaw,HR-2-27-26-(01).csv,/Users/yanivnaggar/Desktop/Spring 2026/IS/OPENBCI_runs/Yaniv/HR-2-27-26-(01).csv,2026-02-27,1,train,REPEATED,7,15,repeated_peaks,derived_event_onset,98.47534704208374,98.47534704208374,98.63180994987488,0.1604747772216797
jaw,HR-2-27-26-(01).csv,/Users/yanivnaggar/Desktop/Spring 2026/IS/OPENBCI_runs/Yaniv/HR-2-27-26-(01).csv,2026-02-27,1,train,REPEATED,7,16,repeated_peaks,derived_event_onset,98.96078324317932,98.96078324317932,99.12928175926208,0.17251038551330566
jaw,HR-2-27-26-(01).csv,/Users/yanivnaggar/Desktop/Spring 2026/IS/OPENBCI_runs/Yaniv/HR-2-27-26-(01).csv,2026-02-27,1,train,REPEATED,7,17,repeated_peaks,derived_event_onset,99.63477730751038,99.63477730751038,99.7992639541626,0.16849851608276367
jaw,HR-2-27-26-(01).csv,/Users/yanivnaggar/Desktop/Spring 2026/IS/OPENBCI_runs/Yaniv/HR-2-27-26-(01).csv,2026-02-27,1,train,REPEATED,7,18,repeated_peaks,derived_event_onset,100.33284258842468,100.33284258842468,100.46523427963257,0.13640356063842773
jaw,HR-2-27-26-(01).csv,/Users/yanivnaggar/Desktop/Spring 2026/IS/OPENBCI_runs/Yaniv/HR-2-27-26-(01).csv,2026-02-27,1,train,REPEATED,7,19,repeated_peaks,derived_event_onset,100.98677730560303,100.98677730560303,101.13120460510254,0.1484391689300537
jaw,HR-2-27-26-(01).csv,/Users/yanivnaggar/Desktop/Spring 2026/IS/OPENBCI_runs/Yaniv/HR-2-27-26-(01).csv,2026-02-27,1,train,REPEATED,7,20,repeated_peaks,derived_event_onset,101.55245089530945,101.55245089530945,101.749032497406,0.2005934715270996
jaw,HR-2-27-26-(01).csv,/Users/yanivnaggar/Desktop/Spring 2026/IS/OPENBCI_runs/Yaniv/HR-2-27-26-(01).csv,2026-02-27,1,train,REPEATED,7,21,repeated_peaks,derived_event_onset,102.19033813476562,102.19033813476562,102.38691973686218,0.2005934715270996
jaw,HR-2-27-26-(01).csv,/Users/yanivnaggar/Desktop/Spring 2026/IS/OPENBCI_runs/Yaniv/HR-2-27-26-(01).csv,2026-02-27,1,train,REPEATED,7,22,repeated_peaks,derived_event_onset,102.82020163536072,102.82020163536072,103.01678323745728,0.2005934715270996
jaw,HR-2-27-26-(01).csv,/Users/yanivnaggar/Desktop/Spring 2026/IS/OPENBCI_runs/Yaniv/HR-2-27-26-(01).csv,2026-02-27,1,train,REPEATED,7,23,repeated_peaks,derived_event_onset,103.4580888748169,103.4580888748169,103.65467047691345,0.2005934715270996
jaw,HR-2-27-26-(01).csv,/Users/yanivnaggar/Desktop/Spring 2026/IS/OPENBCI_runs/Yaniv/HR-2-27-26-(01).csv,2026-02-27,1,train,REPEATED,7,24,repeated_peaks,derived_event_onset,104.13208293914795,104.13208293914795,104.31261706352234,0.18454599380493164
jaw,HR-2-27-26-(01).csv,/Users/yanivnaggar/Desktop/Spring 2026/IS/OPENBCI_runs/Yaniv/HR-2-27-26-(01).csv,2026-02-27,1,train,REPEATED,7,25,repeated_peaks,derived_event_onset,104.84218382835388,104.84218382835388,104.98259925842285,0.14442729949951172
jaw,HR-2-27-26-(01).csv,/Users/yanivnaggar/Desktop/Spring 2026/IS/OPENBCI_runs/Yaniv/HR-2-27-26-(01).csv,2026-02-27,1,train,HOLD,9,26,hold_marker_edges,derived_event_onset,120.78134107589722,120.78134107589722,120.97792267799377,0.2005934715270996
jaw,HR-2-27-26-(01).csv,/Users/yanivnaggar/Desktop/Spring 2026/IS/OPENBCI_runs/Yaniv/HR-2-27-26-(01).csv,2026-02-27,1,train,REPEATED,11,27,repeated_peaks,derived_event_onset,134.517982006073,134.517982006073,134.67444491386414,0.1604747772216797
jaw,HR-2-27-26-(01).csv,/Users/yanivnaggar/Desktop/Spring 2026/IS/OPENBCI_runs/Yaniv/HR-2-27-26-(01).csv,2026-02-27,1,train,REPEATED,11,28,repeated_peaks,derived_event_onset,135.00341820716858,135.00341820716858,135.1679048538208,0.16849851608276367
jaw,HR-2-27-26-(01).csv,/Users/yanivnaggar/Desktop/Spring 2026/IS/OPENBCI_runs/Yaniv/HR-2-27-26-(01).csv,2026-02-27,1,train,REPEATED,11,29,repeated_peaks,derived_event_onset,135.66136479377747,135.66136479377747,135.80579209327698,0.1484391689300537
jaw,HR-2-27-26-(01).csv,/Users/yanivnaggar/Desktop/Spring 2026/IS/OPENBCI_runs/Yaniv/HR-2-27-26-(01).csv,2026-02-27,1,train,REPEATED,11,30,repeated_peaks,derived_event_onset,136.25913333892822,136.25913333892822,136.4396674633026,0.18454599380493164
jaw,HR-2-27-26-(01).csv,/Users/yanivnaggar/Desktop/Spring 2026/IS/OPENBCI_runs/Yaniv/HR-2-27-26-(01).csv,2026-02-27,1,train,REPEATED,11,31,repeated_peaks,derived_event_onset,137.04545974731445,137.04545974731445,137.2019226551056,0.1604747772216797
jaw,HR-2-27-26-(01).csv,/Users/yanivnaggar/Desktop/Spring 2026/IS/OPENBCI_runs/Yaniv/HR-2-27-26-(01).csv,2026-02-27,1,train,REPEATED,11,32,repeated_peaks,derived_event_onset,137.68735885620117,137.68735885620117,137.84783363342285,0.16448664665222168
jaw,HR-2-27-26-(01).csv,/Users/yanivnaggar/Desktop/Spring 2026/IS/OPENBCI_runs/Yaniv/HR-2-27-26-(01).csv,2026-02-27,1,train,REPEATED,11,33,repeated_peaks,derived_event_onset,138.30919861793518,138.30919861793518,138.50578022003174,0.2005934715270996
jaw,HR-2-27-26-(01).csv,/Users/yanivnaggar/Desktop/Spring 2026/IS/OPENBCI_runs/Yaniv/HR-2-27-26-(01).csv,2026-02-27,1,train,REPEATED,11,34,repeated_peaks,derived_event_onset,138.95912146568298,138.95912146568298,139.13564372062683,0.18053412437438965
jaw,HR-2-27-26-(01).csv,/Users/yanivnaggar/Desktop/Spring 2026/IS/OPENBCI_runs/Yaniv/HR-2-27-26-(01).csv,2026-02-27,1,train,REPEATED,11,35,repeated_peaks,derived_event_onset,139.6210799217224,139.6210799217224,139.81766152381897,0.2005934715270996
jaw,HR-2-27-26-(01).csv,/Users/yanivnaggar/Desktop/Spring 2026/IS/OPENBCI_runs/Yaniv/HR-2-27-26-(01).csv,2026-02-27,1,train,REPEATED,11,36,repeated_peaks,derived_event_onset,140.24693155288696,140.24693155288696,140.41141819953918,0.16849851608276367
jaw,HR-2-27-26-(01).csv,/Users/yanivnaggar/Desktop/Spring 2026/IS/OPENBCI_runs/Yaniv/HR-2-27-26-(01).csv,2026-02-27,1,train,REPEATED,11,37,repeated_peaks,derived_event_onset,141.0252342224121,141.0252342224121,141.14559030532837,0.12436795234680177
jaw,HR-2-27-26-(01).csv,/Users/yanivnaggar/Desktop/Spring 2026/IS/OPENBCI_runs/Yaniv/HR-2-27-26-(01).csv,2026-02-27,1,train,REPEATED,11,38,repeated_peaks,derived_event_onset,141.69521641731262,141.69521641731262,141.84365558624268,0.1524510383605957
jaw,HR-2-27-26-(01).csv,/Users/yanivnaggar/Desktop/Spring 2026/IS/OPENBCI_runs/Yaniv/HR-2-27-26-(01).csv,2026-02-27,1,train,REPEATED,11,39,repeated_peaks,derived_event_onset,142.24885439872742,142.24885439872742,142.3812460899353,0.13640356063842773
jaw,HR-2-27-26-(01).csv,/Users/yanivnaggar/Desktop/Spring 2026/IS/OPENBCI_runs/Yaniv/HR-2-27-26-(01).csv,2026-02-27,1,train,HOLD,13,40,hold_marker_edges,derived_event_onset,158.8700294494629,158.8700294494629,159.06661105155945,0.2005934715270996
jaw,HR-2-27-26-(01).csv,/Users/yanivnaggar/Desktop/Spring 2026/IS/OPENBCI_runs/Yaniv/HR-2-27-26-(01).csv,2026-02-27,1,train,REPEATED,15,41,repeated_peaks,derived_event_onset,173.1161777973175,173.1161777973175,173.27264070510864,0.1604747772216797
jaw,HR-2-27-26-(01).csv,/Users/yanivnaggar/Desktop/Spring 2026/IS/OPENBCI_runs/Yaniv/HR-2-27-26-(01).csv,2026-02-27,1,train,REPEATED,15,42,repeated_peaks,derived_event_onset,173.67783951759338,173.67783951759338,173.87442111968994,0.2005934715270996
jaw,HR-2-27-26-(01).csv,/Users/yanivnaggar/Desktop/Spring 2026/IS/OPENBCI_runs/Yaniv/HR-2-27-26-(01).csv,2026-02-27,1,train,REPEATED,15,43,repeated_peaks,derived_event_onset,174.29566740989685,174.29566740989685,174.4922490119934,0.2005934715270996
jaw,HR-2-27-26-(01).csv,/Users/yanivnaggar/Desktop/Spring 2026/IS/OPENBCI_runs/Yaniv/HR-2-27-26-(01).csv,2026-02-27,1,train,REPEATED,15,44,repeated_peaks,derived_event_onset,174.96564960479736,174.96564960479736,175.1501955986023,0.18855786323547363
jaw,HR-2-27-26-(01).csv,/Users/yanivnaggar/Desktop/Spring 2026/IS/OPENBCI_runs/Yaniv/HR-2-27-26-(01).csv,2026-02-27,1,train,REPEATED,15,45,repeated_peaks,derived_event_onset,175.7439522743225,175.7439522743225,175.91245079040527,0.17251038551330566
jaw,HR-2-27-26-(01).csv,/Users/yanivnaggar/Desktop/Spring 2026/IS/OPENBCI_runs/Yaniv/HR-2-27-26-(01).csv,2026-02-27,1,train,REPEATED,15,46,repeated_peaks,derived_event_onset,176.41794633865356,176.41794633865356,176.6024923324585,0.18855786323547363
jaw,HR-2-27-26-(01).csv,/Users/yanivnaggar/Desktop/Spring 2026/IS/OPENBCI_runs/Yaniv/HR-2-27-26-(01).csv,2026-02-27,1,train,REPEATED,15,47,repeated_peaks,derived_event_onset,177.13205909729004,177.13205909729004,177.3005576133728,0.17251038551330566
jaw,HR-2-27-26-(01).csv,/Users/yanivnaggar/Desktop/Spring 2026/IS/OPENBCI_runs/Yaniv/HR-2-27-26-(01).csv,2026-02-27,1,train,REPEATED,15,48,repeated_peaks,derived_event_onset,177.8822786808014,177.8822786808014,178.0066466331482,0.12837982177734375
jaw,HR-2-27-26-(01).csv,/Users/yanivnaggar/Desktop/Spring 2026/IS/OPENBCI_runs/Yaniv/HR-2-27-26-(01).csv,2026-02-27,1,train,REPEATED,15,49,repeated_peaks,derived_event_onset,178.56429648399353,178.56429648399353,178.70872378349304,0.1484391689300537
jaw,HR-2-27-26-(01).csv,/Users/yanivnaggar/Desktop/Spring 2026/IS/OPENBCI_runs/Yaniv/HR-2-27-26-(01).csv,2026-02-27,1,train,REPEATED,15,50,repeated_peaks,derived_event_onset,179.27439737319946,179.27439737319946,179.43487215042114,0.16448664665222168
jaw,HR-2-27-26-(01).csv,/Users/yanivnaggar/Desktop/Spring 2026/IS/OPENBCI_runs/Yaniv/HR-2-27-26-(01).csv,2026-02-27,1,train,REPEATED,15,51,repeated_peaks,derived_event_onset,179.98851013183594,179.98851013183594,180.1289255619049,0.14442729949951172
jaw,HR-2-27-26-(01).csv,/Users/yanivnaggar/Desktop/Spring 2026/IS/OPENBCI_runs/Yaniv/HR-2-27-26-(01).csv,2026-02-27,1,train,REPEATED,15,52,repeated_peaks,derived_event_onset,180.63843297958374,180.63843297958374,180.77483654022217,0.14041543006896973
jaw,HR-2-27-26-(01).csv,/Users/yanivnaggar/Desktop/Spring 2026/IS/OPENBCI_runs/Yaniv/HR-2-27-26-(01).csv,2026-02-27,1,train,HOLD,17,53,hold_marker_edges,derived_event_onset,197.33182168006897,197.33182168006897,197.52840328216553,0.2005934715270996
jaw,HR-2-27-26-(01).csv,/Users/yanivnaggar/Desktop/Spring 2026/IS/OPENBCI_runs/Yaniv/HR-2-27-26-(01).csv,2026-02-27,1,train,REPEATED,19,54,repeated_peaks,derived_event_onset,212.42447447776794,212.42447447776794,212.60500860214233,0.18454599380493164
jaw,HR-2-27-26-(01).csv,/Users/yanivnaggar/Desktop/Spring 2026/IS/OPENBCI_runs/Yaniv/HR-2-27-26-(01).csv,2026-02-27,1,train,REPEATED,19,55,repeated_peaks,derived_event_onset,212.98613619804382,212.98613619804382,213.1746940612793,0.19256973266601562
jaw,HR-2-27-26-(01).csv,/Users/yanivnaggar/Desktop/Spring 2026/IS/OPENBCI_runs/Yaniv/HR-2-27-26-(01).csv,2026-02-27,1,train,REPEATED,19,56,repeated_peaks,derived_event_onset,213.87677121162415,213.87677121162415,214.02119851112366,0.1484391689300537
jaw,HR-2-27-26-(01).csv,/Users/yanivnaggar/Desktop/Spring 2026/IS/OPENBCI_runs/Yaniv/HR-2-27-26-(01).csv,2026-02-27,1,train,REPEATED,19,57,repeated_peaks,derived_event_onset,214.59088397026062,214.59088397026062,214.73531126976013,0.1484391689300537
jaw,HR-2-27-26-(01).csv,/Users/yanivnaggar/Desktop/Spring 2026/IS/OPENBCI_runs/Yaniv/HR-2-27-26-(01).csv,2026-02-27,1,train,REPEATED,19,58,repeated_peaks,derived_event_onset,215.23679494857788,215.23679494857788,215.4012815952301,0.16849851608276367
jaw,HR-2-27-26-(01).csv,/Users/yanivnaggar/Desktop/Spring 2026/IS/OPENBCI_runs/Yaniv/HR-2-27-26-(01).csv,2026-02-27,1,train,REPEATED,19,59,repeated_peaks,derived_event_onset,215.90276527404785,215.90276527404785,216.08329939842224,0.18454599380493164
jaw,HR-2-27-26-(01).csv,/Users/yanivnaggar/Desktop/Spring 2026/IS/OPENBCI_runs/Yaniv/HR-2-27-26-(01).csv,2026-02-27,1,train,REPEATED,19,60,repeated_peaks,derived_event_onset,216.77334094047546,216.77334094047546,216.91375637054443,0.14442729949951172
jaw,HR-2-27-26-(01).csv,/Users/yanivnaggar/Desktop/Spring 2026/IS/OPENBCI_runs/Yaniv/HR-2-27-26-(01).csv,2026-02-27,1,train,REPEATED,19,61,repeated_peaks,derived_event_onset,217.49547743797302,217.49547743797302,217.6278691291809,0.13640356063842773
jaw,HR-2-27-26-(01).csv,/Users/yanivnaggar/Desktop/Spring 2026/IS/OPENBCI_runs/Yaniv/HR-2-27-26-(01).csv,2026-02-27,1,train,REPEATED,19,62,repeated_peaks,derived_event_onset,218.22162580490112,218.22162580490112,218.35000562667847,0.13239169120788574
jaw,HR-2-27-26-(01).csv,/Users/yanivnaggar/Desktop/Spring 2026/IS/OPENBCI_runs/Yaniv/HR-2-27-26-(01).csv,2026-02-27,1,train,REPEATED,19,63,repeated_peaks,derived_event_onset,218.90364360809326,218.90364360809326,219.04807090759277,0.1484391689300537
jaw,HR-2-27-26-(01).csv,/Users/yanivnaggar/Desktop/Spring 2026/IS/OPENBCI_runs/Yaniv/HR-2-27-26-(01).csv,2026-02-27,1,train,REPEATED,19,64,repeated_peaks,derived_event_onset,219.62578010559082,219.62578010559082,219.7661955356598,0.14442729949951172
jaw,HR-2-27-26-(01).csv,/Users/yanivnaggar/Desktop/Spring 2026/IS/OPENBCI_runs/Yaniv/HR-2-27-26-(01).csv,2026-02-27,1,train,HOLD,21,65,hold_marker_edges,derived_event_onset,237.56284832954407,237.56284832954407,237.75942993164062,0.2005934715270996
jaw,HR-2-27-26-(01).csv,/Users/yanivnaggar/Desktop/Spring 2026/IS/OPENBCI_runs/Yaniv/HR-2-27-26-(01).csv,2026-02-27,1,train,REPEATED,23,66,repeated_peaks,derived_event_onset,252.12593436241153,252.12593436241153,252.25431418418887,0.13239169120788574
jaw,HR-2-27-26-(01).csv,/Users/yanivnaggar/Desktop/Spring 2026/IS/OPENBCI_runs/Yaniv/HR-2-27-26-(01).csv,2026-02-27,1,train,REPEATED,23,67,repeated_peaks,derived_event_onset,252.76783347129825,252.76783347129825,252.8962132930756,0.13239169120788574
jaw,HR-2-27-26-(01).csv,/Users/yanivnaggar/Desktop/Spring 2026/IS/OPENBCI_runs/Yaniv/HR-2-27-26-(01).csv,2026-02-27,1,train,REPEATED,23,68,repeated_peaks,derived_event_onset,253.42578005790713,253.42578005790713,253.56218361854556,0.14041543006896973
jaw,HR-2-27-26-(01).csv,/Users/yanivnaggar/Desktop/Spring 2026/IS/OPENBCI_runs/Yaniv/HR-2-27-26-(01).csv,2026-02-27,1,train,REPEATED,23,69,repeated_peaks,derived_event_onset,254.05965542793277,254.05965542793277,254.23617768287662,0.18053412437438965
jaw,HR-2-27-26-(01).csv,/Users/yanivnaggar/Desktop/Spring 2026/IS/OPENBCI_runs/Yaniv/HR-2-27-26-(01).csv,2026-02-27,1,train,REPEATED,23,70,repeated_peaks,derived_event_onset,254.61329340934756,254.61329340934756,254.80987501144412,0.2005934715270996
jaw,HR-2-27-26-(01).csv,/Users/yanivnaggar/Desktop/Spring 2026/IS/OPENBCI_runs/Yaniv/HR-2-27-26-(01).csv,2026-02-27,1,train,REPEATED,23,71,repeated_peaks,derived_event_onset,255.28327560424808,255.28327560424808,255.4758453369141,0.19658160209655762
jaw,HR-2-27-26-(01).csv,/Users/yanivnaggar/Desktop/Spring 2026/IS/OPENBCI_runs/Yaniv/HR-2-27-26-(01).csv,2026-02-27,1,train,REPEATED,23,72,repeated_peaks,derived_event_onset,256.0134358406067,256.0134358406067,256.18995809555054,0.18053412437438965
jaw,HR-2-27-26-(01).csv,/Users/yanivnaggar/Desktop/Spring 2026/IS/OPENBCI_runs/Yaniv/HR-2-27-26-(01).csv,2026-02-27,1,train,REPEATED,23,73,repeated_peaks,derived_event_onset,256.65132308006287,256.65132308006287,256.8479046821594,0.2005934715270996
jaw,HR-2-27-26-(01).csv,/Users/yanivnaggar/Desktop/Spring 2026/IS/OPENBCI_runs/Yaniv/HR-2-27-26-(01).csv,2026-02-27,1,train,REPEATED,23,74,repeated_peaks,derived_event_onset,257.3614239692688,257.3614239692688,257.5138750076294,0.1564629077911377
jaw,HR-2-27-26-(01).csv,/Users/yanivnaggar/Desktop/Spring 2026/IS/OPENBCI_runs/Yaniv/HR-2-27-26-(01).csv,2026-02-27,1,train,REPEATED,23,75,repeated_peaks,derived_event_onset,258.0755367279053,258.0755367279053,258.2600827217102,0.18855786323547363
jaw,HR-2-27-26-(01).csv,/Users/yanivnaggar/Desktop/Spring 2026/IS/OPENBCI_runs/Yaniv/HR-2-27-26-(01).csv,2026-02-27,1,train,REPEATED,23,76,repeated_peaks,derived_event_onset,258.73348331451416,258.73348331451416,258.910005569458,0.18053412437438965
jaw,HR-2-27-26-(01).csv,/Users/yanivnaggar/Desktop/Spring 2026/IS/OPENBCI_runs/Yaniv/HR-2-27-26-(01).csv,2026-02-27,1,train,REPEATED,23,77,repeated_peaks,derived_event_onset,259.5278334617615,259.5278334617615,259.68028450012207,0.1564629077911377
jaw,HR-2-27-26-(01).csv,/Users/yanivnaggar/Desktop/Spring 2026/IS/OPENBCI_runs/Yaniv/HR-2-27-26-(01).csv,2026-02-27,1,train,REPEATED,23,78,repeated_peaks,derived_event_onset,260.09751892089844,260.09751892089844,260.28206491470337,0.18855786323547363
jaw,HR-2-27-26-(01).csv,/Users/yanivnaggar/Desktop/Spring 2026/IS/OPENBCI_runs/Yaniv/HR-2-27-26-(01).csv,2026-02-27,1,train,REPEATED,25,79,repeated_peaks,derived_event_onset,291.8795485496521,291.8795485496521,292.0520589351654,0.17652225494384766
jaw,HR-2-27-26-(01).csv,/Users/yanivnaggar/Desktop/Spring 2026/IS/OPENBCI_runs/Yaniv/HR-2-27-26-(01).csv,2026-02-27,1,train,REPEATED,25,80,repeated_peaks,derived_event_onset,292.6939580440521,292.6939580440521,292.86646842956543,0.17652225494384766
jaw,HR-2-27-26-(01).csv,/Users/yanivnaggar/Desktop/Spring 2026/IS/OPENBCI_runs/Yaniv/HR-2-27-26-(01).csv,2026-02-27,1,train,REPEATED,25,81,repeated_peaks,derived_event_onset,293.30777406692505,293.30777406692505,293.5043556690216,0.2005934715270996
jaw,HR-2-27-26-(01).csv,/Users/yanivnaggar/Desktop/Spring 2026/IS/OPENBCI_runs/Yaniv/HR-2-27-26-(01).csv,2026-02-27,1,train,REPEATED,25,82,repeated_peaks,derived_event_onset,294.18637347221375,294.18637347221375,294.33882451057434,0.1564629077911377
jaw,HR-2-27-26-(01).csv,/Users/yanivnaggar/Desktop/Spring 2026/IS/OPENBCI_runs/Yaniv/HR-2-27-26-(01).csv,2026-02-27,1,train,REPEATED,25,83,repeated_peaks,derived_event_onset,294.9245574474335,294.9245574474335,295.08503222465515,0.16448664665222168
jaw,HR-2-27-26-(01).csv,/Users/yanivnaggar/Desktop/Spring 2026/IS/OPENBCI_runs/Yaniv/HR-2-27-26-(01).csv,2026-02-27,1,train,REPEATED,25,84,repeated_peaks,derived_event_onset,295.6707651615143,295.6707651615143,295.83123993873596,0.16448664665222168
jaw,HR-2-27-26-(01).csv,/Users/yanivnaggar/Desktop/Spring 2026/IS/OPENBCI_runs/Yaniv/HR-2-27-26-(01).csv,2026-02-27,1,train,REPEATED,25,85,repeated_peaks,derived_event_onset,296.3888897895813,296.3888897895813,296.56541204452515,0.18053412437438965
jaw,HR-2-27-26-(01).csv,/Users/yanivnaggar/Desktop/Spring 2026/IS/OPENBCI_runs/Yaniv/HR-2-27-26-(01).csv,2026-02-27,1,train,REPEATED,25,86,repeated_peaks,derived_event_onset,297.13108563423157,297.13108563423157,297.3276672363281,0.2005934715270996
jaw,HR-2-27-26-(01).csv,/Users/yanivnaggar/Desktop/Spring 2026/IS/OPENBCI_runs/Yaniv/HR-2-27-26-(01).csv,2026-02-27,1,train,REPEATED,25,87,repeated_peaks,derived_event_onset,297.9374713897705,297.9374713897705,298.13405299186707,0.2005934715270996
jaw,HR-2-27-26-(01).csv,/Users/yanivnaggar/Desktop/Spring 2026/IS/OPENBCI_runs/Yaniv/HR-2-27-26-(01).csv,2026-02-27,1,train,REPEATED,25,88,repeated_peaks,derived_event_onset,298.5753586292267,298.5753586292267,298.7679283618927,0.19658160209655762
jaw,HR-2-27-26-(01).csv,/Users/yanivnaggar/Desktop/Spring 2026/IS/OPENBCI_runs/Yaniv/HR-2-27-26-(01).csv,2026-02-27,1,train,HOLD,27,89,hold_marker_edges,derived_event_onset,319.3006761074066,319.3006761074066,319.4972577095032,0.2005934715270996
jaw,HR-2-27-26-(01).csv,/Users/yanivnaggar/Desktop/Spring 2026/IS/OPENBCI_runs/Yaniv/HR-2-27-26-(01).csv,2026-02-27,1,train,REPEATED,29,90,repeated_peaks,derived_event_onset,334.2007591724396,334.2007591724396,334.39734077453613,0.2005934715270996
jaw,HR-2-27-26-(01).csv,/Users/yanivnaggar/Desktop/Spring 2026/IS/OPENBCI_runs/Yaniv/HR-2-27-26-(01).csv,2026-02-27,1,train,REPEATED,29,91,repeated_peaks,derived_event_onset,335.01115679740906,335.01115679740906,335.2077383995056,0.2005934715270996
jaw,HR-2-27-26-(01).csv,/Users/yanivnaggar/Desktop/Spring 2026/IS/OPENBCI_runs/Yaniv/HR-2-27-26-(01).csv,2026-02-27,1,train,REPEATED,29,92,repeated_peaks,derived_event_onset,335.7894594669342,335.7894594669342,335.98604106903076,0.2005934715270996
jaw,HR-2-27-26-(01).csv,/Users/yanivnaggar/Desktop/Spring 2026/IS/OPENBCI_runs/Yaniv/HR-2-27-26-(01).csv,2026-02-27,1,train,REPEATED,29,93,repeated_peaks,derived_event_onset,336.5316553115845,336.5316553115845,336.72823691368103,0.2005934715270996
jaw,HR-2-27-26-(01).csv,/Users/yanivnaggar/Desktop/Spring 2026/IS/OPENBCI_runs/Yaniv/HR-2-27-26-(01).csv,2026-02-27,1,train,REPEATED,29,94,repeated_peaks,derived_event_onset,337.31396985054016,337.31396985054016,337.5105514526367,0.2005934715270996
jaw,HR-2-27-26-(01).csv,/Users/yanivnaggar/Desktop/Spring 2026/IS/OPENBCI_runs/Yaniv/HR-2-27-26-(01).csv,2026-02-27,1,train,REPEATED,29,95,repeated_peaks,derived_event_onset,338.05616569519043,338.05616569519043,338.252747297287,0.2005934715270996
jaw,HR-2-27-26-(01).csv,/Users/yanivnaggar/Desktop/Spring 2026/IS/OPENBCI_runs/Yaniv/HR-2-27-26-(01).csv,2026-02-27,1,train,REPEATED,29,96,repeated_peaks,derived_event_onset,338.874587059021,338.874587059021,339.07116866111755,0.2005934715270996
jaw,HR-2-27-26-(01).csv,/Users/yanivnaggar/Desktop/Spring 2026/IS/OPENBCI_runs/Yaniv/HR-2-27-26-(01).csv,2026-02-27,1,train,REPEATED,29,97,repeated_peaks,derived_event_onset,339.6609134674072,339.6609134674072,339.8574950695038,0.2005934715270996
jaw,HR-2-27-26-(01).csv,/Users/yanivnaggar/Desktop/Spring 2026/IS/OPENBCI_runs/Yaniv/HR-2-27-26-(01).csv,2026-02-27,1,train,REPEATED,29,98,repeated_peaks,derived_event_onset,340.4793348312378,340.4793348312378,340.67591643333435,0.2005934715270996
jaw,HR-2-27-26-(01).csv,/Users/yanivnaggar/Desktop/Spring 2026/IS/OPENBCI_runs/Yaniv/HR-2-27-26-(01).csv,2026-02-27,1,train,REPEATED,29,99,repeated_peaks,derived_event_onset,341.3378748893738,341.3378748893738,341.5224208831787,0.18855786323547363
jaw,HR-2-27-26-(01).csv,/Users/yanivnaggar/Desktop/Spring 2026/IS/OPENBCI_runs/Yaniv/HR-2-27-26-(01).csv,2026-02-27,1,train,REPEATED,29,100,repeated_peaks,derived_event_onset,342.1161775588989,342.1161775588989,342.28868794441223,0.17652225494384766
jaw,HR-2-27-26-(01).csv,/Users/yanivnaggar/Desktop/Spring 2026/IS/OPENBCI_runs/Yaniv/HR-2-27-26-(01).csv,2026-02-27,1,train,REPEATED,29,101,repeated_peaks,derived_event_onset,342.9265751838684,342.9265751838684,343.0870499610901,0.16448664665222168
jaw,HR-2-27-26-(01).csv,/Users/yanivnaggar/Desktop/Spring 2026/IS/OPENBCI_runs/Yaniv/HR-2-27-26-(01).csv,2026-02-27,1,train,HOLD,31,102,hold_marker_edges,derived_event_onset,360.5507175922394,360.5507175922394,360.74729919433594,0.2005934715270996
jaw,HR-2-27-26-(01).csv,/Users/yanivnaggar/Desktop/Spring 2026/IS/OPENBCI_runs/Yaniv/HR-2-27-26-(01).csv,2026-02-27,1,train,REPEATED,33,103,repeated_peaks,derived_event_onset,375.53906178474426,375.53906178474426,375.71157217025757,0.17652225494384766
jaw,HR-2-27-26-(01).csv,/Users/yanivnaggar/Desktop/Spring 2026/IS/OPENBCI_runs/Yaniv/HR-2-27-26-(01).csv,2026-02-27,1,train,REPEATED,33,104,repeated_peaks,derived_event_onset,376.25317454338074,376.25317454338074,376.4216730594635,0.17251038551330566
jaw,HR-2-27-26-(01).csv,/Users/yanivnaggar/Desktop/Spring 2026/IS/OPENBCI_runs/Yaniv/HR-2-27-26-(01).csv,2026-02-27,1,train,REPEATED,33,105,repeated_peaks,derived_event_onset,376.9271686077118,376.9271686077118,377.0996789932251,0.17652225494384766
jaw,HR-2-27-26-(01).csv,/Users/yanivnaggar/Desktop/Spring 2026/IS/OPENBCI_runs/Yaniv/HR-2-27-26-(01).csv,2026-02-27,1,train,REPEATED,33,106,repeated_peaks,derived_event_onset,377.5891270637512,377.5891270637512,377.77367305755615,0.18855786323547363
jaw,HR-2-27-26-(01).csv,/Users/yanivnaggar/Desktop/Spring 2026/IS/OPENBCI_runs/Yaniv/HR-2-27-26-(01).csv,2026-02-27,1,train,REPEATED,33,107,repeated_peaks,derived_event_onset,378.3032398223877,378.3032398223877,378.47976207733154,0.18053412437438965
jaw,HR-2-27-26-(01).csv,/Users/yanivnaggar/Desktop/Spring 2026/IS/OPENBCI_runs/Yaniv/HR-2-27-26-(01).csv,2026-02-27,1,train,REPEATED,33,108,repeated_peaks,derived_event_onset,379.0494475364685,379.0494475364685,379.23399353027344,0.18855786323547363
jaw,HR-2-27-26-(01).csv,/Users/yanivnaggar/Desktop/Spring 2026/IS/OPENBCI_runs/Yaniv/HR-2-27-26-(01).csv,2026-02-27,1,train,REPEATED,33,109,repeated_peaks,derived_event_onset,379.6913466453552,379.6913466453552,379.8879282474518,0.2005934715270996
jaw,HR-2-27-26-(01).csv,/Users/yanivnaggar/Desktop/Spring 2026/IS/OPENBCI_runs/Yaniv/HR-2-27-26-(01).csv,2026-02-27,1,train,REPEATED,33,110,repeated_peaks,derived_event_onset,380.4054594039917,380.4054594039917,380.60204100608826,0.2005934715270996
jaw,HR-2-27-26-(01).csv,/Users/yanivnaggar/Desktop/Spring 2026/IS/OPENBCI_runs/Yaniv/HR-2-27-26-(01).csv,2026-02-27,1,train,REPEATED,33,111,repeated_peaks,derived_event_onset,381.09951281547546,381.09951281547546,381.28807067871094,0.19256973266601562
jaw,HR-2-27-26-(01).csv,/Users/yanivnaggar/Desktop/Spring 2026/IS/OPENBCI_runs/Yaniv/HR-2-27-26-(01).csv,2026-02-27,1,train,REPEATED,33,112,repeated_peaks,derived_event_onset,381.73740005493164,381.73740005493164,381.9339816570282,0.2005934715270996
jaw,HR-2-27-26-(01).csv,/Users/yanivnaggar/Desktop/Spring 2026/IS/OPENBCI_runs/Yaniv/HR-2-27-26-(01).csv,2026-02-27,1,train,REPEATED,33,113,repeated_peaks,derived_event_onset,382.4033703804016,382.4033703804016,382.59995198249817,0.2005934715270996
jaw,HR-2-27-26-(01).csv,/Users/yanivnaggar/Desktop/Spring 2026/IS/OPENBCI_runs/Yaniv/HR-2-27-26-(01).csv,2026-02-27,1,train,REPEATED,33,114,repeated_peaks,derived_event_onset,383.11347126960754,383.11347126960754,383.3100528717041,0.2005934715270996
jaw,HR-2-27-26-(01).csv,/Users/yanivnaggar/Desktop/Spring 2026/IS/OPENBCI_runs/Yaniv/HR-2-27-26-(01).csv,2026-02-27,1,train,HOLD,35,115,hold_marker_edges,derived_event_onset,399.875061750412,399.875061750412,400.07164335250854,0.2005934715270996
jaw,HR-2-27-26-(01).csv,/Users/yanivnaggar/Desktop/Spring 2026/IS/OPENBCI_runs/Yaniv/HR-2-27-26-(01).csv,2026-02-27,1,train,REPEATED,37,116,repeated_peaks,derived_event_onset,414.24958992004395,414.24958992004395,414.41407656669617,0.16849851608276367
jaw,HR-2-27-26-(01).csv,/Users/yanivnaggar/Desktop/Spring 2026/IS/OPENBCI_runs/Yaniv/HR-2-27-26-(01).csv,2026-02-27,1,train,REPEATED,37,117,repeated_peaks,derived_event_onset,414.85137033462524,414.85137033462524,415.0479519367218,0.2005934715270996
jaw,HR-2-27-26-(01).csv,/Users/yanivnaggar/Desktop/Spring 2026/IS/OPENBCI_runs/Yaniv/HR-2-27-26-(01).csv,2026-02-27,1,train,REPEATED,37,118,repeated_peaks,derived_event_onset,415.6376967430115,415.6376967430115,415.82625460624695,0.19256973266601562
jaw,HR-2-27-26-(01).csv,/Users/yanivnaggar/Desktop/Spring 2026/IS/OPENBCI_runs/Yaniv/HR-2-27-26-(01).csv,2026-02-27,1,train,REPEATED,37,119,repeated_peaks,derived_event_onset,416.263548374176,416.263548374176,416.4601299762726,0.2005934715270996
jaw,HR-2-27-26-(01).csv,/Users/yanivnaggar/Desktop/Spring 2026/IS/OPENBCI_runs/Yaniv/HR-2-27-26-(01).csv,2026-02-27,1,train,REPEATED,37,120,repeated_peaks,derived_event_onset,416.9214949607849,416.9214949607849,417.11807656288147,0.2005934715270996
jaw,HR-2-27-26-(01).csv,/Users/yanivnaggar/Desktop/Spring 2026/IS/OPENBCI_runs/Yaniv/HR-2-27-26-(01).csv,2026-02-27,1,train,REPEATED,37,121,repeated_peaks,derived_event_onset,417.62357211112976,417.62357211112976,417.8201537132263,0.2005934715270996
jaw,HR-2-27-26-(01).csv,/Users/yanivnaggar/Desktop/Spring 2026/IS/OPENBCI_runs/Yaniv/HR-2-27-26-(01).csv,2026-02-27,1,train,REPEATED,37,122,repeated_peaks,derived_event_onset,418.47408843040466,418.47408843040466,418.6425869464874,0.17251038551330566
jaw,HR-2-27-26-(01).csv,/Users/yanivnaggar/Desktop/Spring 2026/IS/OPENBCI_runs/Yaniv/HR-2-27-26-(01).csv,2026-02-27,1,train,REPEATED,37,123,repeated_peaks,derived_event_onset,419.1079638004303,419.1079638004303,419.27646231651306,0.17251038551330566
jaw,HR-2-27-26-(01).csv,/Users/yanivnaggar/Desktop/Spring 2026/IS/OPENBCI_runs/Yaniv/HR-2-27-26-(01).csv,2026-02-27,1,train,REPEATED,37,124,repeated_peaks,derived_event_onset,419.8341121673584,419.8341121673584,420.03069376945496,0.2005934715270996
jaw,HR-2-27-26-(01).csv,/Users/yanivnaggar/Desktop/Spring 2026/IS/OPENBCI_runs/Yaniv/HR-2-27-26-(01).csv,2026-02-27,1,train,REPEATED,37,125,repeated_peaks,derived_event_onset,420.48804688453674,420.48804688453674,420.6846284866333,0.2005934715270996
jaw,HR-2-27-26-(01).csv,/Users/yanivnaggar/Desktop/Spring 2026/IS/OPENBCI_runs/Yaniv/HR-2-27-26-(01).csv,2026-02-27,1,train,REPEATED,37,126,repeated_peaks,derived_event_onset,421.1981477737427,421.1981477737427,421.3826937675476,0.18855786323547363
jaw,HR-2-27-26-(01).csv,/Users/yanivnaggar/Desktop/Spring 2026/IS/OPENBCI_runs/Yaniv/HR-2-27-26-(01).csv,2026-02-27,1,train,REPEATED,37,127,repeated_peaks,derived_event_onset,421.9443554878235,421.9443554878235,422.1088421344757,0.16849851608276367
jaw,HR-2-27-26-(01).csv,/Users/yanivnaggar/Desktop/Spring 2026/IS/OPENBCI_runs/Yaniv/HR-2-27-26-(01).csv,2026-02-27,1,train,HOLD,39,128,hold_marker_edges,derived_event_onset,440.19033765792847,440.19033765792847,440.386919260025,0.2005934715270996
jaw,HR-2-27-26-(01).csv,/Users/yanivnaggar/Desktop/Spring 2026/IS/OPENBCI_runs/Yaniv/HR-2-27-26-(01).csv,2026-02-27,1,train,REPEATED,41,129,repeated_peaks,derived_event_onset,454.4645690917969,454.4645690917969,454.6009726524353,0.14041543006896973
jaw,HR-2-27-26-(01).csv,/Users/yanivnaggar/Desktop/Spring 2026/IS/OPENBCI_runs/Yaniv/HR-2-27-26-(01).csv,2026-02-27,1,train,REPEATED,41,130,repeated_peaks,derived_event_onset,455.0783851146698,455.0783851146698,455.2388598918915,0.16448664665222168
jaw,HR-2-27-26-(01).csv,/Users/yanivnaggar/Desktop/Spring 2026/IS/OPENBCI_runs/Yaniv/HR-2-27-26-(01).csv,2026-02-27,1,train,REPEATED,41,131,repeated_peaks,derived_event_onset,455.80854535102844,455.80854535102844,455.95297265052795,0.1484391689300537
jaw,HR-2-27-26-(01).csv,/Users/yanivnaggar/Desktop/Spring 2026/IS/OPENBCI_runs/Yaniv/HR-2-27-26-(01).csv,2026-02-27,1,train,REPEATED,41,132,repeated_peaks,derived_event_onset,456.4624800682068,456.4624800682068,456.6189429759979,0.1604747772216797
jaw,HR-2-27-26-(01).csv,/Users/yanivnaggar/Desktop/Spring 2026/IS/OPENBCI_runs/Yaniv/HR-2-27-26-(01).csv,2026-02-27,1,train,REPEATED,41,133,repeated_peaks,derived_event_onset,457.16455721855164,457.16455721855164,457.32904386520386,0.16849851608276367
jaw,HR-2-27-26-(01).csv,/Users/yanivnaggar/Desktop/Spring 2026/IS/OPENBCI_runs/Yaniv/HR-2-27-26-(01).csv,2026-02-27,1,train,REPEATED,41,134,repeated_peaks,derived_event_onset,457.8786699771881,457.8786699771881,458.02710914611816,0.1524510383605957
jaw,HR-2-27-26-(01).csv,/Users/yanivnaggar/Desktop/Spring 2026/IS/OPENBCI_runs/Yaniv/HR-2-27-26-(01).csv,2026-02-27,1,train,REPEATED,41,135,repeated_peaks,derived_event_onset,458.58877086639404,458.58877086639404,458.7372100353241,0.1524510383605957
jaw,HR-2-27-26-(01).csv,/Users/yanivnaggar/Desktop/Spring 2026/IS/OPENBCI_runs/Yaniv/HR-2-27-26-(01).csv,2026-02-27,1,train,REPEATED,41,136,repeated_peaks,derived_event_onset,459.2748005390167,459.2748005390167,459.41922783851624,0.1484391689300537
jaw,HR-2-27-26-(01).csv,/Users/yanivnaggar/Desktop/Spring 2026/IS/OPENBCI_runs/Yaniv/HR-2-27-26-(01).csv,2026-02-27,1,train,REPEATED,41,137,repeated_peaks,derived_event_onset,460.01298451423645,460.01298451423645,460.15741181373596,0.1484391689300537
jaw,HR-2-27-26-(01).csv,/Users/yanivnaggar/Desktop/Spring 2026/IS/OPENBCI_runs/Yaniv/HR-2-27-26-(01).csv,2026-02-27,1,train,REPEATED,41,138,repeated_peaks,derived_event_onset,460.7270972728729,460.7270972728729,460.87152457237244,0.1484391689300537
jaw,HR-2-27-26-(01).csv,/Users/yanivnaggar/Desktop/Spring 2026/IS/OPENBCI_runs/Yaniv/HR-2-27-26-(01).csv,2026-02-27,1,train,REPEATED,41,139,repeated_peaks,derived_event_onset,461.4291744232178,461.4291744232178,461.58162546157837,0.1564629077911377
jaw,HR-2-27-26-(01).csv,/Users/yanivnaggar/Desktop/Spring 2026/IS/OPENBCI_runs/Yaniv/HR-2-27-26-(01).csv,2026-02-27,1,train,REPEATED,41,140,repeated_peaks,derived_event_onset,462.19142961502075,462.19142961502075,462.3478925228119,0.1604747772216797
jaw,HR-2-27-26-(01).csv,/Users/yanivnaggar/Desktop/Spring 2026/IS/OPENBCI_runs/Yaniv/HR-2-27-26-(01).csv,2026-02-27,1,train,REPEATED,41,141,repeated_peaks,derived_event_onset,462.7571032047272,462.7571032047272,462.95368480682373,0.2005934715270996
jaw,HR-2-27-26-(01).csv,/Users/yanivnaggar/Desktop/Spring 2026/IS/OPENBCI_runs/Yaniv/HR-2-27-26-(01).csv,2026-02-27,1,train,HOLD,43,142,hold_marker_edges,derived_event_onset,479.54276490211487,479.54276490211487,479.7393465042114,0.2005934715270996
jaw,HR-2-27-26-(01).csv,/Users/yanivnaggar/Desktop/Spring 2026/IS/OPENBCI_runs/Yaniv/HR-2-27-26-(01).csv,2026-02-27,1,train,REPEATED,45,143,repeated_peaks,derived_event_onset,494.8681061267853,494.8681061267853,494.9924740791321,0.12837982177734375
jaw,HR-2-27-26-(01).csv,/Users/yanivnaggar/Desktop/Spring 2026/IS/OPENBCI_runs/Yaniv/HR-2-27-26-(01).csv,2026-02-27,1,train,REPEATED,45,144,repeated_peaks,derived_event_onset,495.4738984107971,495.4738984107971,495.61030197143555,0.14041543006896973
jaw,HR-2-27-26-(01).csv,/Users/yanivnaggar/Desktop/Spring 2026/IS/OPENBCI_runs/Yaniv/HR-2-27-26-(01).csv,2026-02-27,1,train,REPEATED,45,145,repeated_peaks,derived_event_onset,496.10777378082275,496.10777378082275,496.26022481918335,0.1564629077911377
jaw,HR-2-27-26-(01).csv,/Users/yanivnaggar/Desktop/Spring 2026/IS/OPENBCI_runs/Yaniv/HR-2-27-26-(01).csv,2026-02-27,1,train,REPEATED,45,146,repeated_peaks,derived_event_onset,496.6654236316681,496.6654236316681,496.849969625473,0.18855786323547363
jaw,HR-2-27-26-(01).csv,/Users/yanivnaggar/Desktop/Spring 2026/IS/OPENBCI_runs/Yaniv/HR-2-27-26-(01).csv,2026-02-27,1,train,REPEATED,45,147,repeated_peaks,derived_event_onset,497.3273820877075,497.3273820877075,497.515939950943,0.19256973266601562
jaw,HR-2-27-26-(01).csv,/Users/yanivnaggar/Desktop/Spring 2026/IS/OPENBCI_runs/Yaniv/HR-2-27-26-(01).csv,2026-02-27,1,train,REPEATED,45,148,repeated_peaks,derived_event_onset,497.9091031551361,497.9091031551361,498.07358980178833,0.16849851608276367
jaw,HR-2-27-26-(01).csv,/Users/yanivnaggar/Desktop/Spring 2026/IS/OPENBCI_runs/Yaniv/HR-2-27-26-(01).csv,2026-02-27,1,train,REPEATED,45,149,repeated_peaks,derived_event_onset,498.59112095832825,498.59112095832825,498.7515957355499,0.16448664665222168
jaw,HR-2-27-26-(01).csv,/Users/yanivnaggar/Desktop/Spring 2026/IS/OPENBCI_runs/Yaniv/HR-2-27-26-(01).csv,2026-02-27,1,train,REPEATED,45,150,repeated_peaks,derived_event_onset,499.1768538951874,499.1768538951874,499.36541175842285,0.19256973266601562
jaw,HR-2-27-26-(01).csv,/Users/yanivnaggar/Desktop/Spring 2026/IS/OPENBCI_runs/Yaniv/HR-2-27-26-(01).csv,2026-02-27,1,train,REPEATED,45,151,repeated_peaks,derived_event_onset,499.78665804862976,499.78665804862976,499.97521591186523,0.19256973266601562
jaw,HR-2-27-26-(01).csv,/Users/yanivnaggar/Desktop/Spring 2026/IS/OPENBCI_runs/Yaniv/HR-2-27-26-(01).csv,2026-02-27,1,train,REPEATED,45,152,repeated_peaks,derived_event_onset,500.44059276580816,500.44059276580816,500.6331624984742,0.19658160209655762
jaw,HR-2-27-26-(01).csv,/Users/yanivnaggar/Desktop/Spring 2026/IS/OPENBCI_runs/Yaniv/HR-2-27-26-(01).csv,2026-02-27,1,train,REPEATED,45,153,repeated_peaks,derived_event_onset,501.0945274829865,501.0945274829865,501.27104973793035,0.18053412437438965
jaw,HR-2-27-26-(01).csv,/Users/yanivnaggar/Desktop/Spring 2026/IS/OPENBCI_runs/Yaniv/HR-2-27-26-(01).csv,2026-02-27,1,train,REPEATED,45,154,repeated_peaks,derived_event_onset,501.74846220016485,501.74846220016485,501.9450438022614,0.2005934715270996
jaw,HR-2-27-26-(01).csv,/Users/yanivnaggar/Desktop/Spring 2026/IS/OPENBCI_runs/Yaniv/HR-2-27-26-(01).csv,2026-02-27,1,train,REPEATED,45,155,repeated_peaks,derived_event_onset,502.3943731784821,502.3943731784821,502.59095478057867,0.2005934715270996
jaw,HR-2-27-26-(01).csv,/Users/yanivnaggar/Desktop/Spring 2026/IS/OPENBCI_runs/Yaniv/HR-2-27-26-(01).csv,2026-02-27,1,train,REPEATED,45,156,repeated_peaks,derived_event_onset,503.0442960262299,503.0442960262299,503.2047708034516,0.16448664665222168
jaw,HR-3-15-26-(03).csv,/Users/yanivnaggar/Desktop/Spring 2026/IS/OPENBCI_runs/Yaniv/HR-3-15-26-(03).csv,2026-03-15,3,test,HOLD,1,0,hold_marker_edges,derived_event_onset,45.15095520019531,45.15095520019531,45.34759521484375,0.200653076171875
jaw,HR-3-15-26-(03).csv,/Users/yanivnaggar/Desktop/Spring 2026/IS/OPENBCI_runs/Yaniv/HR-3-15-26-(03).csv,2026-03-15,3,test,REPEATED,3,1,repeated_peaks,derived_event_onset,60.10362243652344,60.10362243652344,60.22802734375,0.12841796875
jaw,HR-3-15-26-(03).csv,/Users/yanivnaggar/Desktop/Spring 2026/IS/OPENBCI_runs/Yaniv/HR-3-15-26-(03).csv,2026-03-15,3,test,REPEATED,3,2,repeated_peaks,derived_event_onset,60.59722900390625,60.59722900390625,60.75775146484375,0.1645355224609375
jaw,HR-3-15-26-(03).csv,/Users/yanivnaggar/Desktop/Spring 2026/IS/OPENBCI_runs/Yaniv/HR-3-15-26-(03).csv,2026-03-15,3,test,REPEATED,3,3,repeated_peaks,derived_event_onset,61.17109680175781,61.17109680175781,61.33563232421875,0.168548583984375
jaw,HR-3-15-26-(03).csv,/Users/yanivnaggar/Desktop/Spring 2026/IS/OPENBCI_runs/Yaniv/HR-3-15-26-(03).csv,2026-03-15,3,test,REPEATED,3,4,repeated_peaks,derived_event_onset,61.79713439941406,61.79713439941406,61.94561767578125,0.152496337890625
jaw,HR-3-15-26-(03).csv,/Users/yanivnaggar/Desktop/Spring 2026/IS/OPENBCI_runs/Yaniv/HR-3-15-26-(03).csv,2026-03-15,3,test,REPEATED,3,5,repeated_peaks,derived_event_onset,62.38304138183594,62.38304138183594,62.52751159667969,0.1484832763671875
jaw,HR-3-15-26-(03).csv,/Users/yanivnaggar/Desktop/Spring 2026/IS/OPENBCI_runs/Yaniv/HR-3-15-26-(03).csv,2026-03-15,3,test,REPEATED,3,6,repeated_peaks,derived_event_onset,62.96894836425781,62.96894836425781,63.117431640625,0.152496337890625
jaw,HR-3-15-26-(03).csv,/Users/yanivnaggar/Desktop/Spring 2026/IS/OPENBCI_runs/Yaniv/HR-3-15-26-(03).csv,2026-03-15,3,test,REPEATED,3,7,repeated_peaks,derived_event_onset,63.502685546875,63.502685546875,63.69129943847656,0.192626953125
jaw,HR-3-15-26-(03).csv,/Users/yanivnaggar/Desktop/Spring 2026/IS/OPENBCI_runs/Yaniv/HR-3-15-26-(03).csv,2026-03-15,3,test,REPEATED,3,8,repeated_peaks,derived_event_onset,64.08457946777344,64.08457946777344,64.25312805175781,0.1725616455078125
jaw,HR-3-15-26-(03).csv,/Users/yanivnaggar/Desktop/Spring 2026/IS/OPENBCI_runs/Yaniv/HR-3-15-26-(03).csv,2026-03-15,3,test,REPEATED,3,9,repeated_peaks,derived_event_onset,64.68252563476562,64.68252563476562,64.86311340332031,0.184600830078125
jaw,HR-3-15-26-(03).csv,/Users/yanivnaggar/Desktop/Spring 2026/IS/OPENBCI_runs/Yaniv/HR-3-15-26-(03).csv,2026-03-15,3,test,REPEATED,3,10,repeated_peaks,derived_event_onset,65.24836730957031,65.24836730957031,65.43296813964844,0.1886138916015625
jaw,HR-3-15-26-(03).csv,/Users/yanivnaggar/Desktop/Spring 2026/IS/OPENBCI_runs/Yaniv/HR-3-15-26-(03).csv,2026-03-15,3,test,REPEATED,3,11,repeated_peaks,derived_event_onset,65.82223510742188,65.82223510742188,65.99880981445312,0.1805877685546875
jaw,HR-3-15-26-(03).csv,/Users/yanivnaggar/Desktop/Spring 2026/IS/OPENBCI_runs/Yaniv/HR-3-15-26-(03).csv,2026-03-15,3,test,REPEATED,3,12,repeated_peaks,derived_event_onset,66.41616821289062,66.41616821289062,66.60076904296875,0.1886138916015625
jaw,HR-3-15-26-(03).csv,/Users/yanivnaggar/Desktop/Spring 2026/IS/OPENBCI_runs/Yaniv/HR-3-15-26-(03).csv,2026-03-15,3,test,REPEATED,3,13,repeated_peaks,derived_event_onset,67.23483276367188,67.23483276367188,67.35923767089844,0.12841796875
jaw,HR-3-15-26-(03).csv,/Users/yanivnaggar/Desktop/Spring 2026/IS/OPENBCI_runs/Yaniv/HR-3-15-26-(03).csv,2026-03-15,3,test,REPEATED,3,14,repeated_peaks,derived_event_onset,68.00132751464844,68.00132751464844,68.08560180664062,0.088287353515625
jaw,HR-3-15-26-(03).csv,/Users/yanivnaggar/Desktop/Spring 2026/IS/OPENBCI_runs/Yaniv/HR-3-15-26-(03).csv,2026-03-15,3,test,HOLD,5,15,hold_marker_edges,derived_event_onset,83.99337768554688,83.99337768554688,84.19001770019531,0.200653076171875
jaw,HR-3-15-26-(03).csv,/Users/yanivnaggar/Desktop/Spring 2026/IS/OPENBCI_runs/Yaniv/HR-3-15-26-(03).csv,2026-03-15,3,test,REPEATED,7,16,repeated_peaks,derived_event_onset,99.16275024414062,99.16275024414062,99.2991943359375,0.1404571533203125
jaw,HR-3-15-26-(03).csv,/Users/yanivnaggar/Desktop/Spring 2026/IS/OPENBCI_runs/Yaniv/HR-3-15-26-(03).csv,2026-03-15,3,test,REPEATED,7,17,repeated_peaks,derived_event_onset,99.76069641113281,99.76069641113281,99.86102294921875,0.104339599609375
jaw,HR-3-15-26-(03).csv,/Users/yanivnaggar/Desktop/Spring 2026/IS/OPENBCI_runs/Yaniv/HR-3-15-26-(03).csv,2026-03-15,3,test,REPEATED,7,18,repeated_peaks,derived_event_onset,100.23825073242188,100.23825073242188,100.38272094726562,0.1484832763671875
jaw,HR-3-15-26-(03).csv,/Users/yanivnaggar/Desktop/Spring 2026/IS/OPENBCI_runs/Yaniv/HR-3-15-26-(03).csv,2026-03-15,3,test,REPEATED,7,19,repeated_peaks,derived_event_onset,100.86027526855469,100.86027526855469,100.98869323730469,0.1324310302734375
jaw,HR-3-15-26-(03).csv,/Users/yanivnaggar/Desktop/Spring 2026/IS/OPENBCI_runs/Yaniv/HR-3-15-26-(03).csv,2026-03-15,3,test,REPEATED,7,20,repeated_peaks,derived_event_onset,101.41407775878906,101.41407775878906,101.56657409667969,0.1565093994140625
jaw,HR-3-15-26-(03).csv,/Users/yanivnaggar/Desktop/Spring 2026/IS/OPENBCI_runs/Yaniv/HR-3-15-26-(03).csv,2026-03-15,3,test,REPEATED,7,21,repeated_peaks,derived_event_onset,101.96788024902344,101.96788024902344,102.10833740234375,0.14447021484375
jaw,HR-3-15-26-(03).csv,/Users/yanivnaggar/Desktop/Spring 2026/IS/OPENBCI_runs/Yaniv/HR-3-15-26-(03).csv,2026-03-15,3,test,REPEATED,7,22,repeated_peaks,derived_event_onset,102.4775390625,102.4775390625,102.63404846191406,0.1605224609375
jaw,HR-3-15-26-(03).csv,/Users/yanivnaggar/Desktop/Spring 2026/IS/OPENBCI_runs/Yaniv/HR-3-15-26-(03).csv,2026-03-15,3,test,REPEATED,7,23,repeated_peaks,derived_event_onset,103.07548522949219,103.07548522949219,103.23199462890625,0.1605224609375
jaw,HR-3-15-26-(03).csv,/Users/yanivnaggar/Desktop/Spring 2026/IS/OPENBCI_runs/Yaniv/HR-3-15-26-(03).csv,2026-03-15,3,test,REPEATED,7,24,repeated_peaks,derived_event_onset,103.60520935058594,103.60520935058594,103.76573181152344,0.1645355224609375
jaw,HR-3-15-26-(03).csv,/Users/yanivnaggar/Desktop/Spring 2026/IS/OPENBCI_runs/Yaniv/HR-3-15-26-(03).csv,2026-03-15,3,test,REPEATED,7,25,repeated_peaks,derived_event_onset,104.23124694824219,104.23124694824219,104.38775634765625,0.1605224609375
jaw,HR-3-15-26-(03).csv,/Users/yanivnaggar/Desktop/Spring 2026/IS/OPENBCI_runs/Yaniv/HR-3-15-26-(03).csv,2026-03-15,3,test,REPEATED,7,26,repeated_peaks,derived_event_onset,104.74893188476562,104.74893188476562,104.91346740722656,0.168548583984375
jaw,HR-3-15-26-(03).csv,/Users/yanivnaggar/Desktop/Spring 2026/IS/OPENBCI_runs/Yaniv/HR-3-15-26-(03).csv,2026-03-15,3,test,REPEATED,7,27,repeated_peaks,derived_event_onset,105.302734375,105.302734375,105.44319152832031,0.14447021484375
jaw,HR-3-15-26-(03).csv,/Users/yanivnaggar/Desktop/Spring 2026/IS/OPENBCI_runs/Yaniv/HR-3-15-26-(03).csv,2026-03-15,3,test,REPEATED,7,28,repeated_peaks,derived_event_onset,105.90469360351562,105.90469360351562,106.02107238769531,0.120391845703125
jaw,HR-3-15-26-(03).csv,/Users/yanivnaggar/Desktop/Spring 2026/IS/OPENBCI_runs/Yaniv/HR-3-15-26-(03).csv,2026-03-15,3,test,REPEATED,7,29,repeated_peaks,derived_event_onset,106.38224792480469,106.38224792480469,106.53875732421875,0.1605224609375
jaw,HR-3-15-26-(03).csv,/Users/yanivnaggar/Desktop/Spring 2026/IS/OPENBCI_runs/Yaniv/HR-3-15-26-(03).csv,2026-03-15,3,test,REPEATED,7,30,repeated_peaks,derived_event_onset,106.97618103027344,106.97618103027344,107.10861206054688,0.136444091796875
jaw,HR-3-15-26-(03).csv,/Users/yanivnaggar/Desktop/Spring 2026/IS/OPENBCI_runs/Yaniv/HR-3-15-26-(03).csv,2026-03-15,3,test,HOLD,9,31,hold_marker_edges,derived_event_onset,123.41769409179688,123.41769409179688,123.61433410644531,0.200653076171875
jaw,HR-3-15-26-(03).csv,/Users/yanivnaggar/Desktop/Spring 2026/IS/OPENBCI_runs/Yaniv/HR-3-15-26-(03).csv,2026-03-15,3,test,REPEATED,11,32,repeated_peaks,derived_event_onset,138.627197265625,138.627197265625,138.73153686523438,0.1083526611328125
jaw,HR-3-15-26-(03).csv,/Users/yanivnaggar/Desktop/Spring 2026/IS/OPENBCI_runs/Yaniv/HR-3-15-26-(03).csv,2026-03-15,3,test,REPEATED,11,33,repeated_peaks,derived_event_onset,139.21310424804688,139.21310424804688,139.3013916015625,0.0923004150390625
jaw,HR-3-15-26-(03).csv,/Users/yanivnaggar/Desktop/Spring 2026/IS/OPENBCI_runs/Yaniv/HR-3-15-26-(03).csv,2026-03-15,3,test,REPEATED,11,34,repeated_peaks,derived_event_onset,139.79098510742188,139.79098510742188,139.90736389160156,0.120391845703125
jaw,HR-3-15-26-(03).csv,/Users/yanivnaggar/Desktop/Spring 2026/IS/OPENBCI_runs/Yaniv/HR-3-15-26-(03).csv,2026-03-15,3,test,REPEATED,11,35,repeated_peaks,derived_event_onset,140.2845916748047,140.2845916748047,140.4049835205078,0.1244049072265625
jaw,HR-3-15-26-(03).csv,/Users/yanivnaggar/Desktop/Spring 2026/IS/OPENBCI_runs/Yaniv/HR-3-15-26-(03).csv,2026-03-15,3,test,REPEATED,11,36,repeated_peaks,derived_event_onset,141.0149688720703,141.0149688720703,141.14739990234375,0.136444091796875
jaw,HR-3-15-26-(03).csv,/Users/yanivnaggar/Desktop/Spring 2026/IS/OPENBCI_runs/Yaniv/HR-3-15-26-(03).csv,2026-03-15,3,test,REPEATED,11,37,repeated_peaks,derived_event_onset,141.62896728515625,141.62896728515625,141.78146362304688,0.1565093994140625
jaw,HR-3-15-26-(03).csv,/Users/yanivnaggar/Desktop/Spring 2026/IS/OPENBCI_runs/Yaniv/HR-3-15-26-(03).csv,2026-03-15,3,test,REPEATED,11,38,repeated_peaks,derived_event_onset,142.24697875976562,142.24697875976562,142.4034881591797,0.1605224609375
jaw,HR-3-15-26-(03).csv,/Users/yanivnaggar/Desktop/Spring 2026/IS/OPENBCI_runs/Yaniv/HR-3-15-26-(03).csv,2026-03-15,3,test,REPEATED,11,39,repeated_peaks,derived_event_onset,142.92117309570312,142.92117309570312,143.09774780273438,0.1805877685546875
jaw,HR-3-15-26-(03).csv,/Users/yanivnaggar/Desktop/Spring 2026/IS/OPENBCI_runs/Yaniv/HR-3-15-26-(03).csv,2026-03-15,3,test,REPEATED,11,40,repeated_peaks,derived_event_onset,143.6796417236328,143.6796417236328,143.83213806152344,0.1565093994140625
jaw,HR-3-15-26-(03).csv,/Users/yanivnaggar/Desktop/Spring 2026/IS/OPENBCI_runs/Yaniv/HR-3-15-26-(03).csv,2026-03-15,3,test,REPEATED,11,41,repeated_peaks,derived_event_onset,144.34580993652344,144.34580993652344,144.4822540283203,0.1404571533203125
jaw,HR-3-15-26-(03).csv,/Users/yanivnaggar/Desktop/Spring 2026/IS/OPENBCI_runs/Yaniv/HR-3-15-26-(03).csv,2026-03-15,3,test,REPEATED,11,42,repeated_peaks,derived_event_onset,144.92770385742188,144.92770385742188,145.10829162597656,0.184600830078125
jaw,HR-3-15-26-(03).csv,/Users/yanivnaggar/Desktop/Spring 2026/IS/OPENBCI_runs/Yaniv/HR-3-15-26-(03).csv,2026-03-15,3,test,REPEATED,11,43,repeated_peaks,derived_event_onset,145.66610717773438,145.66610717773438,145.81459045410156,0.152496337890625
jaw,HR-3-15-26-(03).csv,/Users/yanivnaggar/Desktop/Spring 2026/IS/OPENBCI_runs/Yaniv/HR-3-15-26-(03).csv,2026-03-15,3,test,REPEATED,11,44,repeated_peaks,derived_event_onset,146.27207946777344,146.27207946777344,146.46871948242188,0.200653076171875
jaw,HR-3-15-26-(03).csv,/Users/yanivnaggar/Desktop/Spring 2026/IS/OPENBCI_runs/Yaniv/HR-3-15-26-(03).csv,2026-03-15,3,test,REPEATED,11,45,repeated_peaks,derived_event_onset,146.9623260498047,146.9623260498047,147.06666564941406,0.1083526611328125
jaw,HR-3-15-26-(03).csv,/Users/yanivnaggar/Desktop/Spring 2026/IS/OPENBCI_runs/Yaniv/HR-3-15-26-(03).csv,2026-03-15,3,test,HOLD,13,46,hold_marker_edges,derived_event_onset,162.87010192871094,162.87010192871094,163.06674194335938,0.200653076171875
jaw,HR-3-15-26-(03).csv,/Users/yanivnaggar/Desktop/Spring 2026/IS/OPENBCI_runs/Yaniv/HR-3-15-26-(03).csv,2026-03-15,3,test,REPEATED,15,47,repeated_peaks,derived_event_onset,177.28501892089844,177.28501892089844,177.409423828125,0.12841796875
jaw,HR-3-15-26-(03).csv,/Users/yanivnaggar/Desktop/Spring 2026/IS/OPENBCI_runs/Yaniv/HR-3-15-26-(03).csv,2026-03-15,3,test,REPEATED,15,48,repeated_peaks,derived_event_onset,178.00335693359375,178.00335693359375,178.12374877929688,0.1244049072265625
jaw,HR-3-15-26-(03).csv,/Users/yanivnaggar/Desktop/Spring 2026/IS/OPENBCI_runs/Yaniv/HR-3-15-26-(03).csv,2026-03-15,3,test,REPEATED,15,49,repeated_peaks,derived_event_onset,178.59327697753906,178.59327697753906,178.72169494628906,0.1324310302734375
jaw,HR-3-15-26-(03).csv,/Users/yanivnaggar/Desktop/Spring 2026/IS/OPENBCI_runs/Yaniv/HR-3-15-26-(03).csv,2026-03-15,3,test,REPEATED,15,50,repeated_peaks,derived_event_onset,179.22332763671875,179.22332763671875,179.3557586669922,0.136444091796875
jaw,HR-3-15-26-(03).csv,/Users/yanivnaggar/Desktop/Spring 2026/IS/OPENBCI_runs/Yaniv/HR-3-15-26-(03).csv,2026-03-15,3,test,REPEATED,15,51,repeated_peaks,derived_event_onset,179.76910400390625,179.76910400390625,179.89752197265625,0.1324310302734375
jaw,HR-3-15-26-(03).csv,/Users/yanivnaggar/Desktop/Spring 2026/IS/OPENBCI_runs/Yaniv/HR-3-15-26-(03).csv,2026-03-15,3,test,REPEATED,15,52,repeated_peaks,derived_event_onset,180.363037109375,180.363037109375,180.4794158935547,0.120391845703125
jaw,HR-3-15-26-(03).csv,/Users/yanivnaggar/Desktop/Spring 2026/IS/OPENBCI_runs/Yaniv/HR-3-15-26-(03).csv,2026-03-15,3,test,REPEATED,15,53,repeated_peaks,derived_event_onset,180.8446044921875,180.8446044921875,180.99710083007812,0.1565093994140625
jaw,HR-3-15-26-(03).csv,/Users/yanivnaggar/Desktop/Spring 2026/IS/OPENBCI_runs/Yaniv/HR-3-15-26-(03).csv,2026-03-15,3,test,REPEATED,15,54,repeated_peaks,derived_event_onset,181.46261596679688,181.46261596679688,181.6151123046875,0.1565093994140625
jaw,HR-3-15-26-(03).csv,/Users/yanivnaggar/Desktop/Spring 2026/IS/OPENBCI_runs/Yaniv/HR-3-15-26-(03).csv,2026-03-15,3,test,REPEATED,15,55,repeated_peaks,derived_event_onset,181.97628784179688,181.97628784179688,182.13681030273438,0.1645355224609375
jaw,HR-3-15-26-(03).csv,/Users/yanivnaggar/Desktop/Spring 2026/IS/OPENBCI_runs/Yaniv/HR-3-15-26-(03).csv,2026-03-15,3,test,REPEATED,15,56,repeated_peaks,derived_event_onset,182.546142578125,182.546142578125,182.71469116210938,0.1725616455078125
jaw,HR-3-15-26-(03).csv,/Users/yanivnaggar/Desktop/Spring 2026/IS/OPENBCI_runs/Yaniv/HR-3-15-26-(03).csv,2026-03-15,3,test,REPEATED,15,57,repeated_peaks,derived_event_onset,183.0718536376953,183.0718536376953,183.24441528320312,0.17657470703125
jaw,HR-3-15-26-(03).csv,/Users/yanivnaggar/Desktop/Spring 2026/IS/OPENBCI_runs/Yaniv/HR-3-15-26-(03).csv,2026-03-15,3,test,REPEATED,15,58,repeated_peaks,derived_event_onset,183.61361694335938,183.61361694335938,183.79420471191406,0.184600830078125
jaw,HR-3-15-26-(03).csv,/Users/yanivnaggar/Desktop/Spring 2026/IS/OPENBCI_runs/Yaniv/HR-3-15-26-(03).csv,2026-03-15,3,test,REPEATED,15,59,repeated_peaks,derived_event_onset,184.17544555664062,184.17544555664062,184.37208557128906,0.200653076171875
jaw,HR-3-15-26-(03).csv,/Users/yanivnaggar/Desktop/Spring 2026/IS/OPENBCI_runs/Yaniv/HR-3-15-26-(03).csv,2026-03-15,3,test,REPEATED,15,60,repeated_peaks,derived_event_onset,184.8054962158203,184.8054962158203,185.00213623046875,0.200653076171875
jaw,HR-3-15-26-(03).csv,/Users/yanivnaggar/Desktop/Spring 2026/IS/OPENBCI_runs/Yaniv/HR-3-15-26-(03).csv,2026-03-15,3,test,REPEATED,15,61,repeated_peaks,derived_event_onset,185.435546875,185.435546875,185.63218688964844,0.200653076171875
jaw,HR-3-15-26-(03).csv,/Users/yanivnaggar/Desktop/Spring 2026/IS/OPENBCI_runs/Yaniv/HR-3-15-26-(03).csv,2026-03-15,3,test,HOLD,17,62,hold_marker_edges,derived_event_onset,201.8850860595703,201.8850860595703,202.08172607421875,0.200653076171875
jaw,HR-3-15-26-(03).csv,/Users/yanivnaggar/Desktop/Spring 2026/IS/OPENBCI_runs/Yaniv/HR-3-15-26-(03).csv,2026-03-15,3,test,REPEATED,19,63,repeated_peaks,derived_event_onset,216.82972717285156,216.82972717285156,216.9741973876953,0.1484832763671875
jaw,HR-3-15-26-(03).csv,/Users/yanivnaggar/Desktop/Spring 2026/IS/OPENBCI_runs/Yaniv/HR-3-15-26-(03).csv,2026-03-15,3,test,REPEATED,19,64,repeated_peaks,derived_event_onset,217.50392150878906,217.50392150878906,217.63233947753906,0.1324310302734375
jaw,HR-3-15-26-(03).csv,/Users/yanivnaggar/Desktop/Spring 2026/IS/OPENBCI_runs/Yaniv/HR-3-15-26-(03).csv,2026-03-15,3,test,REPEATED,19,65,repeated_peaks,derived_event_onset,218.1379852294922,218.1379852294922,218.27442932128906,0.1404571533203125
jaw,HR-3-15-26-(03).csv,/Users/yanivnaggar/Desktop/Spring 2026/IS/OPENBCI_runs/Yaniv/HR-3-15-26-(03).csv,2026-03-15,3,test,REPEATED,19,66,repeated_peaks,derived_event_onset,218.7078399658203,218.7078399658203,218.84027099609375,0.136444091796875
jaw,HR-3-15-26-(03).csv,/Users/yanivnaggar/Desktop/Spring 2026/IS/OPENBCI_runs/Yaniv/HR-3-15-26-(03).csv,2026-03-15,3,test,REPEATED,19,67,repeated_peaks,derived_event_onset,219.23756408691406,219.23756408691406,219.38604736328125,0.152496337890625
jaw,HR-3-15-26-(03).csv,/Users/yanivnaggar/Desktop/Spring 2026/IS/OPENBCI_runs/Yaniv/HR-3-15-26-(03).csv,2026-03-15,3,test,REPEATED,19,68,repeated_peaks,derived_event_onset,219.82748413085938,219.82748413085938,219.9679412841797,0.14447021484375
jaw,HR-3-15-26-(03).csv,/Users/yanivnaggar/Desktop/Spring 2026/IS/OPENBCI_runs/Yaniv/HR-3-15-26-(03).csv,2026-03-15,3,test,REPEATED,19,69,repeated_peaks,derived_event_onset,220.38128662109375,220.38128662109375,220.53378295898438,0.1565093994140625
jaw,HR-3-15-26-(03).csv,/Users/yanivnaggar/Desktop/Spring 2026/IS/OPENBCI_runs/Yaniv/HR-3-15-26-(03).csv,2026-03-15,3,test,REPEATED,19,70,repeated_peaks,derived_event_onset,220.97923278808594,220.97923278808594,221.12771606445312,0.152496337890625
jaw,HR-3-15-26-(03).csv,/Users/yanivnaggar/Desktop/Spring 2026/IS/OPENBCI_runs/Yaniv/HR-3-15-26-(03).csv,2026-03-15,3,test,REPEATED,19,71,repeated_peaks,derived_event_onset,221.4768524169922,221.4768524169922,221.64540100097656,0.1725616455078125
jaw,HR-3-15-26-(03).csv,/Users/yanivnaggar/Desktop/Spring 2026/IS/OPENBCI_runs/Yaniv/HR-3-15-26-(03).csv,2026-03-15,3,test,REPEATED,19,72,repeated_peaks,derived_event_onset,222.05874633789062,222.05874633789062,222.23532104492188,0.1805877685546875
jaw,HR-3-15-26-(03).csv,/Users/yanivnaggar/Desktop/Spring 2026/IS/OPENBCI_runs/Yaniv/HR-3-15-26-(03).csv,2026-03-15,3,test,REPEATED,19,73,repeated_peaks,derived_event_onset,222.612548828125,222.612548828125,222.77708435058594,0.168548583984375
jaw,HR-3-15-26-(03).csv,/Users/yanivnaggar/Desktop/Spring 2026/IS/OPENBCI_runs/Yaniv/HR-3-15-26-(03).csv,2026-03-15,3,test,REPEATED,19,74,repeated_peaks,derived_event_onset,223.37503051757812,223.37503051757812,223.51950073242188,0.1484832763671875
jaw,HR-3-15-26-(03).csv,/Users/yanivnaggar/Desktop/Spring 2026/IS/OPENBCI_runs/Yaniv/HR-3-15-26-(03).csv,2026-03-15,3,test,REPEATED,19,75,repeated_peaks,derived_event_onset,223.96495056152344,223.96495056152344,224.10540771484375,0.14447021484375
jaw,HR-3-15-26-(03).csv,/Users/yanivnaggar/Desktop/Spring 2026/IS/OPENBCI_runs/Yaniv/HR-3-15-26-(03).csv,2026-03-15,3,test,HOLD,21,76,hold_marker_edges,derived_event_onset,240.58705139160156,240.58705139160156,240.78369140625,0.200653076171875
jaw,HR-3-15-26-(03).csv,/Users/yanivnaggar/Desktop/Spring 2026/IS/OPENBCI_runs/Yaniv/HR-3-15-26-(03).csv,2026-03-15,3,test,REPEATED,23,77,repeated_peaks,derived_event_onset,255.0822296142578,255.0822296142578,255.27886962890625,0.200653076171875
jaw,HR-3-15-26-(03).csv,/Users/yanivnaggar/Desktop/Spring 2026/IS/OPENBCI_runs/Yaniv/HR-3-15-26-(03).csv,2026-03-15,3,test,REPEATED,23,78,repeated_peaks,derived_event_onset,256.0854949951172,256.0854949951172,256.2821350097656,0.200653076171875
jaw,HR-3-15-26-(03).csv,/Users/yanivnaggar/Desktop/Spring 2026/IS/OPENBCI_runs/Yaniv/HR-3-15-26-(03).csv,2026-03-15,3,test,REPEATED,23,79,repeated_peaks,derived_event_onset,257.0727081298828,257.0727081298828,257.26934814453125,0.200653076171875
jaw,HR-3-15-26-(03).csv,/Users/yanivnaggar/Desktop/Spring 2026/IS/OPENBCI_runs/Yaniv/HR-3-15-26-(03).csv,2026-03-15,3,test,REPEATED,23,80,repeated_peaks,derived_event_onset,258.0238037109375,258.0238037109375,258.22044372558594,0.200653076171875
jaw,HR-3-15-26-(03).csv,/Users/yanivnaggar/Desktop/Spring 2026/IS/OPENBCI_runs/Yaniv/HR-3-15-26-(03).csv,2026-03-15,3,test,REPEATED,23,81,repeated_peaks,derived_event_onset,259.00299072265625,259.00299072265625,259.1996307373047,0.200653076171875
jaw,HR-3-15-26-(03).csv,/Users/yanivnaggar/Desktop/Spring 2026/IS/OPENBCI_runs/Yaniv/HR-3-15-26-(03).csv,2026-03-15,3,test,REPEATED,23,82,repeated_peaks,derived_event_onset,259.9580993652344,259.9580993652344,260.1547393798828,0.200653076171875
jaw,HR-3-15-26-(03).csv,/Users/yanivnaggar/Desktop/Spring 2026/IS/OPENBCI_runs/Yaniv/HR-3-15-26-(03).csv,2026-03-15,3,test,REPEATED,23,83,repeated_peaks,derived_event_onset,260.81288146972656,260.81288146972656,261.009521484375,0.200653076171875
jaw,HR-3-15-26-(03).csv,/Users/yanivnaggar/Desktop/Spring 2026/IS/OPENBCI_runs/Yaniv/HR-3-15-26-(03).csv,2026-03-15,3,test,REPEATED,23,84,repeated_peaks,derived_event_onset,261.73187255859375,261.73187255859375,261.9285125732422,0.200653076171875
jaw,HR-3-15-26-(03).csv,/Users/yanivnaggar/Desktop/Spring 2026/IS/OPENBCI_runs/Yaniv/HR-3-15-26-(03).csv,2026-03-15,3,test,HOLD,25,85,hold_marker_edges,derived_event_onset,279.06829833984375,279.06829833984375,279.2649383544922,0.200653076171875
jaw,HR-3-15-26-(03).csv,/Users/yanivnaggar/Desktop/Spring 2026/IS/OPENBCI_runs/Yaniv/HR-3-15-26-(03).csv,2026-03-15,3,test,REPEATED,27,86,repeated_peaks,derived_event_onset,292.6886291503906,292.6886291503906,292.87322998046875,0.1886138916015625
jaw,HR-3-15-26-(03).csv,/Users/yanivnaggar/Desktop/Spring 2026/IS/OPENBCI_runs/Yaniv/HR-3-15-26-(03).csv,2026-03-15,3,test,REPEATED,27,87,repeated_peaks,derived_event_onset,293.52735900878906,293.52735900878906,293.6999206542969,0.17657470703125
jaw,HR-3-15-26-(03).csv,/Users/yanivnaggar/Desktop/Spring 2026/IS/OPENBCI_runs/Yaniv/HR-3-15-26-(03).csv,2026-03-15,3,test,REPEATED,27,88,repeated_peaks,derived_event_onset,294.3420104980469,294.3420104980469,294.5346374511719,0.1966400146484375
jaw,HR-3-15-26-(03).csv,/Users/yanivnaggar/Desktop/Spring 2026/IS/OPENBCI_runs/Yaniv/HR-3-15-26-(03).csv,2026-03-15,3,test,REPEATED,27,89,repeated_peaks,derived_event_onset,295.1767272949219,295.1767272949219,295.3412628173828,0.168548583984375
jaw,HR-3-15-26-(03).csv,/Users/yanivnaggar/Desktop/Spring 2026/IS/OPENBCI_runs/Yaniv/HR-3-15-26-(03).csv,2026-03-15,3,test,REPEATED,27,90,repeated_peaks,derived_event_onset,296.0355224609375,296.0355224609375,296.2080841064453,0.17657470703125
jaw,HR-3-15-26-(03).csv,/Users/yanivnaggar/Desktop/Spring 2026/IS/OPENBCI_runs/Yaniv/HR-3-15-26-(03).csv,2026-03-15,3,test,REPEATED,27,91,repeated_peaks,derived_event_onset,296.8060302734375,296.8060302734375,296.99464416503906,0.192626953125
jaw,HR-3-15-26-(03).csv,/Users/yanivnaggar/Desktop/Spring 2026/IS/OPENBCI_runs/Yaniv/HR-3-15-26-(03).csv,2026-03-15,3,test,REPEATED,27,92,repeated_peaks,derived_event_onset,297.65679931640625,297.65679931640625,297.8454132080078,0.192626953125
jaw,HR-3-15-26-(03).csv,/Users/yanivnaggar/Desktop/Spring 2026/IS/OPENBCI_runs/Yaniv/HR-3-15-26-(03).csv,2026-03-15,3,test,REPEATED,27,93,repeated_peaks,derived_event_onset,298.49151611328125,298.49151611328125,298.66407775878906,0.17657470703125
jaw,HR-3-15-26-(03).csv,/Users/yanivnaggar/Desktop/Spring 2026/IS/OPENBCI_runs/Yaniv/HR-3-15-26-(03).csv,2026-03-15,3,test,REPEATED,27,94,repeated_peaks,derived_event_onset,299.29412841796875,299.29412841796875,299.4626770019531,0.1725616455078125
jaw,HR-3-15-26-(03).csv,/Users/yanivnaggar/Desktop/Spring 2026/IS/OPENBCI_runs/Yaniv/HR-3-15-26-(03).csv,2026-03-15,3,test,REPEATED,27,95,repeated_peaks,derived_event_onset,300.00042724609375,300.00042724609375,300.08470153808594,0.088287353515625
jaw,HR-3-15-26-(03).csv,/Users/yanivnaggar/Desktop/Spring 2026/IS/OPENBCI_runs/Yaniv/HR-3-15-26-(03).csv,2026-03-15,3,test,HOLD,29,96,hold_marker_edges,derived_event_onset,315.8319549560547,315.8319549560547,316.0285949707031,0.200653076171875
jaw,HR-3-15-26-(03).csv,/Users/yanivnaggar/Desktop/Spring 2026/IS/OPENBCI_runs/Yaniv/HR-3-15-26-(03).csv,2026-03-15,3,test,REPEATED,31,97,repeated_peaks,derived_event_onset,329.5405731201172,329.5405731201172,329.6930694580078,0.1565093994140625
jaw,HR-3-15-26-(03).csv,/Users/yanivnaggar/Desktop/Spring 2026/IS/OPENBCI_runs/Yaniv/HR-3-15-26-(03).csv,2026-03-15,3,test,REPEATED,31,98,repeated_peaks,derived_event_onset,330.17864990234375,330.17864990234375,330.3231201171875,0.1484832763671875
jaw,HR-3-15-26-(03).csv,/Users/yanivnaggar/Desktop/Spring 2026/IS/OPENBCI_runs/Yaniv/HR-3-15-26-(03).csv,2026-03-15,3,test,REPEATED,31,99,repeated_peaks,derived_event_onset,330.77659606933594,330.77659606933594,330.9250793457031,0.152496337890625
jaw,HR-3-15-26-(03).csv,/Users/yanivnaggar/Desktop/Spring 2026/IS/OPENBCI_runs/Yaniv/HR-3-15-26-(03).csv,2026-03-15,3,test,REPEATED,31,100,repeated_peaks,derived_event_onset,331.4387512207031,331.4387512207031,331.5832214355469,0.1484832763671875
jaw,HR-3-15-26-(03).csv,/Users/yanivnaggar/Desktop/Spring 2026/IS/OPENBCI_runs/Yaniv/HR-3-15-26-(03).csv,2026-03-15,3,test,REPEATED,31,101,repeated_peaks,derived_event_onset,332.0567626953125,332.0567626953125,332.2253112792969,0.1725616455078125
jaw,HR-3-15-26-(03).csv,/Users/yanivnaggar/Desktop/Spring 2026/IS/OPENBCI_runs/Yaniv/HR-3-15-26-(03).csv,2026-03-15,3,test,REPEATED,31,102,repeated_peaks,derived_event_onset,332.60655212402344,332.60655212402344,332.7751007080078,0.1725616455078125
jaw,HR-3-15-26-(03).csv,/Users/yanivnaggar/Desktop/Spring 2026/IS/OPENBCI_runs/Yaniv/HR-3-15-26-(03).csv,2026-03-15,3,test,REPEATED,31,103,repeated_peaks,derived_event_onset,333.308837890625,333.308837890625,333.4573211669922,0.152496337890625
jaw,HR-3-15-26-(03).csv,/Users/yanivnaggar/Desktop/Spring 2026/IS/OPENBCI_runs/Yaniv/HR-3-15-26-(03).csv,2026-03-15,3,test,REPEATED,31,104,repeated_peaks,derived_event_onset,333.9589538574219,333.9589538574219,334.07533264160156,0.120391845703125
jaw,HR-3-15-26-(03).csv,/Users/yanivnaggar/Desktop/Spring 2026/IS/OPENBCI_runs/Yaniv/HR-3-15-26-(03).csv,2026-03-15,3,test,REPEATED,31,105,repeated_peaks,derived_event_onset,334.57696533203125,334.57696533203125,334.71742248535156,0.14447021484375
jaw,HR-3-15-26-(03).csv,/Users/yanivnaggar/Desktop/Spring 2026/IS/OPENBCI_runs/Yaniv/HR-3-15-26-(03).csv,2026-03-15,3,test,REPEATED,31,106,repeated_peaks,derived_event_onset,335.2591857910156,335.2591857910156,335.4076690673828,0.152496337890625
jaw,HR-3-15-26-(03).csv,/Users/yanivnaggar/Desktop/Spring 2026/IS/OPENBCI_runs/Yaniv/HR-3-15-26-(03).csv,2026-03-15,3,test,REPEATED,31,107,repeated_peaks,derived_event_onset,335.9012756347656,335.9012756347656,336.03370666503906,0.136444091796875
jaw,HR-3-15-26-(03).csv,/Users/yanivnaggar/Desktop/Spring 2026/IS/OPENBCI_runs/Yaniv/HR-3-15-26-(03).csv,2026-03-15,3,test,REPEATED,31,108,repeated_peaks,derived_event_onset,336.50323486328125,336.50323486328125,336.6998748779297,0.200653076171875
jaw,HR-3-15-26-(03).csv,/Users/yanivnaggar/Desktop/Spring 2026/IS/OPENBCI_runs/Yaniv/HR-3-15-26-(03).csv,2026-03-15,3,test,HOLD,33,109,hold_marker_edges,derived_event_onset,352.42706298828125,352.42706298828125,352.6237030029297,0.200653076171875
jaw,HR-3-15-26-(03).csv,/Users/yanivnaggar/Desktop/Spring 2026/IS/OPENBCI_runs/Yaniv/HR-3-15-26-(03).csv,2026-03-15,3,test,HOLD,35,110,hold_marker_edges,derived_event_onset,391.74302673339844,391.74302673339844,391.9396667480469,0.200653076171875
jaw,HR-3-15-26-(03).csv,/Users/yanivnaggar/Desktop/Spring 2026/IS/OPENBCI_runs/Yaniv/HR-3-15-26-(03).csv,2026-03-15,3,test,REPEATED,37,111,repeated_peaks,derived_event_onset,405.9171600341797,405.9171600341797,406.06163024902344,0.1484832763671875
jaw,HR-3-15-26-(03).csv,/Users/yanivnaggar/Desktop/Spring 2026/IS/OPENBCI_runs/Yaniv/HR-3-15-26-(03).csv,2026-03-15,3,test,REPEATED,37,112,repeated_peaks,derived_event_onset,406.5913543701172,406.5913543701172,406.69569396972656,0.1083526611328125
jaw,HR-3-15-26-(03).csv,/Users/yanivnaggar/Desktop/Spring 2026/IS/OPENBCI_runs/Yaniv/HR-3-15-26-(03).csv,2026-03-15,3,test,REPEATED,37,113,repeated_peaks,derived_event_onset,407.2013397216797,407.2013397216797,407.3217315673828,0.1244049072265625
jaw,HR-3-15-26-(03).csv,/Users/yanivnaggar/Desktop/Spring 2026/IS/OPENBCI_runs/Yaniv/HR-3-15-26-(03).csv,2026-03-15,3,test,REPEATED,37,114,repeated_peaks,derived_event_onset,407.8032989501953,407.8032989501953,407.9598083496094,0.1605224609375
jaw,HR-3-15-26-(03).csv,/Users/yanivnaggar/Desktop/Spring 2026/IS/OPENBCI_runs/Yaniv/HR-3-15-26-(03).csv,2026-03-15,3,test,REPEATED,37,115,repeated_peaks,derived_event_onset,408.3249969482422,408.3249969482422,408.50157165527344,0.1805877685546875
jaw,HR-3-15-26-(03).csv,/Users/yanivnaggar/Desktop/Spring 2026/IS/OPENBCI_runs/Yaniv/HR-3-15-26-(03).csv,2026-03-15,3,test,REPEATED,37,116,repeated_peaks,derived_event_onset,408.9670867919922,408.9670867919922,409.12359619140625,0.1605224609375
jaw,HR-3-15-26-(03).csv,/Users/yanivnaggar/Desktop/Spring 2026/IS/OPENBCI_runs/Yaniv/HR-3-15-26-(03).csv,2026-03-15,3,test,REPEATED,37,117,repeated_peaks,derived_event_onset,409.5810852050781,409.5810852050781,409.7255554199219,0.1484832763671875
jaw,HR-3-15-26-(03).csv,/Users/yanivnaggar/Desktop/Spring 2026/IS/OPENBCI_runs/Yaniv/HR-3-15-26-(03).csv,2026-03-15,3,test,REPEATED,37,118,repeated_peaks,derived_event_onset,410.21514892578125,410.21514892578125,410.35560607910156,0.14447021484375
jaw,HR-3-15-26-(03).csv,/Users/yanivnaggar/Desktop/Spring 2026/IS/OPENBCI_runs/Yaniv/HR-3-15-26-(03).csv,2026-03-15,3,test,REPEATED,37,119,repeated_peaks,derived_event_onset,410.8211212158203,410.8211212158203,410.95355224609375,0.136444091796875
jaw,HR-3-15-26-(03).csv,/Users/yanivnaggar/Desktop/Spring 2026/IS/OPENBCI_runs/Yaniv/HR-3-15-26-(03).csv,2026-03-15,3,test,REPEATED,37,120,repeated_peaks,derived_event_onset,411.4110412597656,411.4110412597656,411.5715637207031,0.1645355224609375
jaw,HR-3-15-26-(03).csv,/Users/yanivnaggar/Desktop/Spring 2026/IS/OPENBCI_runs/Yaniv/HR-3-15-26-(03).csv,2026-03-15,3,test,REPEATED,37,121,repeated_peaks,derived_event_onset,411.9728698730469,411.9728698730469,412.14141845703125,0.1725616455078125
jaw,HR-3-15-26-(03).csv,/Users/yanivnaggar/Desktop/Spring 2026/IS/OPENBCI_runs/Yaniv/HR-3-15-26-(03).csv,2026-03-15,3,test,REPEATED,37,122,repeated_peaks,derived_event_onset,412.6390380859375,412.6390380859375,412.7794952392578,0.14447021484375
jaw,HR-3-15-26-(03).csv,/Users/yanivnaggar/Desktop/Spring 2026/IS/OPENBCI_runs/Yaniv/HR-3-15-26-(03).csv,2026-03-15,3,test,REPEATED,37,123,repeated_peaks,derived_event_onset,413.15672302246094,413.15672302246094,413.32928466796875,0.17657470703125
jaw,HR-3-8-26-(02).csv,/Users/yanivnaggar/Desktop/Spring 2026/IS/OPENBCI_runs/Yaniv/HR-3-8-26-(02).csv,2026-03-08,2,train,HOLD,1,0,hold_marker_edges,derived_event_onset,52.59117126464844,52.59117126464844,52.787811279296875,0.200653076171875
jaw,HR-3-8-26-(02).csv,/Users/yanivnaggar/Desktop/Spring 2026/IS/OPENBCI_runs/Yaniv/HR-3-8-26-(02).csv,2026-03-08,2,train,REPEATED,3,1,repeated_peaks,derived_event_onset,62.242584228515625,62.242584228515625,62.32685852050781,0.088287353515625
jaw,HR-3-8-26-(02).csv,/Users/yanivnaggar/Desktop/Spring 2026/IS/OPENBCI_runs/Yaniv/HR-3-8-26-(02).csv,2026-03-08,2,train,REPEATED,3,2,repeated_peaks,derived_event_onset,62.68000793457031,62.68000793457031,62.788360595703125,0.11236572265625
jaw,HR-3-8-26-(02).csv,/Users/yanivnaggar/Desktop/Spring 2026/IS/OPENBCI_runs/Yaniv/HR-3-8-26-(02).csv,2026-03-08,2,train,REPEATED,3,3,repeated_peaks,derived_event_onset,63.20170593261719,63.20170593261719,63.334136962890625,0.136444091796875
jaw,HR-3-8-26-(02).csv,/Users/yanivnaggar/Desktop/Spring 2026/IS/OPENBCI_runs/Yaniv/HR-3-8-26-(02).csv,2026-03-08,2,train,REPEATED,3,4,repeated_peaks,derived_event_onset,63.6953125,63.6953125,63.84379577636719,0.152496337890625
jaw,HR-3-8-26-(02).csv,/Users/yanivnaggar/Desktop/Spring 2026/IS/OPENBCI_runs/Yaniv/HR-3-8-26-(02).csv,2026-03-08,2,train,REPEATED,3,5,repeated_peaks,derived_event_onset,64.16484069824219,64.16484069824219,64.30931091308594,0.1484832763671875
jaw,HR-3-8-26-(02).csv,/Users/yanivnaggar/Desktop/Spring 2026/IS/OPENBCI_runs/Yaniv/HR-3-8-26-(02).csv,2026-03-08,2,train,REPEATED,3,6,repeated_peaks,derived_event_onset,64.75877380371094,64.75877380371094,64.86712646484375,0.11236572265625
jaw,HR-3-8-26-(02).csv,/Users/yanivnaggar/Desktop/Spring 2026/IS/OPENBCI_runs/Yaniv/HR-3-8-26-(02).csv,2026-03-08,2,train,REPEATED,3,7,repeated_peaks,derived_event_onset,65.24836730957031,65.24836730957031,65.3968505859375,0.152496337890625
jaw,HR-3-8-26-(02).csv,/Users/yanivnaggar/Desktop/Spring 2026/IS/OPENBCI_runs/Yaniv/HR-3-8-26-(02).csv,2026-03-08,2,train,REPEATED,3,8,repeated_peaks,derived_event_onset,65.7178955078125,65.7178955078125,65.91453552246094,0.200653076171875
jaw,HR-3-8-26-(02).csv,/Users/yanivnaggar/Desktop/Spring 2026/IS/OPENBCI_runs/Yaniv/HR-3-8-26-(02).csv,2026-03-08,2,train,HOLD,5,9,hold_marker_edges,derived_event_onset,78.99711608886719,78.99711608886719,79.19375610351562,0.200653076171875
jaw,HR-3-8-26-(02).csv,/Users/yanivnaggar/Desktop/Spring 2026/IS/OPENBCI_runs/Yaniv/HR-3-8-26-(02).csv,2026-03-08,2,train,REPEATED,7,10,repeated_peaks,derived_event_onset,89.76014709472656,89.76014709472656,89.83639526367188,0.08026123046875
jaw,HR-3-8-26-(02).csv,/Users/yanivnaggar/Desktop/Spring 2026/IS/OPENBCI_runs/Yaniv/HR-3-8-26-(02).csv,2026-03-08,2,train,REPEATED,7,11,repeated_peaks,derived_event_onset,90.22967529296875,90.22967529296875,90.35408020019531,0.12841796875
jaw,HR-3-8-26-(02).csv,/Users/yanivnaggar/Desktop/Spring 2026/IS/OPENBCI_runs/Yaniv/HR-3-8-26-(02).csv,2026-03-08,2,train,REPEATED,7,12,repeated_peaks,derived_event_onset,90.80354309082031,90.80354309082031,90.92794799804688,0.12841796875
jaw,HR-3-8-26-(02).csv,/Users/yanivnaggar/Desktop/Spring 2026/IS/OPENBCI_runs/Yaniv/HR-3-8-26-(02).csv,2026-03-08,2,train,REPEATED,7,13,repeated_peaks,derived_event_onset,91.37741088867188,91.37741088867188,91.50984191894531,0.136444091796875
jaw,HR-3-8-26-(02).csv,/Users/yanivnaggar/Desktop/Spring 2026/IS/OPENBCI_runs/Yaniv/HR-3-8-26-(02).csv,2026-03-08,2,train,REPEATED,7,14,repeated_peaks,derived_event_onset,91.93121337890625,91.93121337890625,92.04759216308594,0.120391845703125
jaw,HR-3-8-26-(02).csv,/Users/yanivnaggar/Desktop/Spring 2026/IS/OPENBCI_runs/Yaniv/HR-3-8-26-(02).csv,2026-03-08,2,train,REPEATED,7,15,repeated_peaks,derived_event_onset,92.57330322265625,92.57330322265625,92.66560363769531,0.0963134765625
jaw,HR-3-8-26-(02).csv,/Users/yanivnaggar/Desktop/Spring 2026/IS/OPENBCI_runs/Yaniv/HR-3-8-26-(02).csv,2026-03-08,2,train,REPEATED,7,16,repeated_peaks,derived_event_onset,93.09500122070312,93.09500122070312,93.22341918945312,0.1324310302734375
jaw,HR-3-8-26-(02).csv,/Users/yanivnaggar/Desktop/Spring 2026/IS/OPENBCI_runs/Yaniv/HR-3-8-26-(02).csv,2026-03-08,2,train,REPEATED,7,17,repeated_peaks,derived_event_onset,93.70097351074219,93.70097351074219,93.80531311035156,0.1083526611328125
jaw,HR-3-8-26-(02).csv,/Users/yanivnaggar/Desktop/Spring 2026/IS/OPENBCI_runs/Yaniv/HR-3-8-26-(02).csv,2026-03-08,2,train,REPEATED,7,18,repeated_peaks,derived_event_onset,94.24273681640625,94.24273681640625,94.38319396972656,0.14447021484375
jaw,HR-3-8-26-(02).csv,/Users/yanivnaggar/Desktop/Spring 2026/IS/OPENBCI_runs/Yaniv/HR-3-8-26-(02).csv,2026-03-08,2,train,REPEATED,7,19,repeated_peaks,derived_event_onset,94.72029113769531,94.72029113769531,94.88883972167969,0.1725616455078125
jaw,HR-3-8-26-(02).csv,/Users/yanivnaggar/Desktop/Spring 2026/IS/OPENBCI_runs/Yaniv/HR-3-8-26-(02).csv,2026-03-08,2,train,REPEATED,7,20,repeated_peaks,derived_event_onset,95.24198913574219,95.24198913574219,95.43060302734375,0.192626953125
jaw,HR-3-8-26-(02).csv,/Users/yanivnaggar/Desktop/Spring 2026/IS/OPENBCI_runs/Yaniv/HR-3-8-26-(02).csv,2026-03-08,2,train,HOLD,9,21,hold_marker_edges,derived_event_onset,107.71458435058594,107.71458435058594,107.91122436523438,0.200653076171875
jaw,HR-3-8-26-(02).csv,/Users/yanivnaggar/Desktop/Spring 2026/IS/OPENBCI_runs/Yaniv/HR-3-8-26-(02).csv,2026-03-08,2,train,REPEATED,11,22,repeated_peaks,derived_event_onset,116.23030090332031,116.23030090332031,116.3466796875,0.120391845703125
jaw,HR-3-8-26-(02).csv,/Users/yanivnaggar/Desktop/Spring 2026/IS/OPENBCI_runs/Yaniv/HR-3-8-26-(02).csv,2026-03-08,2,train,REPEATED,11,23,repeated_peaks,derived_event_onset,116.85232543945312,116.85232543945312,117.00080871582031,0.152496337890625
jaw,HR-3-8-26-(02).csv,/Users/yanivnaggar/Desktop/Spring 2026/IS/OPENBCI_runs/Yaniv/HR-3-8-26-(02).csv,2026-03-08,2,train,REPEATED,11,24,repeated_peaks,derived_event_onset,117.48638916015625,117.48638916015625,117.61480712890625,0.1324310302734375
jaw,HR-3-8-26-(02).csv,/Users/yanivnaggar/Desktop/Spring 2026/IS/OPENBCI_runs/Yaniv/HR-3-8-26-(02).csv,2026-03-08,2,train,REPEATED,11,25,repeated_peaks,derived_event_onset,118.16058349609375,118.16058349609375,118.28900146484375,0.1324310302734375
jaw,HR-3-8-26-(02).csv,/Users/yanivnaggar/Desktop/Spring 2026/IS/OPENBCI_runs/Yaniv/HR-3-8-26-(02).csv,2026-03-08,2,train,REPEATED,11,26,repeated_peaks,derived_event_onset,118.80668640136719,118.80668640136719,118.93911743164062,0.136444091796875
jaw,HR-3-8-26-(02).csv,/Users/yanivnaggar/Desktop/Spring 2026/IS/OPENBCI_runs/Yaniv/HR-3-8-26-(02).csv,2026-03-08,2,train,REPEATED,11,27,repeated_peaks,derived_event_onset,119.37252807617188,119.37252807617188,119.5250244140625,0.1565093994140625
jaw,HR-3-8-26-(02).csv,/Users/yanivnaggar/Desktop/Spring 2026/IS/OPENBCI_runs/Yaniv/HR-3-8-26-(02).csv,2026-03-08,2,train,REPEATED,11,28,repeated_peaks,derived_event_onset,119.90225219726562,119.90225219726562,120.06277465820312,0.1645355224609375
jaw,HR-3-8-26-(02).csv,/Users/yanivnaggar/Desktop/Spring 2026/IS/OPENBCI_runs/Yaniv/HR-3-8-26-(02).csv,2026-03-08,2,train,REPEATED,11,29,repeated_peaks,derived_event_onset,120.49618530273438,120.49618530273438,120.64065551757812,0.1484832763671875
jaw,HR-3-8-26-(02).csv,/Users/yanivnaggar/Desktop/Spring 2026/IS/OPENBCI_runs/Yaniv/HR-3-8-26-(02).csv,2026-03-08,2,train,HOLD,13,30,hold_marker_edges,derived_event_onset,131.39566040039062,131.39566040039062,131.59230041503906,0.200653076171875
jaw,HR-3-8-26-(02).csv,/Users/yanivnaggar/Desktop/Spring 2026/IS/OPENBCI_runs/Yaniv/HR-3-8-26-(02).csv,2026-03-08,2,train,REPEATED,15,31,repeated_peaks,derived_event_onset,139.4739532470703,139.4739532470703,139.58631896972656,0.1163787841796875
jaw,HR-3-8-26-(02).csv,/Users/yanivnaggar/Desktop/Spring 2026/IS/OPENBCI_runs/Yaniv/HR-3-8-26-(02).csv,2026-03-08,2,train,REPEATED,15,32,repeated_peaks,derived_event_onset,140.07992553710938,140.07992553710938,140.1802520751953,0.104339599609375
jaw,HR-3-8-26-(02).csv,/Users/yanivnaggar/Desktop/Spring 2026/IS/OPENBCI_runs/Yaniv/HR-3-8-26-(02).csv,2026-03-08,2,train,REPEATED,15,33,repeated_peaks,derived_event_onset,140.67787170410156,140.67787170410156,140.78622436523438,0.11236572265625
jaw,HR-3-8-26-(02).csv,/Users/yanivnaggar/Desktop/Spring 2026/IS/OPENBCI_runs/Yaniv/HR-3-8-26-(02).csv,2026-03-08,2,train,REPEATED,15,34,repeated_peaks,derived_event_onset,141.12733459472656,141.12733459472656,141.25575256347656,0.1324310302734375
jaw,HR-3-8-26-(02).csv,/Users/yanivnaggar/Desktop/Spring 2026/IS/OPENBCI_runs/Yaniv/HR-3-8-26-(02).csv,2026-03-08,2,train,REPEATED,15,35,repeated_peaks,derived_event_onset,141.71725463867188,141.71725463867188,141.82962036132812,0.1163787841796875
jaw,HR-3-8-26-(02).csv,/Users/yanivnaggar/Desktop/Spring 2026/IS/OPENBCI_runs/Yaniv/HR-3-8-26-(02).csv,2026-03-08,2,train,REPEATED,15,36,repeated_peaks,derived_event_onset,142.31520080566406,142.31520080566406,142.47572326660156,0.1645355224609375
jaw,HR-3-8-26-(02).csv,/Users/yanivnaggar/Desktop/Spring 2026/IS/OPENBCI_runs/Yaniv/HR-3-8-26-(02).csv,2026-03-08,2,train,REPEATED,15,37,repeated_peaks,derived_event_onset,142.81683349609375,142.81683349609375,142.9813690185547,0.168548583984375
jaw,HR-3-8-26-(02).csv,/Users/yanivnaggar/Desktop/Spring 2026/IS/OPENBCI_runs/Yaniv/HR-3-8-26-(02).csv,2026-03-08,2,train,HOLD,17,38,hold_marker_edges,derived_event_onset,153.06619262695312,153.06619262695312,153.26283264160156,0.200653076171875
jaw,HR-3-8-26-(02).csv,/Users/yanivnaggar/Desktop/Spring 2026/IS/OPENBCI_runs/Yaniv/HR-3-8-26-(02).csv,2026-03-08,2,train,REPEATED,19,39,repeated_peaks,derived_event_onset,160.93179321289062,160.93179321289062,161.0481719970703,0.120391845703125
jaw,HR-3-8-26-(02).csv,/Users/yanivnaggar/Desktop/Spring 2026/IS/OPENBCI_runs/Yaniv/HR-3-8-26-(02).csv,2026-03-08,2,train,REPEATED,19,40,repeated_peaks,derived_event_onset,161.5498046875,161.5498046875,161.61000061035156,0.064208984375
jaw,HR-3-8-26-(02).csv,/Users/yanivnaggar/Desktop/Spring 2026/IS/OPENBCI_runs/Yaniv/HR-3-8-26-(02).csv,2026-03-08,2,train,HOLD,21,41,hold_marker_edges,derived_event_onset,174.17489624023438,174.17489624023438,174.3715362548828,0.200653076171875
jaw,HR-3-8-26-(02).csv,/Users/yanivnaggar/Desktop/Spring 2026/IS/OPENBCI_runs/Yaniv/HR-3-8-26-(02).csv,2026-03-08,2,train,REPEATED,23,42,repeated_peaks,derived_event_onset,183.6176300048828,183.6176300048828,183.70591735839844,0.0923004150390625
jaw,HR-3-8-26-(02).csv,/Users/yanivnaggar/Desktop/Spring 2026/IS/OPENBCI_runs/Yaniv/HR-3-8-26-(02).csv,2026-03-08,2,train,REPEATED,23,43,repeated_peaks,derived_event_onset,184.0991973876953,184.0991973876953,184.20755004882812,0.11236572265625
jaw,HR-3-8-26-(02).csv,/Users/yanivnaggar/Desktop/Spring 2026/IS/OPENBCI_runs/Yaniv/HR-3-8-26-(02).csv,2026-03-08,2,train,REPEATED,23,44,repeated_peaks,derived_event_onset,184.62892150878906,184.62892150878906,184.75332641601562,0.12841796875
jaw,HR-3-8-26-(02).csv,/Users/yanivnaggar/Desktop/Spring 2026/IS/OPENBCI_runs/Yaniv/HR-3-8-26-(02).csv,2026-03-08,2,train,REPEATED,23,45,repeated_peaks,derived_event_onset,185.20278930664062,185.20278930664062,185.30712890625,0.1083526611328125
jaw,HR-3-8-26-(02).csv,/Users/yanivnaggar/Desktop/Spring 2026/IS/OPENBCI_runs/Yaniv/HR-3-8-26-(02).csv,2026-03-08,2,train,REPEATED,23,46,repeated_peaks,derived_event_onset,185.76060485839844,185.76060485839844,185.89303588867188,0.136444091796875
jaw,HR-3-8-26-(02).csv,/Users/yanivnaggar/Desktop/Spring 2026/IS/OPENBCI_runs/Yaniv/HR-3-8-26-(02).csv,2026-03-08,2,train,REPEATED,23,47,repeated_peaks,derived_event_onset,186.31039428710938,186.31039428710938,186.45887756347656,0.152496337890625
jaw,HR-3-8-26-(02).csv,/Users/yanivnaggar/Desktop/Spring 2026/IS/OPENBCI_runs/Yaniv/HR-3-8-26-(02).csv,2026-03-08,2,train,REPEATED,23,48,repeated_peaks,derived_event_onset,186.8601837158203,186.8601837158203,187.03675842285156,0.1805877685546875
jaw,HR-3-8-26-(02).csv,/Users/yanivnaggar/Desktop/Spring 2026/IS/OPENBCI_runs/Yaniv/HR-3-8-26-(02).csv,2026-03-08,2,train,REPEATED,23,49,repeated_peaks,derived_event_onset,187.47418212890625,187.47418212890625,187.61463928222656,0.14447021484375
jaw,HR-3-8-26-(02).csv,/Users/yanivnaggar/Desktop/Spring 2026/IS/OPENBCI_runs/Yaniv/HR-3-8-26-(02).csv,2026-03-08,2,train,HOLD,25,50,hold_marker_edges,derived_event_onset,197.17776489257812,197.17776489257812,197.37440490722656,0.200653076171875
jaw,HR-3-8-26-(02).csv,/Users/yanivnaggar/Desktop/Spring 2026/IS/OPENBCI_runs/Yaniv/HR-3-8-26-(02).csv,2026-03-08,2,train,REPEATED,27,51,repeated_peaks,derived_event_onset,206.0666961669922,206.0666961669922,206.18307495117188,0.120391845703125
jaw,HR-3-8-26-(02).csv,/Users/yanivnaggar/Desktop/Spring 2026/IS/OPENBCI_runs/Yaniv/HR-3-8-26-(02).csv,2026-03-08,2,train,REPEATED,27,52,repeated_peaks,derived_event_onset,206.7649688720703,206.7649688720703,206.86529541015625,0.104339599609375
jaw,HR-3-8-26-(02).csv,/Users/yanivnaggar/Desktop/Spring 2026/IS/OPENBCI_runs/Yaniv/HR-3-8-26-(02).csv,2026-03-08,2,train,REPEATED,27,53,repeated_peaks,derived_event_onset,207.27462768554688,207.27462768554688,207.39100646972656,0.120391845703125
jaw,HR-3-8-26-(02).csv,/Users/yanivnaggar/Desktop/Spring 2026/IS/OPENBCI_runs/Yaniv/HR-3-8-26-(02).csv,2026-03-08,2,train,REPEATED,27,54,repeated_peaks,derived_event_onset,207.87257385253906,207.87257385253906,208.0050048828125,0.136444091796875
jaw,HR-3-8-26-(02).csv,/Users/yanivnaggar/Desktop/Spring 2026/IS/OPENBCI_runs/Yaniv/HR-3-8-26-(02).csv,2026-03-08,2,train,REPEATED,27,55,repeated_peaks,derived_event_onset,208.42236328125,208.42236328125,208.52268981933594,0.104339599609375
jaw,HR-3-8-26-(02).csv,/Users/yanivnaggar/Desktop/Spring 2026/IS/OPENBCI_runs/Yaniv/HR-3-8-26-(02).csv,2026-03-08,2,train,REPEATED,27,56,repeated_peaks,derived_event_onset,209.00827026367188,209.00827026367188,209.1607666015625,0.1565093994140625
jaw,HR-3-8-26-(02).csv,/Users/yanivnaggar/Desktop/Spring 2026/IS/OPENBCI_runs/Yaniv/HR-3-8-26-(02).csv,2026-03-08,2,train,REPEATED,27,57,repeated_peaks,derived_event_onset,209.4818115234375,209.4818115234375,209.6543731689453,0.17657470703125
jaw,HR-3-8-26-(02).csv,/Users/yanivnaggar/Desktop/Spring 2026/IS/OPENBCI_runs/Yaniv/HR-3-8-26-(02).csv,2026-03-08,2,train,REPEATED,27,58,repeated_peaks,derived_event_onset,210.0155487060547,210.0155487060547,210.21218872070312,0.200653076171875
jaw,HR-3-8-26-(02).csv,/Users/yanivnaggar/Desktop/Spring 2026/IS/OPENBCI_runs/Yaniv/HR-3-8-26-(02).csv,2026-03-08,2,train,HOLD,29,59,hold_marker_edges,derived_event_onset,223.93284606933594,223.93284606933594,224.12948608398438,0.200653076171875
jaw,HR-3-8-26-(02).csv,/Users/yanivnaggar/Desktop/Spring 2026/IS/OPENBCI_runs/Yaniv/HR-3-8-26-(02).csv,2026-03-08,2,train,REPEATED,31,60,repeated_peaks,derived_event_onset,233.0465087890625,233.0465087890625,233.23110961914062,0.1886138916015625
jaw,HR-3-8-26-(02).csv,/Users/yanivnaggar/Desktop/Spring 2026/IS/OPENBCI_runs/Yaniv/HR-3-8-26-(02).csv,2026-03-08,2,train,REPEATED,31,61,repeated_peaks,derived_event_onset,233.71267700195312,233.71267700195312,233.8611602783203,0.152496337890625
jaw,HR-3-8-26-(02).csv,/Users/yanivnaggar/Desktop/Spring 2026/IS/OPENBCI_runs/Yaniv/HR-3-8-26-(02).csv,2026-03-08,2,train,REPEATED,31,62,repeated_peaks,derived_event_onset,234.35877990722656,234.35877990722656,234.47515869140625,0.120391845703125
jaw,HR-3-8-26-(02).csv,/Users/yanivnaggar/Desktop/Spring 2026/IS/OPENBCI_runs/Yaniv/HR-3-8-26-(02).csv,2026-03-08,2,train,REPEATED,31,63,repeated_peaks,derived_event_onset,234.9286346435547,234.9286346435547,235.04100036621094,0.1163787841796875
jaw,HR-3-8-26-(02).csv,/Users/yanivnaggar/Desktop/Spring 2026/IS/OPENBCI_runs/Yaniv/HR-3-8-26-(02).csv,2026-03-08,2,train,REPEATED,31,64,repeated_peaks,derived_event_onset,235.5305938720703,235.5305938720703,235.65098571777344,0.1244049072265625
jaw,HR-3-8-26-(02).csv,/Users/yanivnaggar/Desktop/Spring 2026/IS/OPENBCI_runs/Yaniv/HR-3-8-26-(02).csv,2026-03-08,2,train,REPEATED,31,65,repeated_peaks,derived_event_onset,236.0522918701172,236.0522918701172,236.17669677734375,0.12841796875
jaw,HR-3-8-26-(02).csv,/Users/yanivnaggar/Desktop/Spring 2026/IS/OPENBCI_runs/Yaniv/HR-3-8-26-(02).csv,2026-03-08,2,train,REPEATED,31,66,repeated_peaks,derived_event_onset,236.60208129882812,236.60208129882812,236.74253845214844,0.14447021484375
jaw,HR-3-8-26-(02).csv,/Users/yanivnaggar/Desktop/Spring 2026/IS/OPENBCI_runs/Yaniv/HR-3-8-26-(02).csv,2026-03-08,2,train,HOLD,33,67,hold_marker_edges,derived_event_onset,248.7576446533203,248.7576446533203,248.95428466796875,0.200653076171875
jaw,HR-3-8-26-(02).csv,/Users/yanivnaggar/Desktop/Spring 2026/IS/OPENBCI_runs/Yaniv/HR-3-8-26-(02).csv,2026-03-08,2,train,REPEATED,35,68,repeated_peaks,derived_event_onset,259.083251953125,259.083251953125,259.1996307373047,0.120391845703125
jaw,HR-3-8-26-(02).csv,/Users/yanivnaggar/Desktop/Spring 2026/IS/OPENBCI_runs/Yaniv/HR-3-8-26-(02).csv,2026-03-08,2,train,REPEATED,35,69,repeated_peaks,derived_event_onset,259.6410675048828,259.6410675048828,259.7454071044922,0.1083526611328125
jaw,HR-3-8-26-(02).csv,/Users/yanivnaggar/Desktop/Spring 2026/IS/OPENBCI_runs/Yaniv/HR-3-8-26-(02).csv,2026-03-08,2,train,REPEATED,35,70,repeated_peaks,derived_event_onset,260.1427001953125,260.1427001953125,260.28717041015625,0.1484832763671875
jaw,HR-3-8-26-(02).csv,/Users/yanivnaggar/Desktop/Spring 2026/IS/OPENBCI_runs/Yaniv/HR-3-8-26-(02).csv,2026-03-08,2,train,REPEATED,35,71,repeated_peaks,derived_event_onset,260.73663330078125,260.73663330078125,260.90919494628906,0.17657470703125
jaw,HR-3-8-26-(02).csv,/Users/yanivnaggar/Desktop/Spring 2026/IS/OPENBCI_runs/Yaniv/HR-3-8-26-(02).csv,2026-03-08,2,train,REPEATED,35,72,repeated_peaks,derived_event_onset,261.2743835449219,261.2743835449219,261.45497131347656,0.184600830078125
jaw,HR-3-8-26-(02).csv,/Users/yanivnaggar/Desktop/Spring 2026/IS/OPENBCI_runs/Yaniv/HR-3-8-26-(02).csv,2026-03-08,2,train,REPEATED,35,73,repeated_peaks,derived_event_onset,261.9004211425781,261.9004211425781,262.0930480957031,0.1966400146484375
jaw,HR-3-8-26-(02).csv,/Users/yanivnaggar/Desktop/Spring 2026/IS/OPENBCI_runs/Yaniv/HR-3-8-26-(02).csv,2026-03-08,2,train,REPEATED,35,74,repeated_peaks,derived_event_onset,262.50238037109375,262.50238037109375,262.68296813964844,0.184600830078125
jaw,HR-3-8-26-(02).csv,/Users/yanivnaggar/Desktop/Spring 2026/IS/OPENBCI_runs/Yaniv/HR-3-8-26-(02).csv,2026-03-08,2,train,REPEATED,35,75,repeated_peaks,derived_event_onset,263.06019592285156,263.06019592285156,263.2367706298828,0.1805877685546875
jaw,HR-3-8-26-(02).csv,/Users/yanivnaggar/Desktop/Spring 2026/IS/OPENBCI_runs/Yaniv/HR-3-8-26-(02).csv,2026-03-08,2,train,REPEATED,35,76,repeated_peaks,derived_event_onset,263.60597229003906,263.60597229003906,263.7464294433594,0.14447021484375
jaw,HR-3-8-26-(02).csv,/Users/yanivnaggar/Desktop/Spring 2026/IS/OPENBCI_runs/Yaniv/HR-3-8-26-(02).csv,2026-03-08,2,train,HOLD,37,77,hold_marker_edges,derived_event_onset,318.23577880859375,318.23577880859375,318.4324188232422,0.200653076171875
jaw,HR-3-8-26-(02).csv,/Users/yanivnaggar/Desktop/Spring 2026/IS/OPENBCI_runs/Yaniv/HR-3-8-26-(02).csv,2026-03-08,2,train,REPEATED,39,78,repeated_coarse_fallback,derived_event_onset,333.08009338378906,333.08009338378906,333.2767333984375,0.200653076171875
jaw,HR-3-8-26-(02).csv,/Users/yanivnaggar/Desktop/Spring 2026/IS/OPENBCI_runs/Yaniv/HR-3-8-26-(02).csv,2026-03-08,2,train,HOLD,41,79,hold_marker_edges,derived_event_onset,353.31394958496094,353.31394958496094,353.5105895996094,0.200653076171875
jaw,HR-3-8-26-(02).csv,/Users/yanivnaggar/Desktop/Spring 2026/IS/OPENBCI_runs/Yaniv/HR-3-8-26-(02).csv,2026-03-08,2,train,REPEATED,43,80,repeated_coarse_fallback,derived_event_onset,367.1871032714844,367.1871032714844,367.3837432861328,0.200653076171875
jaw,HR-3-8-26-(02).csv,/Users/yanivnaggar/Desktop/Spring 2026/IS/OPENBCI_runs/Yaniv/HR-3-8-26-(02).csv,2026-03-08,2,train,HOLD,45,81,hold_marker_edges,derived_event_onset,381.82273864746094,381.82273864746094,382.0193786621094,0.200653076171875
jaw,HR-3-8-26-(02).csv,/Users/yanivnaggar/Desktop/Spring 2026/IS/OPENBCI_runs/Yaniv/HR-3-8-26-(02).csv,2026-03-08,2,train,REPEATED,47,82,repeated_coarse_fallback,derived_event_onset,396.28179931640625,396.28179931640625,396.4784393310547,0.200653076171875
jaw,HR-3-8-26-(02).csv,/Users/yanivnaggar/Desktop/Spring 2026/IS/OPENBCI_runs/Yaniv/HR-3-8-26-(02).csv,2026-03-08,2,train,HOLD,49,83,hold_marker_edges,derived_event_onset,416.3832244873047,416.3832244873047,416.5798645019531,0.200653076171875
jaw,HR-3-8-26-(02).csv,/Users/yanivnaggar/Desktop/Spring 2026/IS/OPENBCI_runs/Yaniv/HR-3-8-26-(02).csv,2026-03-08,2,train,REPEATED,51,84,repeated_coarse_fallback,derived_event_onset,429.4818572998047,429.4818572998047,429.6784973144531,0.200653076171875
jaw,HR-3-8-26-(02).csv,/Users/yanivnaggar/Desktop/Spring 2026/IS/OPENBCI_runs/Yaniv/HR-3-8-26-(02).csv,2026-03-08,2,train,HOLD,53,85,hold_marker_edges,derived_event_onset,447.25169372558594,447.25169372558594,447.4483337402344,0.200653076171875
jaw,HR-3-8-26-(02).csv,/Users/yanivnaggar/Desktop/Spring 2026/IS/OPENBCI_runs/Yaniv/HR-3-8-26-(02).csv,2026-03-08,2,train,REPEATED,55,86,repeated_coarse_fallback,derived_event_onset,463.39222717285156,463.39222717285156,463.5888671875,0.200653076171875
jaw,HR-3-8-26-(02).csv,/Users/yanivnaggar/Desktop/Spring 2026/IS/OPENBCI_runs/Yaniv/HR-3-8-26-(02).csv,2026-03-08,2,train,HOLD,57,87,hold_marker_edges,derived_event_onset,489.0397033691406,489.0397033691406,489.23634338378906,0.200653076171875
jaw,HR-3-8-26-(02).csv,/Users/yanivnaggar/Desktop/Spring 2026/IS/OPENBCI_runs/Yaniv/HR-3-8-26-(02).csv,2026-03-08,2,train,REPEATED,59,88,repeated_coarse_fallback,derived_event_onset,506.50856018066406,506.50856018066406,506.7052001953125,0.200653076171875
jaw,HR-3-8-26-(02).csv,/Users/yanivnaggar/Desktop/Spring 2026/IS/OPENBCI_runs/Yaniv/HR-3-8-26-(02).csv,2026-03-08,2,train,HOLD,61,89,hold_marker_edges,derived_event_onset,528.7208557128906,528.7208557128906,528.9174957275391,0.200653076171875
jaw,HR-3-8-26-(02).csv,/Users/yanivnaggar/Desktop/Spring 2026/IS/OPENBCI_runs/Yaniv/HR-3-8-26-(02).csv,2026-03-08,2,train,REPEATED,63,90,repeated_coarse_fallback,derived_event_onset,541.8355407714844,541.8355407714844,542.0321807861328,0.200653076171875
jaw,HR-3-8-26-(02).csv,/Users/yanivnaggar/Desktop/Spring 2026/IS/OPENBCI_runs/Yaniv/HR-3-8-26-(02).csv,2026-03-08,2,train,HOLD,65,91,hold_marker_edges,derived_event_onset,558.5178375244141,558.5178375244141,558.7144775390625,0.200653076171875
jaw,HR-3-8-26-(02).csv,/Users/yanivnaggar/Desktop/Spring 2026/IS/OPENBCI_runs/Yaniv/HR-3-8-26-(02).csv,2026-03-08,2,train,REPEATED,67,92,repeated_coarse_fallback,derived_event_onset,573.5547790527344,573.5547790527344,573.7514190673828,0.200653076171875
jaw,HR-3-8-26-(02).csv,/Users/yanivnaggar/Desktop/Spring 2026/IS/OPENBCI_runs/Yaniv/HR-3-8-26-(02).csv,2026-03-08,2,train,HOLD,69,93,hold_marker_edges,derived_event_onset,590.4096374511719,590.4096374511719,590.6062774658203,0.200653076171875
jaw,HR-3-8-26-(02).csv,/Users/yanivnaggar/Desktop/Spring 2026/IS/OPENBCI_runs/Yaniv/HR-3-8-26-(02).csv,2026-03-08,2,train,REPEATED,71,94,repeated_coarse_fallback,derived_event_onset,604.7282409667969,604.7282409667969,604.9248809814453,0.200653076171875
