strategy_name,trigger_config_name,filename,file_path,parsed_date,session_rank,split_role,center_time_sec,coarse_label_center,pred_4state,event_label_true,trigger_reason,clench_probability,onset_probability,active_probability,inactive_probability,aggregate_rms_smooth_mean,armed_after_step
hybrid_transition,hybrid_transition_cl0p70_on0p45_ac0p50_re0p40_sm1_cd350_rise0p04,HR-2-27-26-(01).csv,/Users/yanivnaggar/Desktop/Spring 2026/IS/OPENBCI_runs/Yaniv/HR-2-27-26-(01).csv,2026-02-27,1,train,46.13649845123291,HOLD,ONSET,ACTIVE,hybrid_onset_crossing,0.5240615733002048,0.861205005549935,0.020129926343364118,0.11082935945779694,0.3619481992506411,False
hybrid_transition,hybrid_transition_cl0p70_on0p45_ac0p50_re0p40_sm1_cd350_rise0p04,HR-2-27-26-(01).csv,/Users/yanivnaggar/Desktop/Spring 2026/IS/OPENBCI_runs/Yaniv/HR-2-27-26-(01).csv,2026-02-27,1,train,59.87715125083923,REPEATED,ONSET,INACTIVE,hybrid_onset_crossing,0.4167328731017067,0.6307645918989073,0.06282966922880433,0.27959620102163557,0.24374754049705014,False
hybrid_transition,hybrid_transition_cl0p70_on0p45_ac0p50_re0p40_sm1_cd350_rise0p04,HR-2-27-26-(01).csv,/Users/yanivnaggar/Desktop/Spring 2026/IS/OPENBCI_runs/Yaniv/HR-2-27-26-(01).csv,2026-02-27,1,train,83.34658741950989,HOLD,ONSET,ONSET,hybrid_onset_crossing,0.4769692289599584,0.8649767461614573,0.012219913825213828,0.11640478844060749,0.2968203074017263,False
hybrid_transition,hybrid_transition_cl0p70_on0p45_ac0p50_re0p40_sm1_cd350_rise0p04,HR-2-27-26-(01).csv,/Users/yanivnaggar/Desktop/Spring 2026/IS/OPENBCI_runs/Yaniv/HR-2-27-26-(01).csv,2026-02-27,1,train,97.78931736946106,REPEATED,ONSET,INACTIVE,hybrid_onset_crossing,0.369952298177467,0.625004746176068,0.04379877968086876,0.30904963492074716,0.23499586740428038,False
hybrid_transition,hybrid_transition_cl0p70_on0p45_ac0p50_re0p40_sm1_cd350_rise0p04,HR-2-27-26-(01).csv,/Users/yanivnaggar/Desktop/Spring 2026/IS/OPENBCI_runs/Yaniv/HR-2-27-26-(01).csv,2026-02-27,1,train,98.39109778404236,REPEATED,ONSET,INACTIVE,hybrid_onset_crossing,0.4295125880751619,0.5009589908325139,0.13608158217130722,0.3003847308334701,0.22700615919189743,False
hybrid_transition,hybrid_transition_cl0p70_on0p45_ac0p50_re0p40_sm1_cd350_rise0p04,HR-2-27-26-(01).csv,/Users/yanivnaggar/Desktop/Spring 2026/IS/OPENBCI_runs/Yaniv/HR-2-27-26-(01).csv,2026-02-27,1,train,100.2967357635498,REPEATED,ONSET,INACTIVE,hybrid_onset_crossing,0.4909972355258878,0.6918200743557285,0.0682830559790069,0.2119916015941395,0.3249173683414284,False
hybrid_transition,hybrid_transition_cl0p70_on0p45_ac0p50_re0p40_sm1_cd350_rise0p04,HR-2-27-26-(01).csv,/Users/yanivnaggar/Desktop/Spring 2026/IS/OPENBCI_runs/Yaniv/HR-2-27-26-(01).csv,2026-02-27,1,train,120.85756659507751,HOLD,ONSET,ONSET,hybrid_onset_crossing,0.47775228135192893,0.8331885395113959,0.01681550726967791,0.14478146089435948,0.3525035019750763,False
hybrid_transition,hybrid_transition_cl0p70_on0p45_ac0p50_re0p40_sm1_cd350_rise0p04,HR-2-27-26-(01).csv,/Users/yanivnaggar/Desktop/Spring 2026/IS/OPENBCI_runs/Yaniv/HR-2-27-26-(01).csv,2026-02-27,1,train,134.4979226589203,REPEATED,ONSET,INACTIVE,hybrid_onset_crossing,0.47567337232629214,0.8914855858799291,0.006459467709753477,0.10019938720276945,0.3631822026173279,False
hybrid_transition,hybrid_transition_cl0p70_on0p45_ac0p50_re0p40_sm1_cd350_rise0p04,HR-2-27-26-(01).csv,/Users/yanivnaggar/Desktop/Spring 2026/IS/OPENBCI_runs/Yaniv/HR-2-27-26-(01).csv,2026-02-27,1,train,145.83145380020142,REST,ONSET,INACTIVE,hybrid_onset_crossing,0.870160916318138,0.8581992223897011,0.0736782891266899,0.006086282778646786,0.5552525279193664,False
hybrid_transition,hybrid_transition_cl0p70_on0p45_ac0p50_re0p40_sm1_cd350_rise0p04,HR-2-27-26-(01).csv,/Users/yanivnaggar/Desktop/Spring 2026/IS/OPENBCI_runs/Yaniv/HR-2-27-26-(01).csv,2026-02-27,1,train,159.07062292099,HOLD,ONSET,ACTIVE,hybrid_onset_crossing,0.5031156118789699,0.9082951851011616,0.006216143823790064,0.08053331067582498,0.3428252270736107,False
hybrid_transition,hybrid_transition_cl0p70_on0p45_ac0p50_re0p40_sm1_cd350_rise0p04,HR-2-27-26-(01).csv,/Users/yanivnaggar/Desktop/Spring 2026/IS/OPENBCI_runs/Yaniv/HR-2-27-26-(01).csv,2026-02-27,1,train,173.11216592788696,REPEATED,ONSET,INACTIVE,hybrid_onset_crossing,0.5531949900741736,0.9310590080447728,0.007311887148080711,0.05778817993089277,0.38778276742474566,False
hybrid_transition,hybrid_transition_cl0p70_on0p45_ac0p50_re0p40_sm1_cd350_rise0p04,HR-2-27-26-(01).csv,/Users/yanivnaggar/Desktop/Spring 2026/IS/OPENBCI_runs/Yaniv/HR-2-27-26-(01).csv,2026-02-27,1,train,198.3869433403015,HOLD,ONSET,ACTIVE,hybrid_onset_crossing,0.4230110921132406,0.46032719245952486,0.15215674134348467,0.31549702712725086,0.20952368560978532,False
hybrid_transition,hybrid_transition_cl0p70_on0p45_ac0p50_re0p40_sm1_cd350_rise0p04,HR-2-27-26-(01).csv,/Users/yanivnaggar/Desktop/Spring 2026/IS/OPENBCI_runs/Yaniv/HR-2-27-26-(01).csv,2026-02-27,1,train,212.32818961143494,REPEATED,ONSET,INACTIVE,hybrid_onset_crossing,0.452488115986891,0.4663167816979714,0.17108430596365679,0.29515959701571454,0.2197514125790006,False
hybrid_transition,hybrid_transition_cl0p70_on0p45_ac0p50_re0p40_sm1_cd350_rise0p04,HR-2-27-26-(01).csv,/Users/yanivnaggar/Desktop/Spring 2026/IS/OPENBCI_runs/Yaniv/HR-2-27-26-(01).csv,2026-02-27,1,train,238.10445070266724,HOLD,ONSET,ACTIVE,hybrid_onset_crossing,0.472884253287401,0.7484551786686161,0.05390993512764465,0.17083465724573688,0.27022425992582827,False
hybrid_transition,hybrid_transition_cl0p70_on0p45_ac0p50_re0p40_sm1_cd350_rise0p04,HR-2-27-26-(01).csv,/Users/yanivnaggar/Desktop/Spring 2026/IS/OPENBCI_runs/Yaniv/HR-2-27-26-(01).csv,2026-02-27,1,train,252.14599370956424,REPEATED,ONSET,ONSET,hybrid_onset_crossing,0.6604461280859328,0.9554297929197522,0.010629656465566635,0.029475964669347553,0.4084589943504039,False
hybrid_transition,hybrid_transition_cl0p70_on0p45_ac0p50_re0p40_sm1_cd350_rise0p04,HR-2-27-26-(01).csv,/Users/yanivnaggar/Desktop/Spring 2026/IS/OPENBCI_runs/Yaniv/HR-2-27-26-(01).csv,2026-02-27,1,train,254.05163168907168,REPEATED,ONSET,INACTIVE,hybrid_onset_crossing,0.5512267200331391,0.9017067123859528,0.01067578988737263,0.0825852800686221,0.38456932297058666,False
hybrid_transition,hybrid_transition_cl0p70_on0p45_ac0p50_re0p40_sm1_cd350_rise0p04,HR-2-27-26-(01).csv,/Users/yanivnaggar/Desktop/Spring 2026/IS/OPENBCI_runs/Yaniv/HR-2-27-26-(01).csv,2026-02-27,1,train,277.3204743862152,REST,ONSET,INACTIVE,hybrid_onset_crossing,0.41196551661926073,0.7864162930041328,0.015683771792426752,0.19152119426142414,0.29753413661522343,False
hybrid_transition,hybrid_transition_cl0p70_on0p45_ac0p50_re0p40_sm1_cd350_rise0p04,HR-2-27-26-(01).csv,/Users/yanivnaggar/Desktop/Spring 2026/IS/OPENBCI_runs/Yaniv/HR-2-27-26-(01).csv,2026-02-27,1,train,291.7632043361664,REPEATED,ONSET,INACTIVE,hybrid_onset_crossing,0.3977899143986595,0.4579507436664889,0.1538701049267811,0.3048079973482909,0.1679756615748647,False
hybrid_transition,hybrid_transition_cl0p70_on0p45_ac0p50_re0p40_sm1_cd350_rise0p04,HR-2-27-26-(01).csv,/Users/yanivnaggar/Desktop/Spring 2026/IS/OPENBCI_runs/Yaniv/HR-2-27-26-(01).csv,2026-02-27,1,train,292.66587495803833,REPEATED,ONSET,INACTIVE,hybrid_onset_crossing,0.5284728331610085,0.8607190014393767,0.02179652638851813,0.1029883466785288,0.32199219455207506,False
hybrid_transition,hybrid_transition_cl0p70_on0p45_ac0p50_re0p40_sm1_cd350_rise0p04,HR-2-27-26-(01).csv,/Users/yanivnaggar/Desktop/Spring 2026/IS/OPENBCI_runs/Yaniv/HR-2-27-26-(01).csv,2026-02-27,1,train,293.3679521083832,REPEATED,ONSET,ONSET,hybrid_onset_crossing,0.6868410373176249,0.5241102308809608,0.3073740467723923,0.07748673565308897,0.4484543878962701,False
hybrid_transition,hybrid_transition_cl0p70_on0p45_ac0p50_re0p40_sm1_cd350_rise0p04,HR-2-27-26-(01).csv,/Users/yanivnaggar/Desktop/Spring 2026/IS/OPENBCI_runs/Yaniv/HR-2-27-26-(01).csv,2026-02-27,1,train,294.1703259944916,REPEATED,ONSET,INACTIVE,hybrid_onset_crossing,0.5283177815043683,0.8256686795273173,0.027782391381610344,0.13320576018195437,0.338417795558711,False
hybrid_transition,hybrid_transition_cl0p70_on0p45_ac0p50_re0p40_sm1_cd350_rise0p04,HR-2-27-26-(01).csv,/Users/yanivnaggar/Desktop/Spring 2026/IS/OPENBCI_runs/Yaniv/HR-2-27-26-(01).csv,2026-02-27,1,train,319.6456968784332,HOLD,ONSET,ACTIVE,hybrid_onset_crossing,0.43149658837346294,0.5199871136301021,0.14530977527394756,0.26574911936091605,0.2096838697743869,False
hybrid_transition,hybrid_transition_cl0p70_on0p45_ac0p50_re0p40_sm1_cd350_rise0p04,HR-2-27-26-(01).csv,/Users/yanivnaggar/Desktop/Spring 2026/IS/OPENBCI_runs/Yaniv/HR-2-27-26-(01).csv,2026-02-27,1,train,334.18872356414795,REPEATED,ONSET,INACTIVE,hybrid_onset_crossing,0.547606588749991,0.8481181453551453,0.021208587988068107,0.12614186076505673,0.3548865670851214,False
hybrid_transition,hybrid_transition_cl0p70_on0p45_ac0p50_re0p40_sm1_cd350_rise0p04,HR-2-27-26-(01).csv,/Users/yanivnaggar/Desktop/Spring 2026/IS/OPENBCI_runs/Yaniv/HR-2-27-26-(01).csv,2026-02-27,1,train,361.4694356918335,HOLD,ONSET,ACTIVE,hybrid_onset_crossing,0.47411354395536254,0.7293005423707336,0.06100746152569408,0.17227288941742788,0.2057462944696256,False
hybrid_transition,hybrid_transition_cl0p70_on0p45_ac0p50_re0p40_sm1_cd350_rise0p04,HR-2-27-26-(01).csv,/Users/yanivnaggar/Desktop/Spring 2026/IS/OPENBCI_runs/Yaniv/HR-2-27-26-(01).csv,2026-02-27,1,train,375.51097869873047,REPEATED,ONSET,INACTIVE,hybrid_onset_crossing,0.4151154472512145,0.8135141522057958,0.0159131238011164,0.16226974883890122,0.2820801102371667,False
hybrid_transition,hybrid_transition_cl0p70_on0p45_ac0p50_re0p40_sm1_cd350_rise0p04,HR-2-27-26-(01).csv,/Users/yanivnaggar/Desktop/Spring 2026/IS/OPENBCI_runs/Yaniv/HR-2-27-26-(01).csv,2026-02-27,1,train,397.5762605667114,REST,ONSET,INACTIVE,hybrid_onset_crossing,0.46396600140955313,0.46512028469958355,0.19241308203168495,0.17788235255134396,0.20071109072167398,False
hybrid_transition,hybrid_transition_cl0p70_on0p45_ac0p50_re0p40_sm1_cd350_rise0p04,HR-2-27-26-(01).csv,/Users/yanivnaggar/Desktop/Spring 2026/IS/OPENBCI_runs/Yaniv/HR-2-27-26-(01).csv,2026-02-27,1,train,399.9833822250366,HOLD,ONSET,ONSET,hybrid_onset_crossing,0.5439178249066585,0.5037571564640458,0.2020321277793569,0.17911277397592312,0.22993306342763384,False
hybrid_transition,hybrid_transition_cl0p70_on0p45_ac0p50_re0p40_sm1_cd350_rise0p04,HR-2-27-26-(01).csv,/Users/yanivnaggar/Desktop/Spring 2026/IS/OPENBCI_runs/Yaniv/HR-2-27-26-(01).csv,2026-02-27,1,train,414.2255187034607,REPEATED,ONSET,INACTIVE,hybrid_onset_crossing,0.43483815229558387,0.9007928048610913,0.0050223539548763475,0.09104949643957823,0.3171590300291307,False
hybrid_transition,hybrid_transition_cl0p70_on0p45_ac0p50_re0p40_sm1_cd350_rise0p04,HR-2-27-26-(01).csv,/Users/yanivnaggar/Desktop/Spring 2026/IS/OPENBCI_runs/Yaniv/HR-2-27-26-(01).csv,2026-02-27,1,train,441.70682430267334,HOLD,ONSET,ACTIVE,hybrid_onset_crossing,0.4551775052715147,0.8453093061578068,0.01848022100919717,0.1255040613606702,0.285095481685903,False
hybrid_transition,hybrid_transition_cl0p70_on0p45_ac0p50_re0p40_sm1_cd350_rise0p04,HR-2-27-26-(01).csv,/Users/yanivnaggar/Desktop/Spring 2026/IS/OPENBCI_runs/Yaniv/HR-2-27-26-(01).csv,2026-02-27,1,train,454.44450974464417,REPEATED,ONSET,INACTIVE,hybrid_onset_crossing,0.4981659587349776,0.9408469907073324,0.0034540677646363134,0.053973001949752575,0.30992683958599804,False
hybrid_transition,hybrid_transition_cl0p70_on0p45_ac0p50_re0p40_sm1_cd350_rise0p04,HR-2-27-26-(01).csv,/Users/yanivnaggar/Desktop/Spring 2026/IS/OPENBCI_runs/Yaniv/HR-2-27-26-(01).csv,2026-02-27,1,train,455.7483673095703,REPEATED,ONSET,INACTIVE,hybrid_onset_crossing,0.4695548445487553,0.6806589394966521,0.06862565323646704,0.21272506583087203,0.268533173498885,False
hybrid_transition,hybrid_transition_cl0p70_on0p45_ac0p50_re0p40_sm1_cd350_rise0p04,HR-2-27-26-(01).csv,/Users/yanivnaggar/Desktop/Spring 2026/IS/OPENBCI_runs/Yaniv/HR-2-27-26-(01).csv,2026-02-27,1,train,479.7192871570587,HOLD,ONSET,ONSET,hybrid_onset_crossing,0.46364714316783073,0.860551230270115,0.013425598968501196,0.12028909986732325,0.2873622782637621,False
hybrid_transition,hybrid_transition_cl0p70_on0p45_ac0p50_re0p40_sm1_cd350_rise0p04,HR-2-27-26-(01).csv,/Users/yanivnaggar/Desktop/Spring 2026/IS/OPENBCI_runs/Yaniv/HR-2-27-26-(01).csv,2026-02-27,1,train,494.86409425735474,REPEATED,ONSET,INACTIVE,hybrid_onset_crossing,0.5983552768199063,0.9763620439129059,0.001747940282617199,0.02136881666542135,0.4099170155475425,False
hybrid_transition,hybrid_transition_cl0p70_on0p45_ac0p50_re0p40_sm1_cd350_rise0p04,HR-2-27-26-(01).csv,/Users/yanivnaggar/Desktop/Spring 2026/IS/OPENBCI_runs/Yaniv/HR-2-27-26-(01).csv,2026-02-27,1,train,496.06765508651733,REPEATED,ONSET,INACTIVE,hybrid_onset_crossing,0.4745526193358329,0.6500031509096977,0.07510209653854837,0.23985444493938102,0.3159037812222191,False
hybrid_transition,hybrid_transition_cl0p70_on0p45_ac0p50_re0p40_sm1_cd350_rise0p04,HR-2-27-26-(01).csv,/Users/yanivnaggar/Desktop/Spring 2026/IS/OPENBCI_runs/Yaniv/HR-2-27-26-(01).csv,2026-02-27,1,train,498.5750734806061,REPEATED,ONSET,INACTIVE,hybrid_onset_crossing,0.5002278838863095,0.8298809236728227,0.02296349164448237,0.13507855179410208,0.3529504329084345,False
hybrid_transition,hybrid_transition_cl0p70_on0p45_ac0p50_re0p40_sm1_cd350_rise0p04,HR-3-8-26-(02).csv,/Users/yanivnaggar/Desktop/Spring 2026/IS/OPENBCI_runs/Yaniv/HR-3-8-26-(02).csv,2026-03-08,2,train,52.972412109375,HOLD,ONSET,ACTIVE,hybrid_onset_crossing,0.621781140748719,0.9642312462348029,0.005264081189941097,0.02683649985005232,0.3783914659365166,False
hybrid_transition,hybrid_transition_cl0p70_on0p45_ac0p50_re0p40_sm1_cd350_rise0p04,HR-3-8-26-(02).csv,/Users/yanivnaggar/Desktop/Spring 2026/IS/OPENBCI_runs/Yaniv/HR-3-8-26-(02).csv,2026-03-08,2,train,62.20245361328125,REPEATED,ONSET,INACTIVE,hybrid_onset_crossing,0.45796159400945324,0.7179970585222881,0.042516744734775964,0.22450045004355487,0.273167446962654,False
hybrid_transition,hybrid_transition_cl0p70_on0p45_ac0p50_re0p40_sm1_cd350_rise0p04,HR-3-8-26-(02).csv,/Users/yanivnaggar/Desktop/Spring 2026/IS/OPENBCI_runs/Yaniv/HR-3-8-26-(02).csv,2026-03-08,2,train,79.35829162597656,HOLD,ONSET,ACTIVE,hybrid_onset_crossing,0.5610835982380952,0.8922757935780438,0.014924447461865201,0.08752198471686591,0.4004843303084706,False
hybrid_transition,hybrid_transition_cl0p70_on0p45_ac0p50_re0p40_sm1_cd350_rise0p04,HR-3-8-26-(02).csv,/Users/yanivnaggar/Desktop/Spring 2026/IS/OPENBCI_runs/Yaniv/HR-3-8-26-(02).csv,2026-03-08,2,train,89.69192504882812,REPEATED,ONSET,INACTIVE,hybrid_onset_crossing,0.43322781924317055,0.5475220754000512,0.10615970833570472,0.3036593815895646,0.23206954869097834,False
hybrid_transition,hybrid_transition_cl0p70_on0p45_ac0p50_re0p40_sm1_cd350_rise0p04,HR-3-8-26-(02).csv,/Users/yanivnaggar/Desktop/Spring 2026/IS/OPENBCI_runs/Yaniv/HR-3-8-26-(02).csv,2026-03-08,2,train,107.75070190429688,HOLD,ONSET,ONSET,hybrid_onset_crossing,0.42328776608926133,0.5441995567562184,0.08743896690604223,0.32108124982389014,0.22791674277307364,False
hybrid_transition,hybrid_transition_cl0p70_on0p45_ac0p50_re0p40_sm1_cd350_rise0p04,HR-3-8-26-(02).csv,/Users/yanivnaggar/Desktop/Spring 2026/IS/OPENBCI_runs/Yaniv/HR-3-8-26-(02).csv,2026-03-08,2,train,116.17813110351562,REPEATED,ONSET,INACTIVE,hybrid_onset_crossing,0.4679841106111817,0.720416664159997,0.04529451419110062,0.21234088487377145,0.3116494252498183,False
hybrid_transition,hybrid_transition_cl0p70_on0p45_ac0p50_re0p40_sm1_cd350_rise0p04,HR-3-8-26-(02).csv,/Users/yanivnaggar/Desktop/Spring 2026/IS/OPENBCI_runs/Yaniv/HR-3-8-26-(02).csv,2026-03-08,2,train,118.18466186523438,REPEATED,ONSET,ONSET,hybrid_onset_crossing,0.7071135321999567,0.972712744077208,0.003374348448475241,0.021984501181990634,0.5301725520363479,False
hybrid_transition,hybrid_transition_cl0p70_on0p45_ac0p50_re0p40_sm1_cd350_rise0p04,HR-3-8-26-(02).csv,/Users/yanivnaggar/Desktop/Spring 2026/IS/OPENBCI_runs/Yaniv/HR-3-8-26-(02).csv,2026-03-08,2,train,131.52809143066406,HOLD,ONSET,ONSET,hybrid_onset_crossing,0.416978854865683,0.555266671413105,0.09143099259551424,0.3147319921547342,0.21468701853665806,False
hybrid_transition,hybrid_transition_cl0p70_on0p45_ac0p50_re0p40_sm1_cd350_rise0p04,HR-3-8-26-(02).csv,/Users/yanivnaggar/Desktop/Spring 2026/IS/OPENBCI_runs/Yaniv/HR-3-8-26-(02).csv,2026-03-08,2,train,139.45388793945312,REPEATED,ONSET,INACTIVE,hybrid_onset_crossing,0.5774832171870874,0.7178288533550561,0.08279250503605591,0.16192045054419424,0.3602970559974933,False
hybrid_transition,hybrid_transition_cl0p70_on0p45_ac0p50_re0p40_sm1_cd350_rise0p04,HR-3-8-26-(02).csv,/Users/yanivnaggar/Desktop/Spring 2026/IS/OPENBCI_runs/Yaniv/HR-3-8-26-(02).csv,2026-03-08,2,train,153.19862365722656,HOLD,ONSET,ONSET,hybrid_onset_crossing,0.5024583618825905,0.8750022601170007,0.00920897509059991,0.11249727526410706,0.4019486094228376,False
hybrid_transition,hybrid_transition_cl0p70_on0p45_ac0p50_re0p40_sm1_cd350_rise0p04,HR-3-8-26-(02).csv,/Users/yanivnaggar/Desktop/Spring 2026/IS/OPENBCI_runs/Yaniv/HR-3-8-26-(02).csv,2026-03-08,2,train,160.92376708984375,REPEATED,ONSET,INACTIVE,hybrid_onset_crossing,0.4698723317889968,0.7620598945196573,0.029709219963809513,0.1963526991665606,0.36472099922459406,False
hybrid_transition,hybrid_transition_cl0p70_on0p45_ac0p50_re0p40_sm1_cd350_rise0p04,HR-3-8-26-(02).csv,/Users/yanivnaggar/Desktop/Spring 2026/IS/OPENBCI_runs/Yaniv/HR-3-8-26-(02).csv,2026-03-08,2,train,174.36752319335938,HOLD,ONSET,ONSET,hybrid_onset_crossing,0.49062084245919635,0.8420102114677114,0.01611504482228381,0.13337201506266294,0.3514998187110821,False
hybrid_transition,hybrid_transition_cl0p70_on0p45_ac0p50_re0p40_sm1_cd350_rise0p04,HR-3-8-26-(02).csv,/Users/yanivnaggar/Desktop/Spring 2026/IS/OPENBCI_runs/Yaniv/HR-3-8-26-(02).csv,2026-03-08,2,train,183.59756469726562,REPEATED,ONSET,INACTIVE,hybrid_onset_crossing,0.5044529860590075,0.8845632982106306,0.005937910201936908,0.10683618708870884,0.37768141033765273,False
hybrid_transition,hybrid_transition_cl0p70_on0p45_ac0p50_re0p40_sm1_cd350_rise0p04,HR-3-8-26-(02).csv,/Users/yanivnaggar/Desktop/Spring 2026/IS/OPENBCI_runs/Yaniv/HR-3-8-26-(02).csv,2026-03-08,2,train,197.24197387695312,HOLD,ONSET,ONSET,hybrid_onset_crossing,0.42015208759866907,0.4501860207433512,0.15004469965512685,0.3403285997671171,0.20461612262230452,False
hybrid_transition,hybrid_transition_cl0p70_on0p45_ac0p50_re0p40_sm1_cd350_rise0p04,HR-3-8-26-(02).csv,/Users/yanivnaggar/Desktop/Spring 2026/IS/OPENBCI_runs/Yaniv/HR-3-8-26-(02).csv,2026-03-08,2,train,205.9703826904297,REST,ONSET,INACTIVE,hybrid_onset_crossing,0.38524601993508445,0.4995592390074223,0.12806434944979017,0.3097810565185565,0.14305956501926242,False
hybrid_transition,hybrid_transition_cl0p70_on0p45_ac0p50_re0p40_sm1_cd350_rise0p04,HR-3-8-26-(02).csv,/Users/yanivnaggar/Desktop/Spring 2026/IS/OPENBCI_runs/Yaniv/HR-3-8-26-(02).csv,2026-03-08,2,train,206.7729949951172,REPEATED,ONSET,ONSET,hybrid_onset_crossing,0.6641694160544922,0.9757485483238727,0.00271153972929524,0.01999648089655408,0.46574380527143994,False
hybrid_transition,hybrid_transition_cl0p70_on0p45_ac0p50_re0p40_sm1_cd350_rise0p04,HR-3-8-26-(02).csv,/Users/yanivnaggar/Desktop/Spring 2026/IS/OPENBCI_runs/Yaniv/HR-3-8-26-(02).csv,2026-03-08,2,train,224.12948608398438,HOLD,ONSET,ONSET,hybrid_onset_crossing,0.4504376023008172,0.8439671498555166,0.01658693173019204,0.13110141993821892,0.2853801878688191,False
hybrid_transition,hybrid_transition_cl0p70_on0p45_ac0p50_re0p40_sm1_cd350_rise0p04,HR-3-8-26-(02).csv,/Users/yanivnaggar/Desktop/Spring 2026/IS/OPENBCI_runs/Yaniv/HR-3-8-26-(02).csv,2026-03-08,2,train,233.0585479736328,REPEATED,ONSET,ONSET,hybrid_onset_crossing,0.6237455232645142,0.9295294944273,0.009990241119374623,0.05635830082979706,0.4015629534531627,False
hybrid_transition,hybrid_transition_cl0p70_on0p45_ac0p50_re0p40_sm1_cd350_rise0p04,HR-3-8-26-(02).csv,/Users/yanivnaggar/Desktop/Spring 2026/IS/OPENBCI_runs/Yaniv/HR-3-8-26-(02).csv,2026-03-08,2,train,248.91014099121094,HOLD,ONSET,ONSET,hybrid_onset_crossing,0.5829194765631951,0.9449477530720657,0.005964149217218768,0.0452841140769106,0.38148821993299054,False
hybrid_transition,hybrid_transition_cl0p70_on0p45_ac0p50_re0p40_sm1_cd350_rise0p04,HR-3-8-26-(02).csv,/Users/yanivnaggar/Desktop/Spring 2026/IS/OPENBCI_runs/Yaniv/HR-3-8-26-(02).csv,2026-03-08,2,train,259.0431213378906,REST,ONSET,INACTIVE,hybrid_onset_crossing,0.402719745103006,0.6911803638280699,0.03569594710239994,0.2524812665820685,0.28529382528637925,False
hybrid_transition,hybrid_transition_cl0p70_on0p45_ac0p50_re0p40_sm1_cd350_rise0p04,HR-3-8-26-(02).csv,/Users/yanivnaggar/Desktop/Spring 2026/IS/OPENBCI_runs/Yaniv/HR-3-8-26-(02).csv,2026-03-08,2,train,268.17283630371094,REST,ONSET,INACTIVE,hybrid_onset_crossing,0.7400366431259815,0.9999999999998868,2.2807531403309764e-91,1.1321764002788803e-13,16.914817988955217,False
hybrid_transition,hybrid_transition_cl0p70_on0p45_ac0p50_re0p40_sm1_cd350_rise0p04,HR-3-8-26-(02).csv,/Users/yanivnaggar/Desktop/Spring 2026/IS/OPENBCI_runs/Yaniv/HR-3-8-26-(02).csv,2026-03-08,2,train,619.61669921875,REST,ONSET,INACTIVE,hybrid_onset_crossing,0.8351701503701109,0.9999997519359236,8.79875650140371e-28,2.480640763484886e-07,5.42782427587921,False
hybrid_transition,hybrid_transition_cl0p70_on0p45_ac0p50_re0p40_sm1_cd350_rise0p04,HR-3-8-26-(02).csv,/Users/yanivnaggar/Desktop/Spring 2026/IS/OPENBCI_runs/Yaniv/HR-3-8-26-(02).csv,2026-03-08,2,train,667.4724578857422,REST,ONSET,INACTIVE,hybrid_onset_crossing,0.5265954937756353,0.4763672578631578,0.2028696320360412,0.27188841690233473,0.2929739001643763,False
hybrid_transition,hybrid_transition_cl0p70_on0p45_ac0p50_re0p40_sm1_cd350_rise0p04,HR-3-8-26-(02).csv,/Users/yanivnaggar/Desktop/Spring 2026/IS/OPENBCI_runs/Yaniv/HR-3-8-26-(02).csv,2026-03-08,2,train,669.6796417236328,REST,ONSET,INACTIVE,hybrid_onset_crossing,0.48577343075251145,0.7153643078041463,0.045791564642357195,0.22399897974848462,0.3445256159530083,False
hybrid_transition,hybrid_transition_cl0p70_on0p45_ac0p50_re0p40_sm1_cd350_rise0p04,HR-3-8-26-(02).csv,/Users/yanivnaggar/Desktop/Spring 2026/IS/OPENBCI_runs/Yaniv/HR-3-8-26-(02).csv,2026-03-08,2,train,687.2367858886719,REST,ONSET,INACTIVE,hybrid_onset_crossing,0.4913985834588782,0.47340638063258017,0.16569885102378065,0.30601796924341995,0.28093833919840533,False
hybrid_transition,hybrid_transition_cl0p70_on0p45_ac0p50_re0p40_sm1_cd350_rise0p04,HR-3-8-26-(02).csv,/Users/yanivnaggar/Desktop/Spring 2026/IS/OPENBCI_runs/Yaniv/HR-3-8-26-(02).csv,2026-03-08,2,train,691.3501739501953,REST,ONSET,INACTIVE,hybrid_onset_crossing,0.555231462274177,0.7715977638482555,0.05830450209426781,0.15343690664478,0.4019623952972589,False
hybrid_transition,hybrid_transition_cl0p70_on0p45_ac0p50_re0p40_sm1_cd350_rise0p04,HR-3-8-26-(02).csv,/Users/yanivnaggar/Desktop/Spring 2026/IS/OPENBCI_runs/Yaniv/HR-3-8-26-(02).csv,2026-03-08,2,train,693.0557250976562,REST,ONSET,INACTIVE,hybrid_onset_crossing,0.6637943383637146,0.8962999193283578,0.028896761725902234,0.06425537689623896,0.45407317588155977,False
hybrid_transition,hybrid_transition_cl0p70_on0p45_ac0p50_re0p40_sm1_cd350_rise0p04,HR-3-8-26-(02).csv,/Users/yanivnaggar/Desktop/Spring 2026/IS/OPENBCI_runs/Yaniv/HR-3-8-26-(02).csv,2026-03-08,2,train,694.2596435546875,REST,ONSET,INACTIVE,hybrid_onset_crossing,0.6524269467613534,0.9075107128645492,0.022545180236122064,0.06193336052250843,0.48723411801987454,False
hybrid_transition,hybrid_transition_cl0p70_on0p45_ac0p50_re0p40_sm1_cd350_rise0p04,HR-3-8-26-(02).csv,/Users/yanivnaggar/Desktop/Spring 2026/IS/OPENBCI_runs/Yaniv/HR-3-8-26-(02).csv,2026-03-08,2,train,695.9651947021484,REST,ONSET,INACTIVE,hybrid_onset_crossing,0.377792775185819,0.5050347064311073,0.04633244717948818,0.43428235369010293,0.3062906907360746,False
hybrid_transition,hybrid_transition_cl0p70_on0p45_ac0p50_re0p40_sm1_cd350_rise0p04,HR-3-8-26-(02).csv,/Users/yanivnaggar/Desktop/Spring 2026/IS/OPENBCI_runs/Yaniv/HR-3-8-26-(02).csv,2026-03-08,2,train,697.4700927734375,REST,ONSET,INACTIVE,hybrid_onset_crossing,0.6843308026950767,0.9783480573656093,0.0033434928808922203,0.016141810542988192,0.4132767831578915,False
hybrid_transition,hybrid_transition_cl0p70_on0p45_ac0p50_re0p40_sm1_cd350_rise0p04,HR-3-8-26-(02).csv,/Users/yanivnaggar/Desktop/Spring 2026/IS/OPENBCI_runs/Yaniv/HR-3-8-26-(02).csv,2026-03-08,2,train,700.7808685302734,REST,ONSET,INACTIVE,hybrid_onset_crossing,0.5154049701738557,0.5153023283527235,0.193682394674252,0.22813054734144883,0.24577941057463148,False
hybrid_transition,hybrid_transition_cl0p70_on0p45_ac0p50_re0p40_sm1_cd350_rise0p04,HR-3-8-26-(02).csv,/Users/yanivnaggar/Desktop/Spring 2026/IS/OPENBCI_runs/Yaniv/HR-3-8-26-(02).csv,2026-03-08,2,train,704.4929504394531,REST,ONSET,INACTIVE,hybrid_onset_crossing,0.5684748978101879,0.8623490301077158,0.01925888944655882,0.11464632938261368,0.41005702087071505,False
hybrid_transition,hybrid_transition_cl0p70_on0p45_ac0p50_re0p40_sm1_cd350_rise0p04,HR-3-8-26-(02).csv,/Users/yanivnaggar/Desktop/Spring 2026/IS/OPENBCI_runs/Yaniv/HR-3-8-26-(02).csv,2026-03-08,2,train,716.8331146240234,REST,ONSET,INACTIVE,hybrid_onset_crossing,0.4525141699723557,0.5974578864608793,0.11053246465583118,0.2505723965630643,0.21298911464763706,False
hybrid_transition,hybrid_transition_cl0p70_on0p45_ac0p50_re0p40_sm1_cd350_rise0p04,HR-3-15-26-(03).csv,/Users/yanivnaggar/Desktop/Spring 2026/IS/OPENBCI_runs/Yaniv/HR-3-15-26-(03).csv,2026-03-15,3,test,45.64857482910156,HOLD,ONSET,ACTIVE,hybrid_onset_crossing,0.4894915659674668,0.8289037583818947,0.025788358076785943,0.12817651251337614,0.2920990964148789,False
hybrid_transition,hybrid_transition_cl0p70_on0p45_ac0p50_re0p40_sm1_cd350_rise0p04,HR-3-15-26-(03).csv,/Users/yanivnaggar/Desktop/Spring 2026/IS/OPENBCI_runs/Yaniv/HR-3-15-26-(03).csv,2026-03-15,3,test,60.09559631347656,REPEATED,ONSET,INACTIVE,hybrid_onset_crossing,0.4735877798675775,0.9024330187535023,0.006058677531695816,0.08772624220268414,0.3167609437963142,False
hybrid_transition,hybrid_transition_cl0p70_on0p45_ac0p50_re0p40_sm1_cd350_rise0p04,HR-3-15-26-(03).csv,/Users/yanivnaggar/Desktop/Spring 2026/IS/OPENBCI_runs/Yaniv/HR-3-15-26-(03).csv,2026-03-15,3,test,68.02139282226562,REPEATED,ONSET,ONSET,hybrid_onset_crossing,0.53658480065147,0.7894324601370213,0.02766130264084381,0.1726680987915092,0.4007245603119307,False
hybrid_transition,hybrid_transition_cl0p70_on0p45_ac0p50_re0p40_sm1_cd350_rise0p04,HR-3-15-26-(03).csv,/Users/yanivnaggar/Desktop/Spring 2026/IS/OPENBCI_runs/Yaniv/HR-3-15-26-(03).csv,2026-03-15,3,test,84.77592468261719,HOLD,ONSET,ACTIVE,hybrid_onset_crossing,0.6026352174107279,0.9066137938819872,0.02148386121084135,0.06287058127229693,0.34221197643984425,False
hybrid_transition,hybrid_transition_cl0p70_on0p45_ac0p50_re0p40_sm1_cd350_rise0p04,HR-3-15-26-(03).csv,/Users/yanivnaggar/Desktop/Spring 2026/IS/OPENBCI_runs/Yaniv/HR-3-15-26-(03).csv,2026-03-15,3,test,99.12261962890625,REPEATED,ONSET,INACTIVE,hybrid_onset_crossing,0.4467854108285201,0.8495098970818866,0.019367540117732982,0.1170917646596912,0.2249779484691919,False
hybrid_transition,hybrid_transition_cl0p70_on0p45_ac0p50_re0p40_sm1_cd350_rise0p04,HR-3-15-26-(03).csv,/Users/yanivnaggar/Desktop/Spring 2026/IS/OPENBCI_runs/Yaniv/HR-3-15-26-(03).csv,2026-03-15,3,test,124.00360107421875,HOLD,ONSET,ACTIVE,hybrid_onset_crossing,0.6505550114960299,0.9760610117339694,0.0018360256851038318,0.020568821309122576,0.38809178637341124,False
hybrid_transition,hybrid_transition_cl0p70_on0p45_ac0p50_re0p40_sm1_cd350_rise0p04,HR-3-15-26-(03).csv,/Users/yanivnaggar/Desktop/Spring 2026/IS/OPENBCI_runs/Yaniv/HR-3-15-26-(03).csv,2026-03-15,3,test,138.5509490966797,REPEATED,ONSET,INACTIVE,hybrid_onset_crossing,0.38465507777280605,0.5160774267700786,0.09917448448958718,0.3373273608407927,0.16499988265168722,False
hybrid_transition,hybrid_transition_cl0p70_on0p45_ac0p50_re0p40_sm1_cd350_rise0p04,HR-3-15-26-(03).csv,/Users/yanivnaggar/Desktop/Spring 2026/IS/OPENBCI_runs/Yaniv/HR-3-15-26-(03).csv,2026-03-15,3,test,139.75486755371094,REPEATED,ONSET,INACTIVE,hybrid_onset_crossing,0.4473963996283593,0.7999578588901392,0.040121664373506144,0.1334506602518459,0.24312762528151016,False
hybrid_transition,hybrid_transition_cl0p70_on0p45_ac0p50_re0p40_sm1_cd350_rise0p04,HR-3-15-26-(03).csv,/Users/yanivnaggar/Desktop/Spring 2026/IS/OPENBCI_runs/Yaniv/HR-3-15-26-(03).csv,2026-03-15,3,test,142.96531677246094,REPEATED,ONSET,ONSET,hybrid_onset_crossing,0.5973211190620663,0.9194660868867195,0.01607337975653195,0.05869811856761336,0.41989522558718023,False
hybrid_transition,hybrid_transition_cl0p70_on0p45_ac0p50_re0p40_sm1_cd350_rise0p04,HR-3-15-26-(03).csv,/Users/yanivnaggar/Desktop/Spring 2026/IS/OPENBCI_runs/Yaniv/HR-3-15-26-(03).csv,2026-03-15,3,test,163.4319305419922,HOLD,ONSET,ACTIVE,hybrid_onset_crossing,0.5850269174069443,0.9419994341396093,0.007643215037983089,0.04614828823294437,0.3729230539444435,False
hybrid_transition,hybrid_transition_cl0p70_on0p45_ac0p50_re0p40_sm1_cd350_rise0p04,HR-3-15-26-(03).csv,/Users/yanivnaggar/Desktop/Spring 2026/IS/OPENBCI_runs/Yaniv/HR-3-15-26-(03).csv,2026-03-15,3,test,177.17666625976562,REST,ONSET,INACTIVE,hybrid_onset_crossing,0.4172669749324901,0.4982782831899686,0.13508749248210047,0.2860148304289419,0.19395550490944163,False
hybrid_transition,hybrid_transition_cl0p70_on0p45_ac0p50_re0p40_sm1_cd350_rise0p04,HR-3-15-26-(03).csv,/Users/yanivnaggar/Desktop/Spring 2026/IS/OPENBCI_runs/Yaniv/HR-3-15-26-(03).csv,2026-03-15,3,test,179.18319702148438,REPEATED,ONSET,INACTIVE,hybrid_onset_crossing,0.4816114640921909,0.5968851358220576,0.12449705278063623,0.20802581325169028,0.25336000084546084,False
hybrid_transition,hybrid_transition_cl0p70_on0p45_ac0p50_re0p40_sm1_cd350_rise0p04,HR-3-15-26-(03).csv,/Users/yanivnaggar/Desktop/Spring 2026/IS/OPENBCI_runs/Yaniv/HR-3-15-26-(03).csv,2026-03-15,3,test,181.49070739746094,REPEATED,ONSET,ONSET,hybrid_onset_crossing,0.624535015481753,0.8317477992279928,0.04649520003394613,0.10473481481888691,0.37850048648003826,False
hybrid_transition,hybrid_transition_cl0p70_on0p45_ac0p50_re0p40_sm1_cd350_rise0p04,HR-3-15-26-(03).csv,/Users/yanivnaggar/Desktop/Spring 2026/IS/OPENBCI_runs/Yaniv/HR-3-15-26-(03).csv,2026-03-15,3,test,202.05764770507812,HOLD,ONSET,ONSET,hybrid_onset_crossing,0.4567183102901152,0.8423242217574956,0.016529132730091108,0.13003844517752958,0.2680067962680981,False
hybrid_transition,hybrid_transition_cl0p70_on0p45_ac0p50_re0p40_sm1_cd350_rise0p04,HR-3-15-26-(03).csv,/Users/yanivnaggar/Desktop/Spring 2026/IS/OPENBCI_runs/Yaniv/HR-3-15-26-(03).csv,2026-03-15,3,test,216.80564880371094,REPEATED,ONSET,INACTIVE,hybrid_onset_crossing,0.4769698639208012,0.7742465841499596,0.036570412818662516,0.16983384094597,0.2752147737296168,False
hybrid_transition,hybrid_transition_cl0p70_on0p45_ac0p50_re0p40_sm1_cd350_rise0p04,HR-3-15-26-(03).csv,/Users/yanivnaggar/Desktop/Spring 2026/IS/OPENBCI_runs/Yaniv/HR-3-15-26-(03).csv,2026-03-15,3,test,240.98434448242188,HOLD,ONSET,ACTIVE,hybrid_onset_crossing,0.469366171684539,0.8335159787873366,0.02186226349831385,0.12993513182076888,0.2782818821630888,False
hybrid_transition,hybrid_transition_cl0p70_on0p45_ac0p50_re0p40_sm1_cd350_rise0p04,HR-3-15-26-(03).csv,/Users/yanivnaggar/Desktop/Spring 2026/IS/OPENBCI_runs/Yaniv/HR-3-15-26-(03).csv,2026-03-15,3,test,255.03005981445312,REPEATED,ONSET,INACTIVE,hybrid_onset_crossing,0.43415780315932695,0.8597683931453571,0.014737015231354126,0.1167445065297922,0.2066410612207276,False
hybrid_transition,hybrid_transition_cl0p70_on0p45_ac0p50_re0p40_sm1_cd350_rise0p04,HR-3-15-26-(03).csv,/Users/yanivnaggar/Desktop/Spring 2026/IS/OPENBCI_runs/Yaniv/HR-3-15-26-(03).csv,2026-03-15,3,test,256.0333251953125,REPEATED,ONSET,INACTIVE,hybrid_onset_crossing,0.47819980440845844,0.49155893930672323,0.14631420434042733,0.252277889290412,0.2786037584708251,False
hybrid_transition,hybrid_transition_cl0p70_on0p45_ac0p50_re0p40_sm1_cd350_rise0p04,HR-3-15-26-(03).csv,/Users/yanivnaggar/Desktop/Spring 2026/IS/OPENBCI_runs/Yaniv/HR-3-15-26-(03).csv,2026-03-15,3,test,279.6100616455078,HOLD,ONSET,ACTIVE,hybrid_onset_crossing,0.47057734477337654,0.8281987887535918,0.0242089457731173,0.13745581830558903,0.2899049975766447,False
hybrid_transition,hybrid_transition_cl0p70_on0p45_ac0p50_re0p40_sm1_cd350_rise0p04,HR-3-15-26-(03).csv,/Users/yanivnaggar/Desktop/Spring 2026/IS/OPENBCI_runs/Yaniv/HR-3-15-26-(03).csv,2026-03-15,3,test,292.6525115966797,REPEATED,ONSET,INACTIVE,hybrid_onset_crossing,0.4494995893458411,0.8247720650197257,0.015043178685207517,0.15247799286697242,0.2596381283790692,False
hybrid_transition,hybrid_transition_cl0p70_on0p45_ac0p50_re0p40_sm1_cd350_rise0p04,HR-3-15-26-(03).csv,/Users/yanivnaggar/Desktop/Spring 2026/IS/OPENBCI_runs/Yaniv/HR-3-15-26-(03).csv,2026-03-15,3,test,294.3580627441406,REPEATED,ONSET,ONSET,hybrid_onset_crossing,0.5583702934457517,0.893120683828078,0.0120883108625945,0.08956626038328676,0.3797183495164351,False
hybrid_transition,hybrid_transition_cl0p70_on0p45_ac0p50_re0p40_sm1_cd350_rise0p04,HR-3-15-26-(03).csv,/Users/yanivnaggar/Desktop/Spring 2026/IS/OPENBCI_runs/Yaniv/HR-3-15-26-(03).csv,2026-03-15,3,test,316.32957458496094,HOLD,ONSET,ACTIVE,hybrid_onset_crossing,0.43761941800917714,0.5693093039728706,0.0717487043586601,0.33890433803932063,0.24422137193618618,False
hybrid_transition,hybrid_transition_cl0p70_on0p45_ac0p50_re0p40_sm1_cd350_rise0p04,HR-3-15-26-(03).csv,/Users/yanivnaggar/Desktop/Spring 2026/IS/OPENBCI_runs/Yaniv/HR-3-15-26-(03).csv,2026-03-15,3,test,329.47235107421875,REPEATED,ONSET,INACTIVE,hybrid_onset_crossing,0.40433597811753497,0.6190458409069364,0.06417012009825185,0.2824838003469755,0.1730043836034407,False
hybrid_transition,hybrid_transition_cl0p70_on0p45_ac0p50_re0p40_sm1_cd350_rise0p04,HR-3-15-26-(03).csv,/Users/yanivnaggar/Desktop/Spring 2026/IS/OPENBCI_runs/Yaniv/HR-3-15-26-(03).csv,2026-03-15,3,test,335.2912902832031,REPEATED,ONSET,ONSET,hybrid_onset_crossing,0.6084686010607313,0.8775801126944632,0.026319007684721982,0.08429113436448865,0.39901992059526137,False
hybrid_transition,hybrid_transition_cl0p70_on0p45_ac0p50_re0p40_sm1_cd350_rise0p04,HR-3-15-26-(03).csv,/Users/yanivnaggar/Desktop/Spring 2026/IS/OPENBCI_runs/Yaniv/HR-3-15-26-(03).csv,2026-03-15,3,test,353.24974060058594,HOLD,ONSET,ACTIVE,hybrid_onset_crossing,0.3969637377145281,0.47691189093051434,0.12251277454958083,0.3295497716919952,0.16839877010852142,False
hybrid_transition,hybrid_transition_cl0p70_on0p45_ac0p50_re0p40_sm1_cd350_rise0p04,HR-3-15-26-(03).csv,/Users/yanivnaggar/Desktop/Spring 2026/IS/OPENBCI_runs/Yaniv/HR-3-15-26-(03).csv,2026-03-15,3,test,368.1983947753906,REST,ONSET,INACTIVE,hybrid_onset_crossing,0.535889196009546,0.8894587899324605,0.012385671946819226,0.09151090019186531,0.3165402008782866,False
hybrid_transition,hybrid_transition_cl0p70_on0p45_ac0p50_re0p40_sm1_cd350_rise0p04,HR-3-15-26-(03).csv,/Users/yanivnaggar/Desktop/Spring 2026/IS/OPENBCI_runs/Yaniv/HR-3-15-26-(03).csv,2026-03-15,3,test,392.07611083984375,HOLD,ONSET,ACTIVE,hybrid_onset_crossing,0.40934974682790515,0.7600262629754896,0.026783253549017737,0.19591681344538808,0.236575182681368,False
hybrid_transition,hybrid_transition_cl0p70_on0p45_ac0p50_re0p40_sm1_cd350_rise0p04,HR-3-15-26-(03).csv,/Users/yanivnaggar/Desktop/Spring 2026/IS/OPENBCI_runs/Yaniv/HR-3-15-26-(03).csv,2026-03-15,3,test,405.9211730957031,REPEATED,ONSET,ONSET,hybrid_onset_crossing,0.6404423754895081,0.9323947673423697,0.016511294186209977,0.04344933559322627,0.2982608298201833,False
