filename,split_role,reference_event_id,reference_onset_time_sec,click_time_sec,lag_sec,coarse_label,event_source,trigger_reason
HR-2-27-26-(01).csv,train,1,59.92930555343628,60.07774472236633,0.1484391689300537,REPEATED,repeated_peaks,binary_crossing
HR-2-27-26-(01).csv,train,2,60.49096727371216,60.57922840118408,0.08826112747192383,REPEATED,repeated_peaks,binary_crossing
HR-2-27-26-(01).csv,train,8,64.06955480575562,64.18991088867188,0.12035608291625977,REPEATED,repeated_peaks,binary_crossing
HR-2-27-26-(01).csv,train,12,66.49272394180298,66.59703254699707,0.1043086051940918,REPEATED,repeated_peaks,binary_crossing
HR-2-27-26-(01).csv,train,13,83.15401768684387,83.44688415527344,0.29286646842956543,HOLD,hold_marker_edges,binary_crossing
HR-2-27-26-(01).csv,train,14,97.84548354148865,97.98991084098816,0.14442729949951172,REPEATED,repeated_peaks,binary_crossing
HR-2-27-26-(01).csv,train,15,98.47534704208374,98.59169125556946,0.11634421348571777,REPEATED,repeated_peaks,binary_crossing
HR-2-27-26-(01).csv,train,17,99.63477730751038,99.79525208473206,0.1604747772216797,REPEATED,repeated_peaks,binary_crossing
HR-2-27-26-(01).csv,train,18,100.33284258842468,100.39703249931335,0.06418991088867188,REPEATED,repeated_peaks,binary_crossing
HR-2-27-26-(01).csv,train,19,100.98677730560303,101.0991096496582,0.11233234405517578,REPEATED,repeated_peaks,binary_crossing
HR-2-27-26-(01).csv,train,25,104.84218382835388,104.9103856086731,0.06820178031921387,REPEATED,repeated_peaks,binary_crossing
HR-2-27-26-(01).csv,train,26,120.78134107589722,120.95786333084106,0.17652225494384766,HOLD,hold_marker_edges,binary_crossing
HR-2-27-26-(01).csv,train,27,134.517982006073,134.59821939468384,0.08023738861083984,REPEATED,repeated_peaks,binary_crossing
HR-2-27-26-(01).csv,train,29,135.66136479377747,135.80178022384644,0.14041543006896973,REPEATED,repeated_peaks,binary_crossing
HR-2-27-26-(01).csv,train,31,137.04545974731445,137.10563778877258,0.06017804145812988,REPEATED,repeated_peaks,binary_crossing
HR-2-27-26-(01).csv,train,32,137.68735885620117,137.80771493911743,0.12035608291625977,REPEATED,repeated_peaks,binary_crossing
HR-2-27-26-(01).csv,train,33,138.30919861793518,138.50979208946228,0.2005934715270996,REPEATED,repeated_peaks,binary_crossing
HR-2-27-26-(01).csv,train,35,139.6210799217224,139.81364965438843,0.19256973266601562,REPEATED,repeated_peaks,binary_crossing
HR-2-27-26-(01).csv,train,38,141.69521641731262,141.81958436965942,0.12436795234680176,REPEATED,repeated_peaks,binary_crossing
HR-2-27-26-(01).csv,train,40,158.8700294494629,159.17091965675354,0.3008902072906494,HOLD,hold_marker_edges,binary_crossing
HR-2-27-26-(01).csv,train,41,173.1161777973175,173.2124626636505,0.09628486633300781,REPEATED,repeated_peaks,binary_crossing
HR-2-27-26-(01).csv,train,42,173.67783951759338,173.8142430782318,0.13640356063842773,REPEATED,repeated_peaks,binary_crossing
HR-2-27-26-(01).csv,train,46,176.41794633865356,176.6225516796112,0.2046053409576416,REPEATED,repeated_peaks,binary_crossing
HR-2-27-26-(01).csv,train,47,177.13205909729004,177.32462882995605,0.19256973266601562,REPEATED,repeated_peaks,binary_crossing
HR-2-27-26-(01).csv,train,48,177.8822786808014,178.0267059803009,0.14442729949951172,REPEATED,repeated_peaks,binary_crossing
HR-2-27-26-(01).csv,train,50,179.27439737319946,179.4308602809906,0.1564629077911377,REPEATED,repeated_peaks,binary_crossing
HR-2-27-26-(01).csv,train,51,179.98851013183594,180.13293743133545,0.14442729949951172,REPEATED,repeated_peaks,binary_crossing
HR-2-27-26-(01).csv,train,52,180.63843297958374,180.73471784591675,0.09628486633300781,REPEATED,repeated_peaks,binary_crossing
HR-2-27-26-(01).csv,train,54,212.42447447776794,212.52878308296204,0.1043086051940918,REPEATED,repeated_peaks,binary_crossing
HR-2-27-26-(01).csv,train,56,213.87677121162415,213.93293738365173,0.05616617202758789,REPEATED,repeated_peaks,binary_crossing
HR-2-27-26-(01).csv,train,57,214.59088397026062,214.73531126976013,0.14442729949951172,REPEATED,repeated_peaks,binary_crossing
HR-2-27-26-(01).csv,train,58,215.23679494857788,215.43738842010498,0.2005934715270996,REPEATED,repeated_peaks,binary_crossing
HR-2-27-26-(01).csv,train,59,215.90276527404785,216.13946557044983,0.23670029640197754,REPEATED,repeated_peaks,binary_crossing
HR-2-27-26-(01).csv,train,60,216.77334094047546,216.84154272079468,0.06820178031921387,REPEATED,repeated_peaks,binary_crossing
HR-2-27-26-(01).csv,train,61,217.49547743797302,217.54361987113953,0.048142433166503906,REPEATED,repeated_peaks,binary_crossing
HR-2-27-26-(01).csv,train,62,218.22162580490112,218.34599375724792,0.12436795234680176,REPEATED,repeated_peaks,binary_crossing
HR-2-27-26-(01).csv,train,63,218.90364360809326,219.04807090759277,0.14442729949951172,REPEATED,repeated_peaks,binary_crossing
HR-2-27-26-(01).csv,train,64,219.62578010559082,219.85044479370117,0.22466468811035156,REPEATED,repeated_peaks,binary_crossing
HR-2-27-26-(01).csv,train,66,252.12593436241153,252.2462904453278,0.12035608291625977,REPEATED,repeated_peaks,binary_crossing
HR-2-27-26-(01).csv,train,67,252.76783347129825,252.8480708599091,0.08023738861083984,REPEATED,repeated_peaks,binary_crossing
HR-2-27-26-(01).csv,train,68,253.42578005790713,253.55014801025393,0.12436795234680176,REPEATED,repeated_peaks,binary_crossing
HR-2-27-26-(01).csv,train,69,254.05965542793277,254.15192842483523,0.09227299690246582,REPEATED,repeated_peaks,binary_crossing
HR-2-27-26-(01).csv,train,70,254.61329340934756,254.75370883941653,0.14041543006896973,REPEATED,repeated_peaks,binary_crossing
HR-2-27-26-(01).csv,train,73,256.65132308006287,256.85994029045105,0.2086172103881836,REPEATED,repeated_peaks,binary_crossing
HR-2-27-26-(01).csv,train,75,258.0755367279053,258.26409459114075,0.18855786323547363,REPEATED,repeated_peaks,binary_crossing
HR-2-27-26-(01).csv,train,76,258.73348331451416,258.86587500572205,0.13239169120788574,REPEATED,repeated_peaks,binary_crossing
HR-2-27-26-(01).csv,train,77,259.5278334617615,259.66824889183044,0.14041543006896973,REPEATED,repeated_peaks,binary_crossing
HR-2-27-26-(01).csv,train,79,291.8795485496521,291.9637978076935,0.08424925804138184,REPEATED,repeated_peaks,binary_crossing
HR-2-27-26-(01).csv,train,80,292.6939580440521,292.7661716938019,0.07221364974975586,REPEATED,repeated_peaks,binary_crossing
HR-2-27-26-(01).csv,train,81,293.30777406692505,293.5685455799103,0.2607715129852295,REPEATED,repeated_peaks,binary_crossing
HR-2-27-26-(01).csv,train,82,294.18637347221375,294.2706227302551,0.08424925804138184,REPEATED,repeated_peaks,binary_crossing
HR-2-27-26-(01).csv,train,84,295.6707651615143,295.7750737667084,0.1043086051940918,REPEATED,repeated_peaks,binary_crossing
HR-2-27-26-(01).csv,train,85,296.3888897895813,296.5774476528168,0.18855786323547363,REPEATED,repeated_peaks,binary_crossing
HR-2-27-26-(01).csv,train,86,297.13108563423157,297.4801182746887,0.3490326404571533,REPEATED,repeated_peaks,binary_crossing
HR-2-27-26-(01).csv,train,90,334.2007591724396,334.2890202999115,0.08826112747192383,REPEATED,repeated_peaks,binary_crossing
HR-2-27-26-(01).csv,train,91,335.01115679740906,335.0913941860199,0.08023738861083984,REPEATED,repeated_peaks,binary_crossing
HR-2-27-26-(01).csv,train,100,342.1161775588989,342.21246242523193,0.09628486633300781,REPEATED,repeated_peaks,binary_crossing
HR-2-27-26-(01).csv,train,101,342.9265751838684,343.01483631134033,0.08826112747192383,REPEATED,repeated_peaks,binary_crossing
HR-2-27-26-(01).csv,train,103,375.53906178474426,375.611275434494,0.07221364974975586,REPEATED,repeated_peaks,binary_crossing
HR-2-27-26-(01).csv,train,104,376.25317454338074,376.31335258483887,0.06017804145812988,REPEATED,repeated_peaks,binary_crossing
HR-2-27-26-(01).csv,train,115,399.875061750412,400.1839756965637,0.3089139461517334,HOLD,hold_marker_edges,binary_crossing
HR-2-27-26-(01).csv,train,116,414.24958992004395,414.32581543922424,0.07622551918029785,REPEATED,repeated_peaks,binary_crossing
HR-2-27-26-(01).csv,train,118,415.6376967430115,415.72996973991394,0.09227299690246582,REPEATED,repeated_peaks,binary_crossing
HR-2-27-26-(01).csv,train,124,419.8341121673584,419.94243264198303,0.10832047462463379,REPEATED,repeated_peaks,binary_crossing
HR-2-27-26-(01).csv,train,127,421.9443554878235,422.1489608287811,0.2046053409576416,REPEATED,repeated_peaks,binary_crossing
HR-2-27-26-(01).csv,train,129,454.4645690917969,454.5448064804077,0.08023738861083984,REPEATED,repeated_peaks,binary_crossing
HR-2-27-26-(01).csv,train,130,455.0783851146698,455.146586894989,0.06820178031921387,REPEATED,repeated_peaks,binary_crossing
HR-2-27-26-(01).csv,train,131,455.80854535102844,455.84866404533386,0.04011869430541992,REPEATED,repeated_peaks,binary_crossing
HR-2-27-26-(01).csv,train,132,456.4624800682068,456.5507411956787,0.08826112747192383,REPEATED,repeated_peaks,binary_crossing
HR-2-27-26-(01).csv,train,133,457.16455721855164,457.25281834602356,0.08826112747192383,REPEATED,repeated_peaks,binary_crossing
HR-2-27-26-(01).csv,train,135,458.58877086639404,458.65697264671326,0.06820178031921387,REPEATED,repeated_peaks,binary_crossing
HR-2-27-26-(01).csv,train,137,460.01298451423645,460.06112694740295,0.048142433166503906,REPEATED,repeated_peaks,binary_crossing
HR-2-27-26-(01).csv,train,138,460.7270972728729,460.86350083351135,0.13640356063842773,REPEATED,repeated_peaks,binary_crossing
HR-2-27-26-(01).csv,train,139,461.4291744232178,461.46528124809265,0.03610682487487793,REPEATED,repeated_peaks,binary_crossing
HR-2-27-26-(01).csv,train,140,462.19142961502075,462.3679518699646,0.17652225494384766,REPEATED,repeated_peaks,binary_crossing
HR-2-27-26-(01).csv,train,142,479.54276490211487,479.81958389282227,0.27681899070739746,HOLD,hold_marker_edges,binary_crossing
HR-2-27-26-(01).csv,train,143,494.8681061267853,494.9643909931183,0.09628486633300781,REPEATED,repeated_peaks,binary_crossing
HR-2-27-26-(01).csv,train,144,495.4738984107971,495.5661714076996,0.09227299690246582,REPEATED,repeated_peaks,binary_crossing
HR-2-27-26-(01).csv,train,145,496.10777378082275,496.26824855804443,0.1604747772216797,REPEATED,repeated_peaks,binary_crossing
HR-2-27-26-(01).csv,train,146,496.6654236316681,496.87002897262573,0.2046053409576416,REPEATED,repeated_peaks,binary_crossing
HR-2-27-26-(01).csv,train,147,497.3273820877075,497.47180938720703,0.14442729949951172,REPEATED,repeated_peaks,binary_crossing
HR-2-27-26-(01).csv,train,149,498.59112095832825,498.67537021636963,0.08424925804138184,REPEATED,repeated_peaks,binary_crossing
HR-2-27-26-(01).csv,train,152,500.44059276580816,500.58100819587713,0.14041543006896973,REPEATED,repeated_peaks,binary_crossing
HR-3-15-26-(03).csv,test,1,60.10362243652344,60.1959228515625,0.0923004150390625,REPEATED,repeated_peaks,binary_crossing
HR-3-15-26-(03).csv,test,2,60.59722900390625,60.69755554199219,0.1003265380859375,REPEATED,repeated_peaks,binary_crossing
HR-3-15-26-(03).csv,test,3,61.17109680175781,61.29951477050781,0.12841796875,REPEATED,repeated_peaks,binary_crossing
HR-3-15-26-(03).csv,test,4,61.79713439941406,61.90147399902344,0.104339599609375,REPEATED,repeated_peaks,binary_crossing
HR-3-15-26-(03).csv,test,5,62.38304138183594,62.603759765625,0.2207183837890625,REPEATED,repeated_peaks,binary_crossing
HR-3-15-26-(03).csv,test,6,62.96894836425781,63.10539245605469,0.136444091796875,REPEATED,repeated_peaks,binary_crossing
HR-3-15-26-(03).csv,test,7,63.502685546875,63.70735168457031,0.2046661376953125,REPEATED,repeated_peaks,binary_crossing
HR-3-15-26-(03).csv,test,9,64.68252563476562,64.91127014160156,0.2287445068359375,REPEATED,repeated_peaks,binary_crossing
HR-3-15-26-(03).csv,test,13,67.23483276367188,67.41943359375,0.184600830078125,REPEATED,repeated_peaks,binary_crossing
HR-3-15-26-(03).csv,test,14,68.00132751464844,68.12171936035156,0.120391845703125,REPEATED,repeated_peaks,binary_crossing
HR-3-15-26-(03).csv,test,16,99.16275024414062,99.22294616699219,0.0601959228515625,REPEATED,repeated_peaks,binary_crossing
HR-3-15-26-(03).csv,test,17,99.76069641113281,99.92523193359375,0.1645355224609375,REPEATED,repeated_peaks,binary_crossing
HR-3-15-26-(03).csv,test,18,100.23825073242188,100.3265380859375,0.088287353515625,REPEATED,repeated_peaks,binary_crossing
HR-3-15-26-(03).csv,test,19,100.86027526855469,100.92849731445312,0.0682220458984375,REPEATED,repeated_peaks,binary_crossing
HR-3-15-26-(03).csv,test,20,101.41407775878906,101.63078308105469,0.216705322265625,REPEATED,repeated_peaks,binary_crossing
HR-3-15-26-(03).csv,test,21,101.96788024902344,102.13241577148438,0.1645355224609375,REPEATED,repeated_peaks,binary_crossing
HR-3-15-26-(03).csv,test,22,102.4775390625,102.63404846191406,0.1565093994140625,REPEATED,repeated_peaks,binary_crossing
HR-3-15-26-(03).csv,test,23,103.07548522949219,103.23600769042969,0.1605224609375,REPEATED,repeated_peaks,binary_crossing
HR-3-15-26-(03).csv,test,24,103.60520935058594,103.73764038085938,0.1324310302734375,REPEATED,repeated_peaks,binary_crossing
HR-3-15-26-(03).csv,test,25,104.23124694824219,104.339599609375,0.1083526611328125,REPEATED,repeated_peaks,binary_crossing
HR-3-15-26-(03).csv,test,28,105.90469360351562,106.04515075683594,0.1404571533203125,REPEATED,repeated_peaks,binary_crossing
HR-3-15-26-(03).csv,test,30,106.97618103027344,107.14874267578125,0.1725616455078125,REPEATED,repeated_peaks,binary_crossing
HR-3-15-26-(03).csv,test,32,138.627197265625,138.75160217285156,0.1244049072265625,REPEATED,repeated_peaks,binary_crossing
HR-3-15-26-(03).csv,test,33,139.21310424804688,139.3535614013672,0.1404571533203125,REPEATED,repeated_peaks,binary_crossing
HR-3-15-26-(03).csv,test,34,139.79098510742188,139.9555206298828,0.1645355224609375,REPEATED,repeated_peaks,binary_crossing
HR-3-15-26-(03).csv,test,35,140.2845916748047,140.35682678222656,0.072235107421875,REPEATED,repeated_peaks,binary_crossing
HR-3-15-26-(03).csv,test,36,141.0149688720703,141.15943908691406,0.14447021484375,REPEATED,repeated_peaks,binary_crossing
HR-3-15-26-(03).csv,test,37,141.62896728515625,141.7613983154297,0.1324310302734375,REPEATED,repeated_peaks,binary_crossing
HR-3-15-26-(03).csv,test,38,142.24697875976562,142.3633575439453,0.1163787841796875,REPEATED,repeated_peaks,binary_crossing
HR-3-15-26-(03).csv,test,39,142.92117309570312,143.06564331054688,0.14447021484375,REPEATED,repeated_peaks,binary_crossing
HR-3-15-26-(03).csv,test,40,143.6796417236328,143.86825561523438,0.1886138916015625,REPEATED,repeated_peaks,binary_crossing
HR-3-15-26-(03).csv,test,41,144.34580993652344,144.47021484375,0.1244049072265625,REPEATED,repeated_peaks,binary_crossing
HR-3-15-26-(03).csv,test,42,144.92770385742188,145.07217407226562,0.14447021484375,REPEATED,repeated_peaks,binary_crossing
HR-3-15-26-(03).csv,test,43,145.66610717773438,145.7744598388672,0.1083526611328125,REPEATED,repeated_peaks,binary_crossing
HR-3-15-26-(03).csv,test,44,146.27207946777344,146.47674560546875,0.2046661376953125,REPEATED,repeated_peaks,binary_crossing
HR-3-15-26-(03).csv,test,47,177.28501892089844,177.3773193359375,0.0923004150390625,REPEATED,repeated_peaks,binary_crossing
HR-3-15-26-(03).csv,test,48,178.00335693359375,178.179931640625,0.17657470703125,REPEATED,repeated_peaks,binary_crossing
HR-3-15-26-(03).csv,test,50,179.22332763671875,179.38385009765625,0.1605224609375,REPEATED,repeated_peaks,binary_crossing
HR-3-15-26-(03).csv,test,51,179.76910400390625,179.88548278808594,0.1163787841796875,REPEATED,repeated_peaks,binary_crossing
HR-3-15-26-(03).csv,test,52,180.363037109375,180.48744201660156,0.1244049072265625,REPEATED,repeated_peaks,binary_crossing
HR-3-15-26-(03).csv,test,53,180.8446044921875,180.98907470703125,0.14447021484375,REPEATED,repeated_peaks,binary_crossing
HR-3-15-26-(03).csv,test,55,181.97628784179688,182.09266662597656,0.1163787841796875,REPEATED,repeated_peaks,binary_crossing
HR-3-15-26-(03).csv,test,56,182.546142578125,182.79495239257812,0.248809814453125,REPEATED,repeated_peaks,binary_crossing
HR-3-15-26-(03).csv,test,58,183.61361694335938,183.89854431152344,0.2849273681640625,REPEATED,repeated_peaks,binary_crossing
HR-3-15-26-(03).csv,test,62,201.8850860595703,202.15797424316406,0.27288818359375,HOLD,hold_marker_edges,binary_crossing
HR-3-15-26-(03).csv,test,63,216.82972717285156,216.90597534179688,0.0762481689453125,REPEATED,repeated_peaks,binary_crossing
HR-3-15-26-(03).csv,test,64,217.50392150878906,217.60826110839844,0.104339599609375,REPEATED,repeated_peaks,binary_crossing
HR-3-15-26-(03).csv,test,65,218.1379852294922,218.21022033691406,0.072235107421875,REPEATED,repeated_peaks,binary_crossing
HR-3-15-26-(03).csv,test,66,218.7078399658203,218.8121795654297,0.104339599609375,REPEATED,repeated_peaks,binary_crossing
HR-3-15-26-(03).csv,test,67,219.23756408691406,219.4141387939453,0.17657470703125,REPEATED,repeated_peaks,binary_crossing
HR-3-15-26-(03).csv,test,68,219.82748413085938,220.01609802246094,0.1886138916015625,REPEATED,repeated_peaks,binary_crossing
HR-3-15-26-(03).csv,test,72,222.05874633789062,222.22328186035156,0.1645355224609375,REPEATED,repeated_peaks,binary_crossing
HR-3-15-26-(03).csv,test,73,222.612548828125,222.92556762695312,0.313018798828125,REPEATED,repeated_peaks,binary_crossing
HR-3-15-26-(03).csv,test,74,223.37503051757812,223.52752685546875,0.152496337890625,REPEATED,repeated_peaks,binary_crossing
HR-3-15-26-(03).csv,test,75,223.96495056152344,224.12948608398438,0.1645355224609375,REPEATED,repeated_peaks,binary_crossing
HR-3-15-26-(03).csv,test,77,255.0822296142578,255.13038635253906,0.04815673828125,REPEATED,repeated_peaks,binary_crossing
HR-3-15-26-(03).csv,test,78,256.0854949951172,256.13365173339844,0.04815673828125,REPEATED,repeated_peaks,binary_crossing
HR-3-15-26-(03).csv,test,79,257.0727081298828,257.1369171142578,0.064208984375,REPEATED,repeated_peaks,binary_crossing
HR-3-15-26-(03).csv,test,80,258.0238037109375,258.1401824951172,0.1163787841796875,REPEATED,repeated_peaks,binary_crossing
HR-3-15-26-(03).csv,test,81,259.00299072265625,259.14344787597656,0.1404571533203125,REPEATED,repeated_peaks,binary_crossing
HR-3-15-26-(03).csv,test,82,259.9580993652344,260.14671325683594,0.1886138916015625,REPEATED,repeated_peaks,binary_crossing
HR-3-15-26-(03).csv,test,83,260.81288146972656,260.94932556152344,0.136444091796875,REPEATED,repeated_peaks,binary_crossing
HR-3-15-26-(03).csv,test,84,261.73187255859375,261.9525909423828,0.2207183837890625,REPEATED,repeated_peaks,binary_crossing
HR-3-15-26-(03).csv,test,86,292.6886291503906,292.7528381347656,0.064208984375,REPEATED,repeated_peaks,binary_crossing
HR-3-15-26-(03).csv,test,87,293.52735900878906,293.65577697753906,0.12841796875,REPEATED,repeated_peaks,binary_crossing
HR-3-15-26-(03).csv,test,88,294.3420104980469,294.45838928222656,0.1163787841796875,REPEATED,repeated_peaks,binary_crossing
HR-3-15-26-(03).csv,test,89,295.1767272949219,295.26100158691406,0.0842742919921875,REPEATED,repeated_peaks,binary_crossing
HR-3-15-26-(03).csv,test,90,296.0355224609375,296.1639404296875,0.12841796875,REPEATED,repeated_peaks,binary_crossing
HR-3-15-26-(03).csv,test,91,296.8060302734375,297.1672058105469,0.361175537109375,REPEATED,repeated_peaks,binary_crossing
HR-3-15-26-(03).csv,test,92,297.65679931640625,297.7691650390625,0.11236572265625,REPEATED,repeated_peaks,binary_crossing
HR-3-15-26-(03).csv,test,93,298.49151611328125,298.57177734375,0.08026123046875,REPEATED,repeated_peaks,binary_crossing
HR-3-15-26-(03).csv,test,94,299.29412841796875,299.3743896484375,0.08026123046875,REPEATED,repeated_peaks,binary_crossing
HR-3-15-26-(03).csv,test,95,300.00042724609375,300.177001953125,0.17657470703125,REPEATED,repeated_peaks,binary_crossing
HR-3-15-26-(03).csv,test,97,329.5405731201172,329.6730041503906,0.1324310302734375,REPEATED,repeated_peaks,binary_crossing
HR-3-15-26-(03).csv,test,98,330.17864990234375,330.27496337890625,0.0963134765625,REPEATED,repeated_peaks,binary_crossing
HR-3-15-26-(03).csv,test,99,330.77659606933594,330.9772491455078,0.200653076171875,REPEATED,repeated_peaks,binary_crossing
HR-3-15-26-(03).csv,test,100,331.4387512207031,331.6795349121094,0.24078369140625,REPEATED,repeated_peaks,binary_crossing
HR-3-15-26-(03).csv,test,101,332.0567626953125,332.18116760253906,0.1244049072265625,REPEATED,repeated_peaks,binary_crossing
HR-3-15-26-(03).csv,test,103,333.308837890625,333.3850860595703,0.0762481689453125,REPEATED,repeated_peaks,binary_crossing
HR-3-15-26-(03).csv,test,104,333.9589538574219,334.0873718261719,0.12841796875,REPEATED,repeated_peaks,binary_crossing
HR-3-15-26-(03).csv,test,106,335.2591857910156,335.39161682128906,0.1324310302734375,REPEATED,repeated_peaks,binary_crossing
HR-3-15-26-(03).csv,test,107,335.9012756347656,336.0939025878906,0.192626953125,REPEATED,repeated_peaks,binary_crossing
HR-3-15-26-(03).csv,test,108,336.50323486328125,336.7961883544922,0.2929534912109375,REPEATED,repeated_peaks,binary_crossing
HR-3-15-26-(03).csv,test,111,405.9171600341797,406.02149963378906,0.104339599609375,REPEATED,repeated_peaks,binary_crossing
HR-3-15-26-(03).csv,test,112,406.5913543701172,406.7237854003906,0.1324310302734375,REPEATED,repeated_peaks,binary_crossing
HR-3-15-26-(03).csv,test,113,407.2013397216797,407.32574462890625,0.1244049072265625,REPEATED,repeated_peaks,binary_crossing
HR-3-15-26-(03).csv,test,114,407.8032989501953,407.9277038574219,0.1244049072265625,REPEATED,repeated_peaks,binary_crossing
HR-3-15-26-(03).csv,test,116,408.9670867919922,409.1316223144531,0.1645355224609375,REPEATED,repeated_peaks,binary_crossing
HR-3-15-26-(03).csv,test,118,410.21514892578125,410.4358673095703,0.2207183837890625,REPEATED,repeated_peaks,binary_crossing
HR-3-15-26-(03).csv,test,119,410.8211212158203,410.9375,0.1163787841796875,REPEATED,repeated_peaks,binary_crossing
HR-3-15-26-(03).csv,test,120,411.4110412597656,411.5394592285156,0.12841796875,REPEATED,repeated_peaks,binary_crossing
HR-3-15-26-(03).csv,test,121,411.9728698730469,412.14141845703125,0.168548583984375,REPEATED,repeated_peaks,binary_crossing
HR-3-8-26-(02).csv,train,1,62.242584228515625,62.403106689453125,0.1605224609375,REPEATED,repeated_peaks,binary_crossing
HR-3-8-26-(02).csv,train,2,62.68000793457031,62.804412841796875,0.1244049072265625,REPEATED,repeated_peaks,binary_crossing
HR-3-8-26-(02).csv,train,3,63.20170593261719,63.30604553222656,0.104339599609375,REPEATED,repeated_peaks,binary_crossing
HR-3-8-26-(02).csv,train,6,64.75877380371094,64.91127014160156,0.152496337890625,REPEATED,repeated_peaks,binary_crossing
HR-3-8-26-(02).csv,train,10,89.76014709472656,89.892578125,0.1324310302734375,REPEATED,repeated_peaks,binary_crossing
HR-3-8-26-(02).csv,train,11,90.22967529296875,90.39421081542969,0.1645355224609375,REPEATED,repeated_peaks,binary_crossing
HR-3-8-26-(02).csv,train,12,90.80354309082031,90.89584350585938,0.0923004150390625,REPEATED,repeated_peaks,binary_crossing
HR-3-8-26-(02).csv,train,15,92.57330322265625,92.70172119140625,0.12841796875,REPEATED,repeated_peaks,binary_crossing
HR-3-8-26-(02).csv,train,16,93.09500122070312,93.30368041992188,0.20867919921875,REPEATED,repeated_peaks,binary_crossing
HR-3-8-26-(02).csv,train,18,94.24273681640625,94.40727233886719,0.1645355224609375,REPEATED,repeated_peaks,binary_crossing
HR-3-8-26-(02).csv,train,21,107.71458435058594,107.95135498046875,0.2367706298828125,HOLD,hold_marker_edges,binary_crossing
HR-3-8-26-(02).csv,train,22,116.23030090332031,116.27845764160156,0.04815673828125,REPEATED,repeated_peaks,binary_crossing
HR-3-8-26-(02).csv,train,25,118.16058349609375,118.28498840332031,0.1244049072265625,REPEATED,repeated_peaks,binary_crossing
HR-3-8-26-(02).csv,train,26,118.80668640136719,118.88694763183594,0.08026123046875,REPEATED,repeated_peaks,binary_crossing
HR-3-8-26-(02).csv,train,27,119.37252807617188,119.48890686035156,0.1163787841796875,REPEATED,repeated_peaks,binary_crossing
HR-3-8-26-(02).csv,train,30,131.39566040039062,131.72874450683594,0.3330841064453125,HOLD,hold_marker_edges,binary_crossing
HR-3-8-26-(02).csv,train,31,139.4739532470703,139.55421447753906,0.08026123046875,REPEATED,repeated_peaks,binary_crossing
HR-3-8-26-(02).csv,train,32,140.07992553710938,140.1561737060547,0.0762481689453125,REPEATED,repeated_peaks,binary_crossing
HR-3-8-26-(02).csv,train,33,140.67787170410156,140.85845947265625,0.1805877685546875,REPEATED,repeated_peaks,binary_crossing
HR-3-8-26-(02).csv,train,34,141.12733459472656,141.259765625,0.1324310302734375,REPEATED,repeated_peaks,binary_crossing
HR-3-8-26-(02).csv,train,38,153.06619262695312,153.2989501953125,0.232757568359375,HOLD,hold_marker_edges,binary_crossing
HR-3-8-26-(02).csv,train,39,160.93179321289062,161.0240936279297,0.0923004150390625,REPEATED,repeated_peaks,binary_crossing
HR-3-8-26-(02).csv,train,41,174.17489624023438,174.4678497314453,0.2929534912109375,HOLD,hold_marker_edges,binary_crossing
HR-3-8-26-(02).csv,train,42,183.6176300048828,183.69789123535156,0.08026123046875,REPEATED,repeated_peaks,binary_crossing
HR-3-8-26-(02).csv,train,43,184.0991973876953,184.19952392578125,0.1003265380859375,REPEATED,repeated_peaks,binary_crossing
HR-3-8-26-(02).csv,train,44,184.62892150878906,184.70115661621094,0.072235107421875,REPEATED,repeated_peaks,binary_crossing
HR-3-8-26-(02).csv,train,46,185.76060485839844,185.9050750732422,0.14447021484375,REPEATED,repeated_peaks,binary_crossing
HR-3-8-26-(02).csv,train,47,186.31039428710938,186.40670776367188,0.0963134765625,REPEATED,repeated_peaks,binary_crossing
HR-3-8-26-(02).csv,train,48,186.8601837158203,187.10899353027344,0.248809814453125,REPEATED,repeated_peaks,binary_crossing
HR-3-8-26-(02).csv,train,50,197.17776489257812,197.442626953125,0.264862060546875,HOLD,hold_marker_edges,binary_crossing
HR-3-8-26-(02).csv,train,51,206.0666961669922,206.17103576660156,0.104339599609375,REPEATED,repeated_peaks,binary_crossing
HR-3-8-26-(02).csv,train,52,206.7649688720703,206.87332153320312,0.1083526611328125,REPEATED,repeated_peaks,binary_crossing
HR-3-8-26-(02).csv,train,53,207.27462768554688,207.3749542236328,0.1003265380859375,REPEATED,repeated_peaks,binary_crossing
HR-3-8-26-(02).csv,train,54,207.87257385253906,207.97691345214844,0.104339599609375,REPEATED,repeated_peaks,binary_crossing
HR-3-8-26-(02).csv,train,56,209.00827026367188,209.08050537109375,0.072235107421875,REPEATED,repeated_peaks,binary_crossing
HR-3-8-26-(02).csv,train,59,223.93284606933594,224.2298126220703,0.296966552734375,HOLD,hold_marker_edges,binary_crossing
HR-3-8-26-(02).csv,train,60,233.0465087890625,233.15887451171875,0.11236572265625,REPEATED,repeated_peaks,binary_crossing
HR-3-8-26-(02).csv,train,62,234.35877990722656,234.46311950683594,0.104339599609375,REPEATED,repeated_peaks,binary_crossing
HR-3-8-26-(02).csv,train,63,234.9286346435547,235.06507873535156,0.136444091796875,REPEATED,repeated_peaks,binary_crossing
HR-3-8-26-(02).csv,train,64,235.5305938720703,235.6670379638672,0.136444091796875,REPEATED,repeated_peaks,binary_crossing
HR-3-8-26-(02).csv,train,65,236.0522918701172,236.16867065429688,0.1163787841796875,REPEATED,repeated_peaks,binary_crossing
HR-3-8-26-(02).csv,train,66,236.60208129882812,236.7706298828125,0.168548583984375,REPEATED,repeated_peaks,binary_crossing
HR-3-8-26-(02).csv,train,67,248.7576446533203,249.01046752929688,0.2528228759765625,HOLD,hold_marker_edges,binary_crossing
HR-3-8-26-(02).csv,train,68,259.083251953125,259.14344787597656,0.0601959228515625,REPEATED,repeated_peaks,binary_crossing
HR-3-8-26-(02).csv,train,69,259.6410675048828,259.7454071044922,0.104339599609375,REPEATED,repeated_peaks,binary_crossing
HR-3-8-26-(02).csv,train,70,260.1427001953125,260.2470397949219,0.104339599609375,REPEATED,repeated_peaks,binary_crossing
