evaluation_scope,fold_name,model_name,train_files,test_file,selected_channels,feature_count,feature_mode,with_asymmetry,window_sec,overlap,train_window_count,test_window_count,train_interval_count,test_interval_count,movement_window_accuracy,movement_window_macro_f1,count_window_accuracy,count_window_macro_f1,joint_window_exact,movement_interval_accuracy,movement_interval_macro_f1,count_interval_accuracy,count_interval_macro_f1,joint_interval_exact
fold,Ben-LRJ(1-6)-4:9.csv_to_Yaniv-LRJ(6)-4:7.csv,RandomForest,Ben-LRJ(1-6)-4:9.csv,Yaniv-LRJ(6)-4:7.csv,"Channel_1, Channel_3, Channel_7, Channel_8",44,combined,True,1.0,0.5,130,102,18,18,0.7352941176470589,0.6676478458656677,0.23529411764705882,0.14738751814223514,0.16666666666666666,0.7222222222222222,0.6638655462184874,0.2222222222222222,0.1574074074074074,0.16666666666666666
fold,Ben-LRJ(1-6)-4:9.csv_to_Yaniv-LRJ(6)-4:7.csv,LogisticRegression,Ben-LRJ(1-6)-4:9.csv,Yaniv-LRJ(6)-4:7.csv,"Channel_1, Channel_3, Channel_7, Channel_8",44,combined,True,1.0,0.5,130,102,18,18,0.696078431372549,0.648157707702091,0.21568627450980393,0.1981552891739108,0.16666666666666666,0.7222222222222222,0.6638655462184874,0.2222222222222222,0.1531986531986532,0.16666666666666666
fold,Yaniv-LRJ(6)-4:7.csv_to_Ben-LRJ(1-6)-4:9.csv,LDA,Yaniv-LRJ(6)-4:7.csv,Ben-LRJ(1-6)-4:9.csv,"Channel_1, Channel_3, Channel_7, Channel_8",44,combined,True,1.0,0.5,102,130,18,18,0.5769230769230769,0.5838983581902494,0.25384615384615383,0.1494281045751634,0.17692307692307693,0.5555555555555556,0.5586635586635587,0.2777777777777778,0.1606060606060606,0.16666666666666666
fold,Yaniv-LRJ(6)-4:7.csv_to_Ben-LRJ(1-6)-4:9.csv,LogisticRegression,Yaniv-LRJ(6)-4:7.csv,Ben-LRJ(1-6)-4:9.csv,"Channel_1, Channel_3, Channel_7, Channel_8",44,combined,True,1.0,0.5,102,130,18,18,0.5076923076923077,0.4818750954344175,0.23846153846153847,0.19864813549024074,0.09230769230769231,0.5555555555555556,0.5175213675213676,0.2777777777777778,0.2722222222222222,0.16666666666666666
fold,Yaniv-LRJ(6)-4:7.csv_to_Ben-LRJ(1-6)-4:9.csv,RandomForest,Yaniv-LRJ(6)-4:7.csv,Ben-LRJ(1-6)-4:9.csv,"Channel_1, Channel_3, Channel_7, Channel_8",44,combined,True,1.0,0.5,102,130,18,18,0.5153846153846153,0.5060197663971249,0.2692307692307692,0.24846529814271753,0.17692307692307693,0.5,0.44528619528619534,0.2777777777777778,0.21031746031746032,0.16666666666666666
fold,Ben-LRJ(1-6)-4:9.csv_to_Yaniv-LRJ(6)-4:7.csv,LDA,Ben-LRJ(1-6)-4:9.csv,Yaniv-LRJ(6)-4:7.csv,"Channel_1, Channel_3, Channel_7, Channel_8",44,combined,True,1.0,0.5,130,102,18,18,0.5588235294117647,0.5279518850947422,0.14705882352941177,0.10265795206971677,0.12745098039215685,0.6666666666666666,0.6666666666666666,0.05555555555555555,0.041666666666666664,0.05555555555555555
pooled,pooled_LOSO,LogisticRegression,"Ben-LRJ(1-6)-4:9.csv, Yaniv-LRJ(6)-4:7.csv",pooled_LOSO,"Channel_1, Channel_3, Channel_7, Channel_8",44,combined,True,1.0,0.5,232,232,36,36,0.5905172413793104,0.5895361380798274,0.22844827586206898,0.19670008043470355,0.125,0.6388888888888888,0.6416666666666667,0.25,0.2115079365079365,0.16666666666666666
pooled,pooled_LOSO,RandomForest,"Ben-LRJ(1-6)-4:9.csv, Yaniv-LRJ(6)-4:7.csv",pooled_LOSO,"Channel_1, Channel_3, Channel_7, Channel_8",44,combined,True,1.0,0.5,232,232,36,36,0.6120689655172413,0.615790409908057,0.2543103448275862,0.2038361669231584,0.1724137931034483,0.6111111111111112,0.6155969634230504,0.25,0.2018456583673975,0.16666666666666666
pooled,pooled_LOSO,LDA,"Ben-LRJ(1-6)-4:9.csv, Yaniv-LRJ(6)-4:7.csv",pooled_LOSO,"Channel_1, Channel_3, Channel_7, Channel_8",44,combined,True,1.0,0.5,232,232,36,36,0.5689655172413793,0.5698542483450284,0.20689655172413793,0.12842985283141065,0.15517241379310345,0.6111111111111112,0.6232323232323232,0.16666666666666666,0.1111111111111111,0.1111111111111111
