model_name,fold_name,subject,display_name,filename,file_path,label,expected_count,observed_count,count_match,count_error,count_filter_family,marker_code,marker_pair_type,trial_index_overall,trial_index_within_label,trial_uid,interval_start_sample,interval_end_sample,interval_start_time_sec,interval_end_time_sec,interval_duration_sec,issues,window_count,predicted_label,predicted_count,joint_exact_match,movement_prob_JAW,movement_prob_LEFT,movement_prob_RIGHT,count_prob_1,count_prob_2,count_prob_3,count_prob_4,count_prob_5,count_prob_6
LDA,Yaniv-LRJ(6)-4:7.csv_to_Ben-LRJ(1-6)-4:9.csv,Ben,Ben LRJ,Ben-LRJ(1-6)-4:9.csv,/Users/yanivnaggar/Desktop/Spring 2026/IS/OPENBCI_runs/Ben/Ben-LRJ(1-6)-4:9.csv,LEFT,1,1,True,0,left_right,1,1->1,1,1,Ben::Ben-LRJ(1-6)-4:9.csv::trial_1,13213,13871,52.852,55.484,2.632,,4,LEFT,6,False,9.148520161821076e-28,0.7115104283518341,0.28848957164816585,0.0006213090890350294,3.682432927530267e-05,1.2040053555194482e-05,0.359712210603188,0.07901281428441491,0.5606048016405316
LDA,Yaniv-LRJ(6)-4:7.csv_to_Ben-LRJ(1-6)-4:9.csv,Ben,Ben LRJ,Ben-LRJ(1-6)-4:9.csv,/Users/yanivnaggar/Desktop/Spring 2026/IS/OPENBCI_runs/Ben/Ben-LRJ(1-6)-4:9.csv,LEFT,2,2,True,0,left_right,1,1->1,2,2,Ben::Ben-LRJ(1-6)-4:9.csv::trial_2,15213,15830,60.852,63.32,2.468,,3,LEFT,6,False,1.5307644235530168e-42,0.6638523642971754,0.3361476357028246,1.781749116033636e-05,4.507370999075013e-05,0.0033575929456127816,0.0026087073134720205,0.4339485925979547,0.5600222159418093
LDA,Yaniv-LRJ(6)-4:7.csv_to_Ben-LRJ(1-6)-4:9.csv,Ben,Ben LRJ,Ben-LRJ(1-6)-4:9.csv,/Users/yanivnaggar/Desktop/Spring 2026/IS/OPENBCI_runs/Ben/Ben-LRJ(1-6)-4:9.csv,LEFT,3,3,True,0,left_right,1,1->1,3,3,Ben::Ben-LRJ(1-6)-4:9.csv::trial_3,17031,17648,68.124,70.592,2.468,,3,RIGHT,6,False,1.5662181221175378e-58,0.4016655343153717,0.5983344656846282,0.0016417332743210147,0.0010268551958299284,0.00010968130240224576,0.0024921563132006097,0.13630704297057672,0.8584225309436695
LDA,Yaniv-LRJ(6)-4:7.csv_to_Ben-LRJ(1-6)-4:9.csv,Ben,Ben LRJ,Ben-LRJ(1-6)-4:9.csv,/Users/yanivnaggar/Desktop/Spring 2026/IS/OPENBCI_runs/Ben/Ben-LRJ(1-6)-4:9.csv,LEFT,4,2,False,-2,left_right,1,1->1,4,4,Ben::Ben-LRJ(1-6)-4:9.csv::trial_4,18840,19726,75.36,78.904,3.544,observed_count 2 vs expected_count 4,6,RIGHT,5,False,2.1597372499516023e-65,0.44431207679905244,0.5556879232009476,0.057169777358553324,0.00016675063470020829,0.0002253928238635875,0.004742094179286259,0.6821144556737643,0.2555815293298323
LDA,Yaniv-LRJ(6)-4:7.csv_to_Ben-LRJ(1-6)-4:9.csv,Ben,Ben LRJ,Ben-LRJ(1-6)-4:9.csv,/Users/yanivnaggar/Desktop/Spring 2026/IS/OPENBCI_runs/Ben/Ben-LRJ(1-6)-4:9.csv,LEFT,5,2,False,-3,left_right,1,1->1,5,5,Ben::Ben-LRJ(1-6)-4:9.csv::trial_5,21030,22322,84.12,89.288,5.168,observed_count 2 vs expected_count 5,9,LEFT,5,True,2.7825556967594443e-06,0.5800531038989845,0.4199441135453188,0.21748787791183666,0.006546465629053298,0.003015605856141413,0.13036441043644695,0.35495847445066686,0.28762716571585484
LDA,Yaniv-LRJ(6)-4:7.csv_to_Ben-LRJ(1-6)-4:9.csv,Ben,Ben LRJ,Ben-LRJ(1-6)-4:9.csv,/Users/yanivnaggar/Desktop/Spring 2026/IS/OPENBCI_runs/Ben/Ben-LRJ(1-6)-4:9.csv,LEFT,6,5,False,-1,left_right,1,1->1,6,6,Ben::Ben-LRJ(1-6)-4:9.csv::trial_6,23346,24844,93.384,99.376,5.992,observed_count 5 vs expected_count 6,10,LEFT,6,True,4.14136182466758e-43,0.5943260438578987,0.40567395614210133,0.04958828925144758,7.585531893423614e-05,0.0017179813032726198,0.004274067721297816,0.3065132683700369,0.6378305380350108
LDA,Yaniv-LRJ(6)-4:7.csv_to_Ben-LRJ(1-6)-4:9.csv,Ben,Ben LRJ,Ben-LRJ(1-6)-4:9.csv,/Users/yanivnaggar/Desktop/Spring 2026/IS/OPENBCI_runs/Ben/Ben-LRJ(1-6)-4:9.csv,RIGHT,1,1,True,0,left_right,2,2->2,7,1,Ben::Ben-LRJ(1-6)-4:9.csv::trial_7,25510,26097,102.04,104.388,2.348,,3,JAW,2,False,0.6666666666666666,0.0,0.3333333333333333,0.3333333333333333,0.6666666666666666,0.0,0.0,0.0,0.0
LDA,Yaniv-LRJ(6)-4:7.csv_to_Ben-LRJ(1-6)-4:9.csv,Ben,Ben LRJ,Ben-LRJ(1-6)-4:9.csv,/Users/yanivnaggar/Desktop/Spring 2026/IS/OPENBCI_runs/Ben/Ben-LRJ(1-6)-4:9.csv,RIGHT,2,1,False,-1,left_right,2,2->2,8,2,Ben::Ben-LRJ(1-6)-4:9.csv::trial_8,27525,28217,110.1,112.868,2.768,observed_count 1 vs expected_count 2,4,LEFT,4,False,0.25,0.5,0.25,0.22035147944765862,0.02967431665914626,1.0926334003382385e-09,0.4999742025993742,0.2500000002011852,2.389172503029581e-15
LDA,Yaniv-LRJ(6)-4:7.csv_to_Ben-LRJ(1-6)-4:9.csv,Ben,Ben LRJ,Ben-LRJ(1-6)-4:9.csv,/Users/yanivnaggar/Desktop/Spring 2026/IS/OPENBCI_runs/Ben/Ben-LRJ(1-6)-4:9.csv,RIGHT,3,3,True,0,left_right,2,2->2,9,3,Ben::Ben-LRJ(1-6)-4:9.csv::trial_9,29495,30641,117.98,122.564,4.584,,8,LEFT,5,False,5.837081078280685e-93,0.8192659189754348,0.18073408102456523,0.005469372398157739,0.07301770182878545,0.0009923352083544587,0.2850746281577519,0.5855689773949992,0.04987698501195126
LDA,Yaniv-LRJ(6)-4:7.csv_to_Ben-LRJ(1-6)-4:9.csv,Ben,Ben LRJ,Ben-LRJ(1-6)-4:9.csv,/Users/yanivnaggar/Desktop/Spring 2026/IS/OPENBCI_runs/Ben/Ben-LRJ(1-6)-4:9.csv,RIGHT,4,4,True,0,left_right,2,2->2,10,4,Ben::Ben-LRJ(1-6)-4:9.csv::trial_10,31772,33359,127.088,133.436,6.348,,11,RIGHT,6,False,3.0727011630629265e-91,0.40386913193367385,0.5961308680663261,0.0073110288094814105,0.0151015807448315,0.0026269250226753026,0.08610460036564799,0.2092965372522315,0.6795593278051324
LDA,Yaniv-LRJ(6)-4:7.csv_to_Ben-LRJ(1-6)-4:9.csv,Ben,Ben LRJ,Ben-LRJ(1-6)-4:9.csv,/Users/yanivnaggar/Desktop/Spring 2026/IS/OPENBCI_runs/Ben/Ben-LRJ(1-6)-4:9.csv,RIGHT,5,5,True,0,left_right,2,2->2,11,5,Ben::Ben-LRJ(1-6)-4:9.csv::trial_11,34237,35788,136.948,143.152,6.204,,11,LEFT,5,False,9.56408577432295e-102,0.5147974041730321,0.48520259582696795,0.007822913756146842,0.13229203765731637,0.0042241566994878086,0.05959677936035275,0.6105162030903893,0.18554790943630695
LDA,Yaniv-LRJ(6)-4:7.csv_to_Ben-LRJ(1-6)-4:9.csv,Ben,Ben LRJ,Ben-LRJ(1-6)-4:9.csv,/Users/yanivnaggar/Desktop/Spring 2026/IS/OPENBCI_runs/Ben/Ben-LRJ(1-6)-4:9.csv,RIGHT,6,3,False,-3,left_right,2,2->2,12,6,Ben::Ben-LRJ(1-6)-4:9.csv::trial_12,37072,38536,148.288,154.144,5.856,observed_count 3 vs expected_count 6,10,RIGHT,6,True,3.216079376472219e-110,0.15694148310772832,0.8430585168922716,0.2713049252228634,0.03441565180153472,0.017346790390410156,0.10252814425062665,0.23873168596968614,0.335672802364879
LDA,Yaniv-LRJ(6)-4:7.csv_to_Ben-LRJ(1-6)-4:9.csv,Ben,Ben LRJ,Ben-LRJ(1-6)-4:9.csv,/Users/yanivnaggar/Desktop/Spring 2026/IS/OPENBCI_runs/Ben/Ben-LRJ(1-6)-4:9.csv,JAW,1,1,True,0,jaw,3,3->3,13,1,Ben::Ben-LRJ(1-6)-4:9.csv::trial_13,40305,41673,161.22,166.692,5.472,,9,RIGHT,4,False,0.3333333333333333,0.15077701634939733,0.5158896503172694,0.03928427201416534,0.1955906590155392,0.10392514647342073,0.28105560966278026,0.1211918102129401,0.2589525026211544
LDA,Yaniv-LRJ(6)-4:7.csv_to_Ben-LRJ(1-6)-4:9.csv,Ben,Ben LRJ,Ben-LRJ(1-6)-4:9.csv,/Users/yanivnaggar/Desktop/Spring 2026/IS/OPENBCI_runs/Ben/Ben-LRJ(1-6)-4:9.csv,JAW,2,2,True,0,jaw,3,3->3,14,2,Ben::Ben-LRJ(1-6)-4:9.csv::trial_14,42937,43703,171.748,174.812,3.064,,5,JAW,6,False,0.6,0.0590035412388744,0.3409964587611256,3.469722872306078e-06,6.747601402555821e-05,0.024797686344728457,0.01840527964340159,0.20407362150909458,0.7526524667658776
LDA,Yaniv-LRJ(6)-4:7.csv_to_Ben-LRJ(1-6)-4:9.csv,Ben,Ben LRJ,Ben-LRJ(1-6)-4:9.csv,/Users/yanivnaggar/Desktop/Spring 2026/IS/OPENBCI_runs/Ben/Ben-LRJ(1-6)-4:9.csv,JAW,3,3,True,0,jaw,3,3->3,15,3,Ben::Ben-LRJ(1-6)-4:9.csv::trial_15,44984,46160,179.936,184.64,4.704,,8,JAW,6,False,0.625,0.36971073847800645,0.005289261521993573,0.00012023346762909927,0.0005338865379746404,0.004943452682862169,0.043562758698871024,0.1851363632824941,0.765703305330169
LDA,Yaniv-LRJ(6)-4:7.csv_to_Ben-LRJ(1-6)-4:9.csv,Ben,Ben LRJ,Ben-LRJ(1-6)-4:9.csv,/Users/yanivnaggar/Desktop/Spring 2026/IS/OPENBCI_runs/Ben/Ben-LRJ(1-6)-4:9.csv,JAW,4,2,False,-2,jaw,3,3->3,16,4,Ben::Ben-LRJ(1-6)-4:9.csv::trial_16,48463,49274,193.852,197.096,3.244,observed_count 2 vs expected_count 4,5,JAW,5,False,1.0,4.111285744824705e-37,1.841416766529842e-33,1.6709395406700664e-06,0.0001405209364314572,7.526059717464867e-05,0.031096141162020047,0.8922863792038822,0.07640002716095096
LDA,Yaniv-LRJ(6)-4:7.csv_to_Ben-LRJ(1-6)-4:9.csv,Ben,Ben LRJ,Ben-LRJ(1-6)-4:9.csv,/Users/yanivnaggar/Desktop/Spring 2026/IS/OPENBCI_runs/Ben/Ben-LRJ(1-6)-4:9.csv,JAW,5,3,False,-2,jaw,3,3->3,17,5,Ben::Ben-LRJ(1-6)-4:9.csv::trial_17,50498,52029,201.992,208.116,6.124,observed_count 3 vs expected_count 5,11,RIGHT,5,False,0.45454934853907447,0.002275583686034666,0.5431750677748909,0.00046374820836774905,0.00011045763414440816,0.0005743373477125781,0.0058111595399835455,0.5300672795686935,0.4629730177010982
LDA,Yaniv-LRJ(6)-4:7.csv_to_Ben-LRJ(1-6)-4:9.csv,Ben,Ben LRJ,Ben-LRJ(1-6)-4:9.csv,/Users/yanivnaggar/Desktop/Spring 2026/IS/OPENBCI_runs/Ben/Ben-LRJ(1-6)-4:9.csv,JAW,6,3,False,-3,jaw,3,3->3,18,6,Ben::Ben-LRJ(1-6)-4:9.csv::trial_18,53267,54716,213.068,218.864,5.796,observed_count 3 vs expected_count 6,10,JAW,5,False,0.799999894795745,1.1032789466725908e-05,0.19998907241478828,0.0015938814116315883,2.4531958927266107e-05,9.203053381228346e-05,0.01403327532729141,0.5707082570888444,0.41354802367949295
LogisticRegression,Yaniv-LRJ(6)-4:7.csv_to_Ben-LRJ(1-6)-4:9.csv,Ben,Ben LRJ,Ben-LRJ(1-6)-4:9.csv,/Users/yanivnaggar/Desktop/Spring 2026/IS/OPENBCI_runs/Ben/Ben-LRJ(1-6)-4:9.csv,LEFT,1,1,True,0,left_right,1,1->1,1,1,Ben::Ben-LRJ(1-6)-4:9.csv::trial_1,13213,13871,52.852,55.484,2.632,,4,LEFT,6,False,0.004593154309539469,0.8565860883551699,0.13882075733529048,0.21164484817753648,0.21492245838334934,0.03902376824045406,0.004991547266541351,0.09189659429826505,0.43752078363385377
LogisticRegression,Yaniv-LRJ(6)-4:7.csv_to_Ben-LRJ(1-6)-4:9.csv,Ben,Ben LRJ,Ben-LRJ(1-6)-4:9.csv,/Users/yanivnaggar/Desktop/Spring 2026/IS/OPENBCI_runs/Ben/Ben-LRJ(1-6)-4:9.csv,LEFT,2,2,True,0,left_right,1,1->1,2,2,Ben::Ben-LRJ(1-6)-4:9.csv::trial_2,15213,15830,60.852,63.32,2.468,,3,LEFT,6,False,0.00912956568980268,0.6733618381812114,0.31750859612898585,0.15348335060983717,0.1867734870386117,0.14674372912285102,0.01494197505444111,0.19012130745526037,0.3079361507189986
LogisticRegression,Yaniv-LRJ(6)-4:7.csv_to_Ben-LRJ(1-6)-4:9.csv,Ben,Ben LRJ,Ben-LRJ(1-6)-4:9.csv,/Users/yanivnaggar/Desktop/Spring 2026/IS/OPENBCI_runs/Ben/Ben-LRJ(1-6)-4:9.csv,LEFT,3,3,True,0,left_right,1,1->1,3,3,Ben::Ben-LRJ(1-6)-4:9.csv::trial_3,17031,17648,68.124,70.592,2.468,,3,LEFT,2,False,0.0055770735956700256,0.7403913483469474,0.25403157805738247,0.2228180697591874,0.4706850231148442,0.058484213527459306,0.027914531031485695,0.12176173917629984,0.09833642339072353
LogisticRegression,Yaniv-LRJ(6)-4:7.csv_to_Ben-LRJ(1-6)-4:9.csv,Ben,Ben LRJ,Ben-LRJ(1-6)-4:9.csv,/Users/yanivnaggar/Desktop/Spring 2026/IS/OPENBCI_runs/Ben/Ben-LRJ(1-6)-4:9.csv,LEFT,4,2,False,-2,left_right,1,1->1,4,4,Ben::Ben-LRJ(1-6)-4:9.csv::trial_4,18840,19726,75.36,78.904,3.544,observed_count 2 vs expected_count 4,6,RIGHT,3,False,0.01092967170690539,0.2627847880771563,0.7262855402159384,0.12167059863063116,0.2958994779325008,0.30889677947790944,0.051953643757818156,0.09913749125297683,0.12244200894816354
LogisticRegression,Yaniv-LRJ(6)-4:7.csv_to_Ben-LRJ(1-6)-4:9.csv,Ben,Ben LRJ,Ben-LRJ(1-6)-4:9.csv,/Users/yanivnaggar/Desktop/Spring 2026/IS/OPENBCI_runs/Ben/Ben-LRJ(1-6)-4:9.csv,LEFT,5,2,False,-3,left_right,1,1->1,5,5,Ben::Ben-LRJ(1-6)-4:9.csv::trial_5,21030,22322,84.12,89.288,5.168,observed_count 2 vs expected_count 5,9,LEFT,1,False,0.004503787403451873,0.8557994040922297,0.13969680850431834,0.49472328685772865,0.18234542198825157,0.059053783461233675,0.01990830608097808,0.11830713442329298,0.12566206718851497
LogisticRegression,Yaniv-LRJ(6)-4:7.csv_to_Ben-LRJ(1-6)-4:9.csv,Ben,Ben LRJ,Ben-LRJ(1-6)-4:9.csv,/Users/yanivnaggar/Desktop/Spring 2026/IS/OPENBCI_runs/Ben/Ben-LRJ(1-6)-4:9.csv,LEFT,6,5,False,-1,left_right,1,1->1,6,6,Ben::Ben-LRJ(1-6)-4:9.csv::trial_6,23346,24844,93.384,99.376,5.992,observed_count 5 vs expected_count 6,10,LEFT,6,True,0.006329559771269516,0.625623282977432,0.36804715725129855,0.22586194935666143,0.0482733508328207,0.16959345703979034,0.04245176423837481,0.13795900507961792,0.37586047345273477
LogisticRegression,Yaniv-LRJ(6)-4:7.csv_to_Ben-LRJ(1-6)-4:9.csv,Ben,Ben LRJ,Ben-LRJ(1-6)-4:9.csv,/Users/yanivnaggar/Desktop/Spring 2026/IS/OPENBCI_runs/Ben/Ben-LRJ(1-6)-4:9.csv,RIGHT,1,1,True,0,left_right,2,2->2,7,1,Ben::Ben-LRJ(1-6)-4:9.csv::trial_7,25510,26097,102.04,104.388,2.348,,3,JAW,1,False,0.6666731269685305,0.3333268730314695,5.255008458143367e-22,0.6666700417778486,3.247214921194698e-60,5.1795024349378086e-05,3.3355815916215686e-07,0.33327782961149216,2.8150614533053446e-11
LogisticRegression,Yaniv-LRJ(6)-4:7.csv_to_Ben-LRJ(1-6)-4:9.csv,Ben,Ben LRJ,Ben-LRJ(1-6)-4:9.csv,/Users/yanivnaggar/Desktop/Spring 2026/IS/OPENBCI_runs/Ben/Ben-LRJ(1-6)-4:9.csv,RIGHT,2,1,False,-1,left_right,2,2->2,8,2,Ben::Ben-LRJ(1-6)-4:9.csv::trial_8,27525,28217,110.1,112.868,2.768,observed_count 1 vs expected_count 2,4,RIGHT,2,True,0.11398029451698277,0.3216525624799377,0.5643671430030796,0.00020667745994020626,0.5033354191127604,2.3895404862363328e-05,0.4839119992105978,0.00292755377661758,0.009594455035221636
LogisticRegression,Yaniv-LRJ(6)-4:7.csv_to_Ben-LRJ(1-6)-4:9.csv,Ben,Ben LRJ,Ben-LRJ(1-6)-4:9.csv,/Users/yanivnaggar/Desktop/Spring 2026/IS/OPENBCI_runs/Ben/Ben-LRJ(1-6)-4:9.csv,RIGHT,3,3,True,0,left_right,2,2->2,9,3,Ben::Ben-LRJ(1-6)-4:9.csv::trial_9,29495,30641,117.98,122.564,4.584,,8,RIGHT,4,False,0.005273338238579075,0.45353401424639334,0.5411926475150276,0.057746493148670974,0.031821385129985356,0.016677933273387055,0.5859771778376818,0.22501454521218134,0.08276246539809352
LogisticRegression,Yaniv-LRJ(6)-4:7.csv_to_Ben-LRJ(1-6)-4:9.csv,Ben,Ben LRJ,Ben-LRJ(1-6)-4:9.csv,/Users/yanivnaggar/Desktop/Spring 2026/IS/OPENBCI_runs/Ben/Ben-LRJ(1-6)-4:9.csv,RIGHT,4,4,True,0,left_right,2,2->2,10,4,Ben::Ben-LRJ(1-6)-4:9.csv::trial_10,31772,33359,127.088,133.436,6.348,,11,LEFT,6,False,0.00158722944015413,0.5158019370303761,0.4826108335294697,0.12432344004103744,0.06817281761496939,0.12131391230228677,0.1313528717614517,0.14666647424137075,0.40817048403888395
LogisticRegression,Yaniv-LRJ(6)-4:7.csv_to_Ben-LRJ(1-6)-4:9.csv,Ben,Ben LRJ,Ben-LRJ(1-6)-4:9.csv,/Users/yanivnaggar/Desktop/Spring 2026/IS/OPENBCI_runs/Ben/Ben-LRJ(1-6)-4:9.csv,RIGHT,5,5,True,0,left_right,2,2->2,11,5,Ben::Ben-LRJ(1-6)-4:9.csv::trial_11,34237,35788,136.948,143.152,6.204,,11,RIGHT,5,True,0.0024979834997749997,0.4353573334233871,0.562144683076838,0.06925153621681956,0.04105568611939633,0.0748826207011274,0.2804304894664033,0.37616747352895136,0.15821219396730202
LogisticRegression,Yaniv-LRJ(6)-4:7.csv_to_Ben-LRJ(1-6)-4:9.csv,Ben,Ben LRJ,Ben-LRJ(1-6)-4:9.csv,/Users/yanivnaggar/Desktop/Spring 2026/IS/OPENBCI_runs/Ben/Ben-LRJ(1-6)-4:9.csv,RIGHT,6,3,False,-3,left_right,2,2->2,12,6,Ben::Ben-LRJ(1-6)-4:9.csv::trial_12,37072,38536,148.288,154.144,5.856,observed_count 3 vs expected_count 6,10,RIGHT,3,False,0.003712513586451581,0.13258842082253125,0.8636990655910172,0.13646169901823937,0.15842709930463605,0.32027080612131004,0.10448371322290732,0.08973286001677387,0.19062382231613337
LogisticRegression,Yaniv-LRJ(6)-4:7.csv_to_Ben-LRJ(1-6)-4:9.csv,Ben,Ben LRJ,Ben-LRJ(1-6)-4:9.csv,/Users/yanivnaggar/Desktop/Spring 2026/IS/OPENBCI_runs/Ben/Ben-LRJ(1-6)-4:9.csv,JAW,1,1,True,0,jaw,3,3->3,13,1,Ben::Ben-LRJ(1-6)-4:9.csv::trial_13,40305,41673,161.22,166.692,5.472,,9,JAW,4,False,0.4452049040141853,0.11775423926452364,0.43704085672129106,0.038186064280933026,0.014935244218410835,0.0433922610777146,0.46844379520003343,0.02099387847175227,0.41404875675115577
LogisticRegression,Yaniv-LRJ(6)-4:7.csv_to_Ben-LRJ(1-6)-4:9.csv,Ben,Ben LRJ,Ben-LRJ(1-6)-4:9.csv,/Users/yanivnaggar/Desktop/Spring 2026/IS/OPENBCI_runs/Ben/Ben-LRJ(1-6)-4:9.csv,JAW,2,2,True,0,jaw,3,3->3,14,2,Ben::Ben-LRJ(1-6)-4:9.csv::trial_14,42937,43703,171.748,174.812,3.064,,5,RIGHT,6,False,0.1831328484099617,0.4023777468452837,0.41448940474475454,0.03749490201198314,0.009089612462132333,0.16494584134007712,0.0032797577897160863,0.020321742842126442,0.7648681435539648
LogisticRegression,Yaniv-LRJ(6)-4:7.csv_to_Ben-LRJ(1-6)-4:9.csv,Ben,Ben LRJ,Ben-LRJ(1-6)-4:9.csv,/Users/yanivnaggar/Desktop/Spring 2026/IS/OPENBCI_runs/Ben/Ben-LRJ(1-6)-4:9.csv,JAW,3,3,True,0,jaw,3,3->3,15,3,Ben::Ben-LRJ(1-6)-4:9.csv::trial_15,44984,46160,179.936,184.64,4.704,,8,LEFT,6,False,0.24741191383522765,0.48458993472052475,0.26799815144424755,0.14459487174656044,0.011471180368932335,0.05240990720380224,0.004540264724528444,0.020705435093383143,0.7662783408627933
LogisticRegression,Yaniv-LRJ(6)-4:7.csv_to_Ben-LRJ(1-6)-4:9.csv,Ben,Ben LRJ,Ben-LRJ(1-6)-4:9.csv,/Users/yanivnaggar/Desktop/Spring 2026/IS/OPENBCI_runs/Ben/Ben-LRJ(1-6)-4:9.csv,JAW,4,2,False,-2,jaw,3,3->3,16,4,Ben::Ben-LRJ(1-6)-4:9.csv::trial_16,48463,49274,193.852,197.096,3.244,observed_count 2 vs expected_count 4,5,RIGHT,6,False,0.15114134208938595,0.31190957124112845,0.5369490866694856,0.035699566479535906,0.029758349543471768,0.12390188040906827,0.004340285055052514,0.024027068157129454,0.782272850355742
LogisticRegression,Yaniv-LRJ(6)-4:7.csv_to_Ben-LRJ(1-6)-4:9.csv,Ben,Ben LRJ,Ben-LRJ(1-6)-4:9.csv,/Users/yanivnaggar/Desktop/Spring 2026/IS/OPENBCI_runs/Ben/Ben-LRJ(1-6)-4:9.csv,JAW,5,3,False,-2,jaw,3,3->3,17,5,Ben::Ben-LRJ(1-6)-4:9.csv::trial_17,50498,52029,201.992,208.116,6.124,observed_count 3 vs expected_count 5,11,RIGHT,6,False,0.011439366332341274,0.37941361237890797,0.6091470212887509,0.13108245510384234,0.01851812773009848,0.11620945763777496,0.003949459359806162,0.03259271895493345,0.6976477812135445
LogisticRegression,Yaniv-LRJ(6)-4:7.csv_to_Ben-LRJ(1-6)-4:9.csv,Ben,Ben LRJ,Ben-LRJ(1-6)-4:9.csv,/Users/yanivnaggar/Desktop/Spring 2026/IS/OPENBCI_runs/Ben/Ben-LRJ(1-6)-4:9.csv,JAW,6,3,False,-3,jaw,3,3->3,18,6,Ben::Ben-LRJ(1-6)-4:9.csv::trial_18,53267,54716,213.068,218.864,5.796,observed_count 3 vs expected_count 6,10,RIGHT,6,False,0.1655890174318459,0.37132351310884476,0.4630874694593093,0.08073645928564065,0.011870506758510464,0.08083243327404097,0.003199131674654922,0.028969608284200966,0.7943918607229521
RandomForest,Yaniv-LRJ(6)-4:7.csv_to_Ben-LRJ(1-6)-4:9.csv,Ben,Ben LRJ,Ben-LRJ(1-6)-4:9.csv,/Users/yanivnaggar/Desktop/Spring 2026/IS/OPENBCI_runs/Ben/Ben-LRJ(1-6)-4:9.csv,LEFT,1,1,True,0,left_right,1,1->1,1,1,Ben::Ben-LRJ(1-6)-4:9.csv::trial_1,13213,13871,52.852,55.484,2.632,,4,LEFT,6,False,0.05,0.6691666666666667,0.2808333333333333,0.125,0.19166666666666665,0.12833333333333333,0.06833333333333333,0.16083333333333333,0.3258333333333333
RandomForest,Yaniv-LRJ(6)-4:7.csv_to_Ben-LRJ(1-6)-4:9.csv,Ben,Ben LRJ,Ben-LRJ(1-6)-4:9.csv,/Users/yanivnaggar/Desktop/Spring 2026/IS/OPENBCI_runs/Ben/Ben-LRJ(1-6)-4:9.csv,LEFT,2,2,True,0,left_right,1,1->1,2,2,Ben::Ben-LRJ(1-6)-4:9.csv::trial_2,15213,15830,60.852,63.32,2.468,,3,LEFT,2,True,0.05777777777777778,0.648888888888889,0.2933333333333333,0.09111111111111113,0.2633333333333333,0.23111111111111113,0.10222222222222221,0.18888888888888888,0.12333333333333334
RandomForest,Yaniv-LRJ(6)-4:7.csv_to_Ben-LRJ(1-6)-4:9.csv,Ben,Ben LRJ,Ben-LRJ(1-6)-4:9.csv,/Users/yanivnaggar/Desktop/Spring 2026/IS/OPENBCI_runs/Ben/Ben-LRJ(1-6)-4:9.csv,LEFT,3,3,True,0,left_right,1,1->1,3,3,Ben::Ben-LRJ(1-6)-4:9.csv::trial_3,17031,17648,68.124,70.592,2.468,,3,LEFT,2,False,0.05000000000000001,0.65,0.3,0.09555555555555556,0.27111111111111114,0.23666666666666666,0.09444444444444444,0.20666666666666667,0.09555555555555555
RandomForest,Yaniv-LRJ(6)-4:7.csv_to_Ben-LRJ(1-6)-4:9.csv,Ben,Ben LRJ,Ben-LRJ(1-6)-4:9.csv,/Users/yanivnaggar/Desktop/Spring 2026/IS/OPENBCI_runs/Ben/Ben-LRJ(1-6)-4:9.csv,LEFT,4,2,False,-2,left_right,1,1->1,4,4,Ben::Ben-LRJ(1-6)-4:9.csv::trial_4,18840,19726,75.36,78.904,3.544,observed_count 2 vs expected_count 4,6,LEFT,5,False,0.07111111111111111,0.4961111111111111,0.43277777777777776,0.09333333333333334,0.14333333333333334,0.22666666666666666,0.1277777777777778,0.2872222222222222,0.12166666666666666
RandomForest,Yaniv-LRJ(6)-4:7.csv_to_Ben-LRJ(1-6)-4:9.csv,Ben,Ben LRJ,Ben-LRJ(1-6)-4:9.csv,/Users/yanivnaggar/Desktop/Spring 2026/IS/OPENBCI_runs/Ben/Ben-LRJ(1-6)-4:9.csv,LEFT,5,2,False,-3,left_right,1,1->1,5,5,Ben::Ben-LRJ(1-6)-4:9.csv::trial_5,21030,22322,84.12,89.288,5.168,observed_count 2 vs expected_count 5,9,LEFT,2,False,0.11148148148148149,0.6033333333333333,0.28518518518518515,0.16518518518518518,0.2288888888888889,0.13999999999999999,0.08333333333333334,0.20296296296296296,0.17962962962962964
RandomForest,Yaniv-LRJ(6)-4:7.csv_to_Ben-LRJ(1-6)-4:9.csv,Ben,Ben LRJ,Ben-LRJ(1-6)-4:9.csv,/Users/yanivnaggar/Desktop/Spring 2026/IS/OPENBCI_runs/Ben/Ben-LRJ(1-6)-4:9.csv,LEFT,6,5,False,-1,left_right,1,1->1,6,6,Ben::Ben-LRJ(1-6)-4:9.csv::trial_6,23346,24844,93.384,99.376,5.992,observed_count 5 vs expected_count 6,10,LEFT,6,True,0.05833333333333335,0.6103333333333333,0.3313333333333333,0.10200000000000001,0.15733333333333335,0.1663333333333333,0.12999999999999998,0.21733333333333332,0.227
RandomForest,Yaniv-LRJ(6)-4:7.csv_to_Ben-LRJ(1-6)-4:9.csv,Ben,Ben LRJ,Ben-LRJ(1-6)-4:9.csv,/Users/yanivnaggar/Desktop/Spring 2026/IS/OPENBCI_runs/Ben/Ben-LRJ(1-6)-4:9.csv,RIGHT,1,1,True,0,left_right,2,2->2,7,1,Ben::Ben-LRJ(1-6)-4:9.csv::trial_7,25510,26097,102.04,104.388,2.348,,3,JAW,1,False,0.7444444444444445,0.14222222222222222,0.11333333333333333,0.35888888888888887,0.10333333333333333,0.035555555555555556,0.16666666666666666,0.21666666666666667,0.11888888888888889
RandomForest,Yaniv-LRJ(6)-4:7.csv_to_Ben-LRJ(1-6)-4:9.csv,Ben,Ben LRJ,Ben-LRJ(1-6)-4:9.csv,/Users/yanivnaggar/Desktop/Spring 2026/IS/OPENBCI_runs/Ben/Ben-LRJ(1-6)-4:9.csv,RIGHT,2,1,False,-1,left_right,2,2->2,8,2,Ben::Ben-LRJ(1-6)-4:9.csv::trial_8,27525,28217,110.1,112.868,2.768,observed_count 1 vs expected_count 2,4,JAW,4,False,0.43,0.28750000000000003,0.2825,0.04916666666666666,0.12,0.0725,0.3225,0.24166666666666664,0.19416666666666665
RandomForest,Yaniv-LRJ(6)-4:7.csv_to_Ben-LRJ(1-6)-4:9.csv,Ben,Ben LRJ,Ben-LRJ(1-6)-4:9.csv,/Users/yanivnaggar/Desktop/Spring 2026/IS/OPENBCI_runs/Ben/Ben-LRJ(1-6)-4:9.csv,RIGHT,3,3,True,0,left_right,2,2->2,9,3,Ben::Ben-LRJ(1-6)-4:9.csv::trial_9,29495,30641,117.98,122.564,4.584,,8,LEFT,4,False,0.07958333333333334,0.6679166666666667,0.2525,0.03,0.03916666666666667,0.042083333333333334,0.35916666666666663,0.20583333333333334,0.32375
RandomForest,Yaniv-LRJ(6)-4:7.csv_to_Ben-LRJ(1-6)-4:9.csv,Ben,Ben LRJ,Ben-LRJ(1-6)-4:9.csv,/Users/yanivnaggar/Desktop/Spring 2026/IS/OPENBCI_runs/Ben/Ben-LRJ(1-6)-4:9.csv,RIGHT,4,4,True,0,left_right,2,2->2,10,4,Ben::Ben-LRJ(1-6)-4:9.csv::trial_10,31772,33359,127.088,133.436,6.348,,11,RIGHT,6,False,0.060909090909090906,0.41030303030303034,0.5287878787878788,0.060606060606060615,0.059393939393939395,0.11333333333333334,0.11363636363636363,0.17333333333333334,0.47969696969696973
RandomForest,Yaniv-LRJ(6)-4:7.csv_to_Ben-LRJ(1-6)-4:9.csv,Ben,Ben LRJ,Ben-LRJ(1-6)-4:9.csv,/Users/yanivnaggar/Desktop/Spring 2026/IS/OPENBCI_runs/Ben/Ben-LRJ(1-6)-4:9.csv,RIGHT,5,5,True,0,left_right,2,2->2,11,5,Ben::Ben-LRJ(1-6)-4:9.csv::trial_11,34237,35788,136.948,143.152,6.204,,11,LEFT,6,False,0.021212121212121213,0.6051515151515151,0.37363636363636366,0.06242424242424243,0.053636363636363635,0.07,0.2596969696969697,0.2475757575757576,0.3066666666666667
RandomForest,Yaniv-LRJ(6)-4:7.csv_to_Ben-LRJ(1-6)-4:9.csv,Ben,Ben LRJ,Ben-LRJ(1-6)-4:9.csv,/Users/yanivnaggar/Desktop/Spring 2026/IS/OPENBCI_runs/Ben/Ben-LRJ(1-6)-4:9.csv,RIGHT,6,3,False,-3,left_right,2,2->2,12,6,Ben::Ben-LRJ(1-6)-4:9.csv::trial_12,37072,38536,148.288,154.144,5.856,observed_count 3 vs expected_count 6,10,RIGHT,6,True,0.03666666666666667,0.3096666666666667,0.6536666666666666,0.09066666666666667,0.08499999999999999,0.23700000000000002,0.06999999999999999,0.2053333333333333,0.312
RandomForest,Yaniv-LRJ(6)-4:7.csv_to_Ben-LRJ(1-6)-4:9.csv,Ben,Ben LRJ,Ben-LRJ(1-6)-4:9.csv,/Users/yanivnaggar/Desktop/Spring 2026/IS/OPENBCI_runs/Ben/Ben-LRJ(1-6)-4:9.csv,JAW,1,1,True,0,jaw,3,3->3,13,1,Ben::Ben-LRJ(1-6)-4:9.csv::trial_13,40305,41673,161.22,166.692,5.472,,9,JAW,6,False,0.48814814814814816,0.21222222222222223,0.2996296296296296,0.17925925925925926,0.05629629629629629,0.13037037037037036,0.14814814814814814,0.2222222222222222,0.2637037037037037
RandomForest,Yaniv-LRJ(6)-4:7.csv_to_Ben-LRJ(1-6)-4:9.csv,Ben,Ben LRJ,Ben-LRJ(1-6)-4:9.csv,/Users/yanivnaggar/Desktop/Spring 2026/IS/OPENBCI_runs/Ben/Ben-LRJ(1-6)-4:9.csv,JAW,2,2,True,0,jaw,3,3->3,14,2,Ben::Ben-LRJ(1-6)-4:9.csv::trial_14,42937,43703,171.748,174.812,3.064,,5,RIGHT,6,False,0.22333333333333333,0.32666666666666666,0.45,0.07333333333333333,0.068,0.20400000000000001,0.10066666666666665,0.14733333333333332,0.4066666666666666
RandomForest,Yaniv-LRJ(6)-4:7.csv_to_Ben-LRJ(1-6)-4:9.csv,Ben,Ben LRJ,Ben-LRJ(1-6)-4:9.csv,/Users/yanivnaggar/Desktop/Spring 2026/IS/OPENBCI_runs/Ben/Ben-LRJ(1-6)-4:9.csv,JAW,3,3,True,0,jaw,3,3->3,15,3,Ben::Ben-LRJ(1-6)-4:9.csv::trial_15,44984,46160,179.936,184.64,4.704,,8,RIGHT,6,False,0.30208333333333337,0.3383333333333334,0.35958333333333337,0.06208333333333334,0.043333333333333335,0.18708333333333335,0.15250000000000002,0.17708333333333331,0.3779166666666667
RandomForest,Yaniv-LRJ(6)-4:7.csv_to_Ben-LRJ(1-6)-4:9.csv,Ben,Ben LRJ,Ben-LRJ(1-6)-4:9.csv,/Users/yanivnaggar/Desktop/Spring 2026/IS/OPENBCI_runs/Ben/Ben-LRJ(1-6)-4:9.csv,JAW,4,2,False,-2,jaw,3,3->3,16,4,Ben::Ben-LRJ(1-6)-4:9.csv::trial_16,48463,49274,193.852,197.096,3.244,observed_count 2 vs expected_count 4,5,LEFT,6,False,0.33999999999999997,0.36133333333333334,0.2986666666666667,0.06133333333333333,0.08199999999999999,0.22333333333333333,0.12733333333333335,0.14666666666666667,0.35933333333333334
RandomForest,Yaniv-LRJ(6)-4:7.csv_to_Ben-LRJ(1-6)-4:9.csv,Ben,Ben LRJ,Ben-LRJ(1-6)-4:9.csv,/Users/yanivnaggar/Desktop/Spring 2026/IS/OPENBCI_runs/Ben/Ben-LRJ(1-6)-4:9.csv,JAW,5,3,False,-2,jaw,3,3->3,17,5,Ben::Ben-LRJ(1-6)-4:9.csv::trial_17,50498,52029,201.992,208.116,6.124,observed_count 3 vs expected_count 5,11,RIGHT,6,False,0.1915151515151515,0.36151515151515157,0.446969696969697,0.05424242424242423,0.0596969696969697,0.12363636363636364,0.06969696969696969,0.15545454545454546,0.5372727272727273
RandomForest,Yaniv-LRJ(6)-4:7.csv_to_Ben-LRJ(1-6)-4:9.csv,Ben,Ben LRJ,Ben-LRJ(1-6)-4:9.csv,/Users/yanivnaggar/Desktop/Spring 2026/IS/OPENBCI_runs/Ben/Ben-LRJ(1-6)-4:9.csv,JAW,6,3,False,-3,jaw,3,3->3,18,6,Ben::Ben-LRJ(1-6)-4:9.csv::trial_18,53267,54716,213.068,218.864,5.796,observed_count 3 vs expected_count 6,10,LEFT,6,False,0.3133333333333333,0.3446666666666667,0.34199999999999997,0.052666666666666674,0.06866666666666668,0.166,0.11300000000000002,0.165,0.43466666666666676
LDA,Ben-LRJ(1-6)-4:9.csv_to_Yaniv-LRJ(6)-4:7.csv,Yaniv,Yaniv LRJ,Yaniv-LRJ(6)-4:7.csv,/Users/yanivnaggar/Desktop/Spring 2026/IS/OPENBCI_runs/Yaniv/Yaniv-LRJ(6)-4:7.csv,LEFT,1,1,True,0,left_right,1,1->1,1,1,Yaniv::Yaniv-LRJ(6)-4:7.csv::trial_1,11678,12071,46.712,48.284,1.572,,2,LEFT,6,False,3.849635570895948e-06,0.511019772841848,0.48897637752258116,0.0004434970515318298,0.0003321771915327215,0.00045760195548727125,0.13731287346173238,0.20953893312292943,0.6519149172167864
LDA,Ben-LRJ(1-6)-4:9.csv_to_Yaniv-LRJ(6)-4:7.csv,Yaniv,Yaniv LRJ,Yaniv-LRJ(6)-4:7.csv,/Users/yanivnaggar/Desktop/Spring 2026/IS/OPENBCI_runs/Yaniv/Yaniv-LRJ(6)-4:7.csv,LEFT,2,1,False,-1,left_right,1,1->1,2,2,Yaniv::Yaniv-LRJ(6)-4:7.csv::trial_2,13052,13592,52.208,54.368,2.16,observed_count 1 vs expected_count 2,3,LEFT,5,False,1.128050634854838e-07,0.6670006981581885,0.3329991890367479,0.3043969719816846,0.021585976337498074,0.009724084615177903,0.07539731737973794,0.3657115833093569,0.22318406637654462
LDA,Ben-LRJ(1-6)-4:9.csv_to_Yaniv-LRJ(6)-4:7.csv,Yaniv,Yaniv LRJ,Yaniv-LRJ(6)-4:7.csv,/Users/yanivnaggar/Desktop/Spring 2026/IS/OPENBCI_runs/Yaniv/Yaniv-LRJ(6)-4:7.csv,LEFT,3,3,True,0,left_right,1,1->1,3,3,Yaniv::Yaniv-LRJ(6)-4:7.csv::trial_3,14419,15160,57.676,60.64,2.964,,4,RIGHT,6,False,0.0017721346907673837,0.055488286120216515,0.9427395791890161,0.0004195995049214643,0.004109559822081413,0.004983968578972215,0.09870295392646938,0.366606231291392,0.5251776868761635
LDA,Ben-LRJ(1-6)-4:9.csv_to_Yaniv-LRJ(6)-4:7.csv,Yaniv,Yaniv LRJ,Yaniv-LRJ(6)-4:7.csv,/Users/yanivnaggar/Desktop/Spring 2026/IS/OPENBCI_runs/Yaniv/Yaniv-LRJ(6)-4:7.csv,LEFT,4,2,False,-2,left_right,1,1->1,4,4,Yaniv::Yaniv-LRJ(6)-4:7.csv::trial_4,16071,17077,64.284,68.308,4.024,observed_count 2 vs expected_count 4,7,RIGHT,3,False,0.0023124022047251217,7.369185010325588e-05,0.9976139059451716,0.003704114079653233,0.0016947905180383382,0.7947598656922753,0.07247573767570044,0.10778778963368227,0.019577702400650484
LDA,Ben-LRJ(1-6)-4:9.csv_to_Yaniv-LRJ(6)-4:7.csv,Yaniv,Yaniv LRJ,Yaniv-LRJ(6)-4:7.csv,/Users/yanivnaggar/Desktop/Spring 2026/IS/OPENBCI_runs/Yaniv/Yaniv-LRJ(6)-4:7.csv,LEFT,5,4,False,-1,left_right,1,1->1,5,5,Yaniv::Yaniv-LRJ(6)-4:7.csv::trial_5,18322,19512,73.288,78.048,4.76,observed_count 4 vs expected_count 5,8,LEFT,5,True,0.03820593732841389,0.4829229739067183,0.47887108876486784,0.006302465283457473,0.0010876584945965794,0.29773634778804925,0.028194263852382245,0.580484987246329,0.08619427733518548
LDA,Ben-LRJ(1-6)-4:9.csv_to_Yaniv-LRJ(6)-4:7.csv,Yaniv,Yaniv LRJ,Yaniv-LRJ(6)-4:7.csv,/Users/yanivnaggar/Desktop/Spring 2026/IS/OPENBCI_runs/Yaniv/Yaniv-LRJ(6)-4:7.csv,LEFT,6,3,False,-3,left_right,1,1->1,6,6,Yaniv::Yaniv-LRJ(6)-4:7.csv::trial_6,20640,21885,82.56,87.54,4.98,observed_count 3 vs expected_count 6,8,RIGHT,3,False,0.0012414048327968915,0.00800519536597024,0.9907533998012328,0.0013787550455861806,0.005020016789139504,0.376326469185069,0.12269071013391677,0.29598888527499256,0.19859516357129597
LDA,Ben-LRJ(1-6)-4:9.csv_to_Yaniv-LRJ(6)-4:7.csv,Yaniv,Yaniv LRJ,Yaniv-LRJ(6)-4:7.csv,/Users/yanivnaggar/Desktop/Spring 2026/IS/OPENBCI_runs/Yaniv/Yaniv-LRJ(6)-4:7.csv,RIGHT,1,1,True,0,left_right,2,2->2,7,1,Yaniv::Yaniv-LRJ(6)-4:7.csv::trial_7,22945,23336,91.78,93.344,1.564,,2,RIGHT,5,False,0.00014479256970890349,9.1255361902713e-06,0.9998460818941007,0.0006030103236033191,0.0004287178733915752,0.0567989098522403,0.2827969145461129,0.47443486211534447,0.18493758528930743
LDA,Ben-LRJ(1-6)-4:9.csv_to_Yaniv-LRJ(6)-4:7.csv,Yaniv,Yaniv LRJ,Yaniv-LRJ(6)-4:7.csv,/Users/yanivnaggar/Desktop/Spring 2026/IS/OPENBCI_runs/Yaniv/Yaniv-LRJ(6)-4:7.csv,RIGHT,2,2,True,0,left_right,2,2->2,8,2,Yaniv::Yaniv-LRJ(6)-4:7.csv::trial_8,24251,24807,97.004,99.228,2.224,,3,RIGHT,5,False,0.00017234569400664658,0.33311467276329654,0.6667129815426969,0.0025835396463610356,0.001392049743031967,0.06562006449390245,0.24722169638161562,0.4118743880052662,0.27130826172982275
LDA,Ben-LRJ(1-6)-4:9.csv_to_Yaniv-LRJ(6)-4:7.csv,Yaniv,Yaniv LRJ,Yaniv-LRJ(6)-4:7.csv,/Users/yanivnaggar/Desktop/Spring 2026/IS/OPENBCI_runs/Yaniv/Yaniv-LRJ(6)-4:7.csv,RIGHT,3,2,False,-1,left_right,2,2->2,9,3,Yaniv::Yaniv-LRJ(6)-4:7.csv::trial_9,25672,26363,102.688,105.452,2.764,observed_count 2 vs expected_count 3,4,RIGHT,4,False,0.005433179310830008,0.3045682580697362,0.6899985626194338,0.002661993131854847,0.006782816083948705,0.03054701201116603,0.4371026464052788,0.2060384369736328,0.3168670953941188
LDA,Ben-LRJ(1-6)-4:9.csv_to_Yaniv-LRJ(6)-4:7.csv,Yaniv,Yaniv LRJ,Yaniv-LRJ(6)-4:7.csv,/Users/yanivnaggar/Desktop/Spring 2026/IS/OPENBCI_runs/Yaniv/Yaniv-LRJ(6)-4:7.csv,RIGHT,4,3,False,-1,left_right,2,2->2,10,4,Yaniv::Yaniv-LRJ(6)-4:7.csv::trial_10,27192,28137,108.768,112.548,3.78,observed_count 3 vs expected_count 4,6,RIGHT,3,False,2.0214800265005626e-05,0.16552977869817018,0.8344500065015649,0.020575849491803893,0.0015164590126392583,0.33791220643573266,0.16140085899624249,0.24082094878254676,0.2377736772810349
LDA,Ben-LRJ(1-6)-4:9.csv_to_Yaniv-LRJ(6)-4:7.csv,Yaniv,Yaniv LRJ,Yaniv-LRJ(6)-4:7.csv,/Users/yanivnaggar/Desktop/Spring 2026/IS/OPENBCI_runs/Yaniv/Yaniv-LRJ(6)-4:7.csv,RIGHT,5,4,False,-1,left_right,2,2->2,11,5,Yaniv::Yaniv-LRJ(6)-4:7.csv::trial_11,29234,30522,116.936,122.088,5.152,observed_count 4 vs expected_count 5,9,RIGHT,6,False,0.022045724425271158,0.0006363677121531834,0.9773179078625756,0.0007831257412232921,0.00823099703775167,0.15985731606375678,0.18472871850781047,0.22950424271405476,0.416895599935403
LDA,Ben-LRJ(1-6)-4:9.csv_to_Yaniv-LRJ(6)-4:7.csv,Yaniv,Yaniv LRJ,Yaniv-LRJ(6)-4:7.csv,/Users/yanivnaggar/Desktop/Spring 2026/IS/OPENBCI_runs/Yaniv/Yaniv-LRJ(6)-4:7.csv,RIGHT,6,5,False,-1,left_right,2,2->2,12,6,Yaniv::Yaniv-LRJ(6)-4:7.csv::trial_12,31542,33293,126.168,133.172,7.004,observed_count 5 vs expected_count 6,13,RIGHT,5,False,0.019083200332626515,2.464442178919023e-05,0.9808921552455842,0.000563785902164994,0.0014729480727940939,0.01530532441254399,0.18160956396991276,0.4040326438271577,0.39701573381542654
LDA,Ben-LRJ(1-6)-4:9.csv_to_Yaniv-LRJ(6)-4:7.csv,Yaniv,Yaniv LRJ,Yaniv-LRJ(6)-4:7.csv,/Users/yanivnaggar/Desktop/Spring 2026/IS/OPENBCI_runs/Yaniv/Yaniv-LRJ(6)-4:7.csv,JAW,1,1,True,0,jaw,3,3->3,13,1,Yaniv::Yaniv-LRJ(6)-4:7.csv::trial_13,34461,34855,137.844,139.42,1.576,,2,RIGHT,6,False,7.99440073846922e-11,3.211651838000253e-07,0.9999996787548722,0.04816793892015107,2.5948648267109376e-05,1.5272866333111263e-07,0.06178874716709303,0.001111309555213995,0.8889059029806115
LDA,Ben-LRJ(1-6)-4:9.csv_to_Yaniv-LRJ(6)-4:7.csv,Yaniv,Yaniv LRJ,Yaniv-LRJ(6)-4:7.csv,/Users/yanivnaggar/Desktop/Spring 2026/IS/OPENBCI_runs/Yaniv/Yaniv-LRJ(6)-4:7.csv,JAW,2,2,True,0,jaw,3,3->3,14,2,Yaniv::Yaniv-LRJ(6)-4:7.csv::trial_14,35866,36383,143.464,145.532,2.068,,3,RIGHT,1,False,1.4758344498862178e-20,2.7328036197769763e-09,0.9999999972671963,0.991031930550682,5.788775320257109e-12,3.993961933475015e-11,0.0018095829732440833,9.850235439380878e-07,0.007157501406801692
LDA,Ben-LRJ(1-6)-4:9.csv_to_Yaniv-LRJ(6)-4:7.csv,Yaniv,Yaniv LRJ,Yaniv-LRJ(6)-4:7.csv,/Users/yanivnaggar/Desktop/Spring 2026/IS/OPENBCI_runs/Yaniv/Yaniv-LRJ(6)-4:7.csv,JAW,3,2,False,-1,jaw,3,3->3,15,3,Yaniv::Yaniv-LRJ(6)-4:7.csv::trial_15,37259,37972,149.036,151.888,2.852,observed_count 2 vs expected_count 3,4,RIGHT,1,False,0.45736524441947246,0.0017380212417410406,0.5408967343387865,0.9993319105254819,1.5821089465952513e-05,7.374126768094371e-06,0.00022414294822410127,8.451280796996326e-06,0.0004123000292631827
LDA,Ben-LRJ(1-6)-4:9.csv_to_Yaniv-LRJ(6)-4:7.csv,Yaniv,Yaniv LRJ,Yaniv-LRJ(6)-4:7.csv,/Users/yanivnaggar/Desktop/Spring 2026/IS/OPENBCI_runs/Yaniv/Yaniv-LRJ(6)-4:7.csv,JAW,4,4,True,0,jaw,3,3->3,16,4,Yaniv::Yaniv-LRJ(6)-4:7.csv::trial_16,39001,40042,156.004,160.168,4.164,,7,JAW,1,False,0.5360965695750884,0.14438009295772417,0.31952333746718736,0.8559744506996897,2.911968295086885e-05,3.7631214520275126e-05,0.00045624324074495625,2.5232725276022726e-05,0.14347732243681804
LDA,Ben-LRJ(1-6)-4:9.csv_to_Yaniv-LRJ(6)-4:7.csv,Yaniv,Yaniv LRJ,Yaniv-LRJ(6)-4:7.csv,/Users/yanivnaggar/Desktop/Spring 2026/IS/OPENBCI_runs/Yaniv/Yaniv-LRJ(6)-4:7.csv,JAW,5,5,True,0,jaw,3,3->3,17,5,Yaniv::Yaniv-LRJ(6)-4:7.csv::trial_17,40933,42164,163.732,168.656,4.924,,8,JAW,1,False,0.5064851590000088,0.0017453695895297376,0.4917694714104614,0.8301690677438001,0.0008561320584370258,0.00034534517187934165,0.05203179218971744,0.004846606560982354,0.11175105627518378
LDA,Ben-LRJ(1-6)-4:9.csv_to_Yaniv-LRJ(6)-4:7.csv,Yaniv,Yaniv LRJ,Yaniv-LRJ(6)-4:7.csv,/Users/yanivnaggar/Desktop/Spring 2026/IS/OPENBCI_runs/Yaniv/Yaniv-LRJ(6)-4:7.csv,JAW,6,5,False,-1,jaw,3,3->3,18,6,Yaniv::Yaniv-LRJ(6)-4:7.csv::trial_18,42986,44334,171.944,177.336,5.392,observed_count 5 vs expected_count 6,9,JAW,1,False,0.7073879469579795,0.10932704788874721,0.18328500515327337,0.9701312387182252,0.02552563462073584,1.7167990447413477e-05,0.00023203716691015515,1.7469291147023796e-05,0.004076452212534483
LogisticRegression,Ben-LRJ(1-6)-4:9.csv_to_Yaniv-LRJ(6)-4:7.csv,Yaniv,Yaniv LRJ,Yaniv-LRJ(6)-4:7.csv,/Users/yanivnaggar/Desktop/Spring 2026/IS/OPENBCI_runs/Yaniv/Yaniv-LRJ(6)-4:7.csv,LEFT,1,1,True,0,left_right,1,1->1,1,1,Yaniv::Yaniv-LRJ(6)-4:7.csv::trial_1,11678,12071,46.712,48.284,1.572,,2,RIGHT,5,False,0.003464223373389155,0.44567154212737414,0.5508642344992367,0.10422183640046326,0.0654127517700555,0.08421207327597224,0.17811518726794348,0.29128961448167145,0.27674853680389405
LogisticRegression,Ben-LRJ(1-6)-4:9.csv_to_Yaniv-LRJ(6)-4:7.csv,Yaniv,Yaniv LRJ,Yaniv-LRJ(6)-4:7.csv,/Users/yanivnaggar/Desktop/Spring 2026/IS/OPENBCI_runs/Yaniv/Yaniv-LRJ(6)-4:7.csv,LEFT,2,1,False,-1,left_right,1,1->1,2,2,Yaniv::Yaniv-LRJ(6)-4:7.csv::trial_2,13052,13592,52.208,54.368,2.16,observed_count 1 vs expected_count 2,3,LEFT,5,False,9.511982638074534e-06,0.7166674262386005,0.28332306177876154,0.05472437799530858,0.13454675408947225,0.052636772168917816,0.25348530973778405,0.2770517320903757,0.22755505391814154
LogisticRegression,Ben-LRJ(1-6)-4:9.csv_to_Yaniv-LRJ(6)-4:7.csv,Yaniv,Yaniv LRJ,Yaniv-LRJ(6)-4:7.csv,/Users/yanivnaggar/Desktop/Spring 2026/IS/OPENBCI_runs/Yaniv/Yaniv-LRJ(6)-4:7.csv,LEFT,3,3,True,0,left_right,1,1->1,3,3,Yaniv::Yaniv-LRJ(6)-4:7.csv::trial_3,14419,15160,57.676,60.64,2.964,,4,RIGHT,6,False,0.024359300497016182,0.32463047588900473,0.6510102236139791,0.10069642005840797,0.08360869243230372,0.08569218717446296,0.21182610865229062,0.24663451020672128,0.2715420814758135
LogisticRegression,Ben-LRJ(1-6)-4:9.csv_to_Yaniv-LRJ(6)-4:7.csv,Yaniv,Yaniv LRJ,Yaniv-LRJ(6)-4:7.csv,/Users/yanivnaggar/Desktop/Spring 2026/IS/OPENBCI_runs/Yaniv/Yaniv-LRJ(6)-4:7.csv,LEFT,4,2,False,-2,left_right,1,1->1,4,4,Yaniv::Yaniv-LRJ(6)-4:7.csv::trial_4,16071,17077,64.284,68.308,4.024,observed_count 2 vs expected_count 4,7,RIGHT,3,False,0.0027693459338360405,0.011556452469753852,0.9856742015964102,0.03463063363725832,0.08193845877508267,0.41118505264694477,0.1889419411065217,0.24758848483370102,0.035715429000491405
LogisticRegression,Ben-LRJ(1-6)-4:9.csv_to_Yaniv-LRJ(6)-4:7.csv,Yaniv,Yaniv LRJ,Yaniv-LRJ(6)-4:7.csv,/Users/yanivnaggar/Desktop/Spring 2026/IS/OPENBCI_runs/Yaniv/Yaniv-LRJ(6)-4:7.csv,LEFT,5,4,False,-1,left_right,1,1->1,5,5,Yaniv::Yaniv-LRJ(6)-4:7.csv::trial_5,18322,19512,73.288,78.048,4.76,observed_count 4 vs expected_count 5,8,RIGHT,5,False,0.0140755385062747,0.29376342257462995,0.6921610389190953,0.07442093847718041,0.055139806589782764,0.259519144252615,0.1498268440784805,0.35844677769288064,0.10264648890906065
LogisticRegression,Ben-LRJ(1-6)-4:9.csv_to_Yaniv-LRJ(6)-4:7.csv,Yaniv,Yaniv LRJ,Yaniv-LRJ(6)-4:7.csv,/Users/yanivnaggar/Desktop/Spring 2026/IS/OPENBCI_runs/Yaniv/Yaniv-LRJ(6)-4:7.csv,LEFT,6,3,False,-3,left_right,1,1->1,6,6,Yaniv::Yaniv-LRJ(6)-4:7.csv::trial_6,20640,21885,82.56,87.54,4.98,observed_count 3 vs expected_count 6,8,RIGHT,5,False,0.010395527655184943,0.12339783368088551,0.8662066386639296,0.07354348139355374,0.07467937098327768,0.2524758263589211,0.20260996201372738,0.2578896607373573,0.1388016985131629
LogisticRegression,Ben-LRJ(1-6)-4:9.csv_to_Yaniv-LRJ(6)-4:7.csv,Yaniv,Yaniv LRJ,Yaniv-LRJ(6)-4:7.csv,/Users/yanivnaggar/Desktop/Spring 2026/IS/OPENBCI_runs/Yaniv/Yaniv-LRJ(6)-4:7.csv,RIGHT,1,1,True,0,left_right,2,2->2,7,1,Yaniv::Yaniv-LRJ(6)-4:7.csv::trial_7,22945,23336,91.78,93.344,1.564,,2,RIGHT,5,False,0.02867092423040593,0.07464075787677626,0.8966883178928178,0.076755164452838,0.07422058404262512,0.18873550104938414,0.23802745787906274,0.30367233712089753,0.1185889554551925
LogisticRegression,Ben-LRJ(1-6)-4:9.csv_to_Yaniv-LRJ(6)-4:7.csv,Yaniv,Yaniv LRJ,Yaniv-LRJ(6)-4:7.csv,/Users/yanivnaggar/Desktop/Spring 2026/IS/OPENBCI_runs/Yaniv/Yaniv-LRJ(6)-4:7.csv,RIGHT,2,2,True,0,left_right,2,2->2,8,2,Yaniv::Yaniv-LRJ(6)-4:7.csv::trial_8,24251,24807,97.004,99.228,2.224,,3,RIGHT,5,False,0.049789686551776825,0.3683835444012698,0.5818267690469533,0.08931449099770822,0.07244700201752487,0.16603785591625905,0.18974287567367565,0.3461077818219626,0.13634999357286973
LogisticRegression,Ben-LRJ(1-6)-4:9.csv_to_Yaniv-LRJ(6)-4:7.csv,Yaniv,Yaniv LRJ,Yaniv-LRJ(6)-4:7.csv,/Users/yanivnaggar/Desktop/Spring 2026/IS/OPENBCI_runs/Yaniv/Yaniv-LRJ(6)-4:7.csv,RIGHT,3,2,False,-1,left_right,2,2->2,9,3,Yaniv::Yaniv-LRJ(6)-4:7.csv::trial_9,25672,26363,102.688,105.452,2.764,observed_count 2 vs expected_count 3,4,RIGHT,6,False,0.13767452551443393,0.3314465205957525,0.5308789538898137,0.09179859457934342,0.12863479024922803,0.12028028140806377,0.20182237955995497,0.21823096337027192,0.23923299083313784
LogisticRegression,Ben-LRJ(1-6)-4:9.csv_to_Yaniv-LRJ(6)-4:7.csv,Yaniv,Yaniv LRJ,Yaniv-LRJ(6)-4:7.csv,/Users/yanivnaggar/Desktop/Spring 2026/IS/OPENBCI_runs/Yaniv/Yaniv-LRJ(6)-4:7.csv,RIGHT,4,3,False,-1,left_right,2,2->2,10,4,Yaniv::Yaniv-LRJ(6)-4:7.csv::trial_10,27192,28137,108.768,112.548,3.78,observed_count 3 vs expected_count 4,6,RIGHT,5,False,0.002593727256199263,0.17454180173862846,0.8228644710051722,0.057497079491536124,0.07299086864437745,0.20608976639680143,0.2502074321404564,0.313118988537193,0.10009586478963563
LogisticRegression,Ben-LRJ(1-6)-4:9.csv_to_Yaniv-LRJ(6)-4:7.csv,Yaniv,Yaniv LRJ,Yaniv-LRJ(6)-4:7.csv,/Users/yanivnaggar/Desktop/Spring 2026/IS/OPENBCI_runs/Yaniv/Yaniv-LRJ(6)-4:7.csv,RIGHT,5,4,False,-1,left_right,2,2->2,11,5,Yaniv::Yaniv-LRJ(6)-4:7.csv::trial_11,29234,30522,116.936,122.088,5.152,observed_count 4 vs expected_count 5,9,RIGHT,5,True,0.06104005398553644,0.20801509407726104,0.7309448519372025,0.07884438888676729,0.09598208054573744,0.159668613719769,0.22455187860535475,0.23240151179549662,0.20855152644687494
LogisticRegression,Ben-LRJ(1-6)-4:9.csv_to_Yaniv-LRJ(6)-4:7.csv,Yaniv,Yaniv LRJ,Yaniv-LRJ(6)-4:7.csv,/Users/yanivnaggar/Desktop/Spring 2026/IS/OPENBCI_runs/Yaniv/Yaniv-LRJ(6)-4:7.csv,RIGHT,6,5,False,-1,left_right,2,2->2,12,6,Yaniv::Yaniv-LRJ(6)-4:7.csv::trial_12,31542,33293,126.168,133.172,7.004,observed_count 5 vs expected_count 6,13,RIGHT,6,True,0.15178672705552632,0.16648994997089442,0.6817233229735792,0.11183379014490977,0.07475585866403138,0.12720959149856986,0.19444573261325743,0.24008624491639377,0.25166878216283767
LogisticRegression,Ben-LRJ(1-6)-4:9.csv_to_Yaniv-LRJ(6)-4:7.csv,Yaniv,Yaniv LRJ,Yaniv-LRJ(6)-4:7.csv,/Users/yanivnaggar/Desktop/Spring 2026/IS/OPENBCI_runs/Yaniv/Yaniv-LRJ(6)-4:7.csv,JAW,1,1,True,0,jaw,3,3->3,13,1,Yaniv::Yaniv-LRJ(6)-4:7.csv::trial_13,34461,34855,137.844,139.42,1.576,,2,JAW,1,True,0.9994423253760504,0.0005576742079158595,4.1603381674570186e-10,0.47866649274899076,0.19137957580056084,0.09387315840182178,0.15847922533506204,0.004477557563590754,0.07312399014997378
LogisticRegression,Ben-LRJ(1-6)-4:9.csv_to_Yaniv-LRJ(6)-4:7.csv,Yaniv,Yaniv LRJ,Yaniv-LRJ(6)-4:7.csv,/Users/yanivnaggar/Desktop/Spring 2026/IS/OPENBCI_runs/Yaniv/Yaniv-LRJ(6)-4:7.csv,JAW,2,2,True,0,jaw,3,3->3,14,2,Yaniv::Yaniv-LRJ(6)-4:7.csv::trial_14,35866,36383,143.464,145.532,2.068,,3,JAW,1,False,0.9999976829679391,2.3170312493116033e-06,8.116622264983963e-13,0.7992236977552455,0.004404300903106133,0.026249605403494414,0.14648076244887545,0.0005107903336218751,0.023130843155656684
LogisticRegression,Ben-LRJ(1-6)-4:9.csv_to_Yaniv-LRJ(6)-4:7.csv,Yaniv,Yaniv LRJ,Yaniv-LRJ(6)-4:7.csv,/Users/yanivnaggar/Desktop/Spring 2026/IS/OPENBCI_runs/Yaniv/Yaniv-LRJ(6)-4:7.csv,JAW,3,2,False,-1,jaw,3,3->3,15,3,Yaniv::Yaniv-LRJ(6)-4:7.csv::trial_15,37259,37972,149.036,151.888,2.852,observed_count 2 vs expected_count 3,4,JAW,1,False,0.9993970632626704,0.0006029270013338016,9.735995882514951e-09,0.4297156476032429,0.10565338843853973,0.11866130040643005,0.22134944223949507,0.015133342827638896,0.10948687848465342
LogisticRegression,Ben-LRJ(1-6)-4:9.csv_to_Yaniv-LRJ(6)-4:7.csv,Yaniv,Yaniv LRJ,Yaniv-LRJ(6)-4:7.csv,/Users/yanivnaggar/Desktop/Spring 2026/IS/OPENBCI_runs/Yaniv/Yaniv-LRJ(6)-4:7.csv,JAW,4,4,True,0,jaw,3,3->3,16,4,Yaniv::Yaniv-LRJ(6)-4:7.csv::trial_16,39001,40042,156.004,160.168,4.164,,7,JAW,1,False,0.9996946786581603,0.00030530481028389066,1.6531555724818192e-08,0.49969562637671217,0.12338846386856193,0.13902292543958908,0.14634505408478102,0.01572175379815871,0.07582617643219705
LogisticRegression,Ben-LRJ(1-6)-4:9.csv_to_Yaniv-LRJ(6)-4:7.csv,Yaniv,Yaniv LRJ,Yaniv-LRJ(6)-4:7.csv,/Users/yanivnaggar/Desktop/Spring 2026/IS/OPENBCI_runs/Yaniv/Yaniv-LRJ(6)-4:7.csv,JAW,5,5,True,0,jaw,3,3->3,17,5,Yaniv::Yaniv-LRJ(6)-4:7.csv::trial_17,40933,42164,163.732,168.656,4.924,,8,JAW,1,False,0.9994111920062922,0.0005887853141499926,2.267955772332572e-08,0.4939811118672478,0.10089098143418826,0.1409824890038776,0.16754893091664574,0.013777068019297838,0.08281941875874277
LogisticRegression,Ben-LRJ(1-6)-4:9.csv_to_Yaniv-LRJ(6)-4:7.csv,Yaniv,Yaniv LRJ,Yaniv-LRJ(6)-4:7.csv,/Users/yanivnaggar/Desktop/Spring 2026/IS/OPENBCI_runs/Yaniv/Yaniv-LRJ(6)-4:7.csv,JAW,6,5,False,-1,jaw,3,3->3,18,6,Yaniv::Yaniv-LRJ(6)-4:7.csv::trial_18,42986,44334,171.944,177.336,5.392,observed_count 5 vs expected_count 6,9,JAW,1,False,0.9976490016242082,0.002350967354203395,3.102158824822371e-08,0.50885470478295,0.14745196289720527,0.14271103046484016,0.11268995185398528,0.017041289077279812,0.0712510609237395
RandomForest,Ben-LRJ(1-6)-4:9.csv_to_Yaniv-LRJ(6)-4:7.csv,Yaniv,Yaniv LRJ,Yaniv-LRJ(6)-4:7.csv,/Users/yanivnaggar/Desktop/Spring 2026/IS/OPENBCI_runs/Yaniv/Yaniv-LRJ(6)-4:7.csv,LEFT,1,1,True,0,left_right,1,1->1,1,1,Yaniv::Yaniv-LRJ(6)-4:7.csv::trial_1,11678,12071,46.712,48.284,1.572,,2,RIGHT,6,False,0.08499999999999999,0.43166666666666664,0.48333333333333334,0.125,0.055,0.026666666666666665,0.18333333333333335,0.16333333333333333,0.44666666666666666
RandomForest,Ben-LRJ(1-6)-4:9.csv_to_Yaniv-LRJ(6)-4:7.csv,Yaniv,Yaniv LRJ,Yaniv-LRJ(6)-4:7.csv,/Users/yanivnaggar/Desktop/Spring 2026/IS/OPENBCI_runs/Yaniv/Yaniv-LRJ(6)-4:7.csv,LEFT,2,1,False,-1,left_right,1,1->1,2,2,Yaniv::Yaniv-LRJ(6)-4:7.csv::trial_2,13052,13592,52.208,54.368,2.16,observed_count 1 vs expected_count 2,3,LEFT,6,False,0.07333333333333335,0.48,0.4466666666666666,0.08666666666666667,0.12333333333333334,0.13555555555555557,0.1922222222222222,0.21555555555555558,0.24666666666666667
RandomForest,Ben-LRJ(1-6)-4:9.csv_to_Yaniv-LRJ(6)-4:7.csv,Yaniv,Yaniv LRJ,Yaniv-LRJ(6)-4:7.csv,/Users/yanivnaggar/Desktop/Spring 2026/IS/OPENBCI_runs/Yaniv/Yaniv-LRJ(6)-4:7.csv,LEFT,3,3,True,0,left_right,1,1->1,3,3,Yaniv::Yaniv-LRJ(6)-4:7.csv::trial_3,14419,15160,57.676,60.64,2.964,,4,RIGHT,6,False,0.05,0.2583333333333333,0.6916666666666667,0.07833333333333334,0.10250000000000001,0.045,0.17083333333333334,0.15333333333333332,0.45
RandomForest,Ben-LRJ(1-6)-4:9.csv_to_Yaniv-LRJ(6)-4:7.csv,Yaniv,Yaniv LRJ,Yaniv-LRJ(6)-4:7.csv,/Users/yanivnaggar/Desktop/Spring 2026/IS/OPENBCI_runs/Yaniv/Yaniv-LRJ(6)-4:7.csv,LEFT,4,2,False,-2,left_right,1,1->1,4,4,Yaniv::Yaniv-LRJ(6)-4:7.csv::trial_4,16071,17077,64.284,68.308,4.024,observed_count 2 vs expected_count 4,7,RIGHT,3,False,0.07952380952380954,0.14238095238095239,0.7780952380952382,0.04523809523809524,0.04571428571428572,0.3814285714285715,0.14714285714285716,0.3019047619047619,0.07857142857142858
RandomForest,Ben-LRJ(1-6)-4:9.csv_to_Yaniv-LRJ(6)-4:7.csv,Yaniv,Yaniv LRJ,Yaniv-LRJ(6)-4:7.csv,/Users/yanivnaggar/Desktop/Spring 2026/IS/OPENBCI_runs/Yaniv/Yaniv-LRJ(6)-4:7.csv,LEFT,5,4,False,-1,left_right,1,1->1,5,5,Yaniv::Yaniv-LRJ(6)-4:7.csv::trial_5,18322,19512,73.288,78.048,4.76,observed_count 4 vs expected_count 5,8,RIGHT,5,False,0.07958333333333334,0.3291666666666667,0.59125,0.09458333333333334,0.06958333333333333,0.23541666666666666,0.15041666666666664,0.31708333333333333,0.13291666666666668
RandomForest,Ben-LRJ(1-6)-4:9.csv_to_Yaniv-LRJ(6)-4:7.csv,Yaniv,Yaniv LRJ,Yaniv-LRJ(6)-4:7.csv,/Users/yanivnaggar/Desktop/Spring 2026/IS/OPENBCI_runs/Yaniv/Yaniv-LRJ(6)-4:7.csv,LEFT,6,3,False,-3,left_right,1,1->1,6,6,Yaniv::Yaniv-LRJ(6)-4:7.csv::trial_6,20640,21885,82.56,87.54,4.98,observed_count 3 vs expected_count 6,8,RIGHT,5,False,0.06041666666666666,0.11208333333333334,0.8275,0.07083333333333333,0.03791666666666667,0.25125,0.12,0.31958333333333333,0.20041666666666666
RandomForest,Ben-LRJ(1-6)-4:9.csv_to_Yaniv-LRJ(6)-4:7.csv,Yaniv,Yaniv LRJ,Yaniv-LRJ(6)-4:7.csv,/Users/yanivnaggar/Desktop/Spring 2026/IS/OPENBCI_runs/Yaniv/Yaniv-LRJ(6)-4:7.csv,RIGHT,1,1,True,0,left_right,2,2->2,7,1,Yaniv::Yaniv-LRJ(6)-4:7.csv::trial_7,22945,23336,91.78,93.344,1.564,,2,RIGHT,5,False,0.14666666666666667,0.006666666666666667,0.8466666666666667,0.145,0.07333333333333333,0.05666666666666667,0.16333333333333333,0.32166666666666666,0.24
RandomForest,Ben-LRJ(1-6)-4:9.csv_to_Yaniv-LRJ(6)-4:7.csv,Yaniv,Yaniv LRJ,Yaniv-LRJ(6)-4:7.csv,/Users/yanivnaggar/Desktop/Spring 2026/IS/OPENBCI_runs/Yaniv/Yaniv-LRJ(6)-4:7.csv,RIGHT,2,2,True,0,left_right,2,2->2,8,2,Yaniv::Yaniv-LRJ(6)-4:7.csv::trial_8,24251,24807,97.004,99.228,2.224,,3,RIGHT,6,False,0.051111111111111114,0.09555555555555556,0.8533333333333334,0.12,0.07777777777777778,0.07222222222222223,0.1411111111111111,0.2833333333333334,0.3055555555555555
RandomForest,Ben-LRJ(1-6)-4:9.csv_to_Yaniv-LRJ(6)-4:7.csv,Yaniv,Yaniv LRJ,Yaniv-LRJ(6)-4:7.csv,/Users/yanivnaggar/Desktop/Spring 2026/IS/OPENBCI_runs/Yaniv/Yaniv-LRJ(6)-4:7.csv,RIGHT,3,2,False,-1,left_right,2,2->2,9,3,Yaniv::Yaniv-LRJ(6)-4:7.csv::trial_9,25672,26363,102.688,105.452,2.764,observed_count 2 vs expected_count 3,4,RIGHT,6,False,0.12583333333333332,0.16749999999999998,0.7066666666666667,0.08916666666666667,0.1325,0.105,0.1325,0.2425,0.29833333333333334
RandomForest,Ben-LRJ(1-6)-4:9.csv_to_Yaniv-LRJ(6)-4:7.csv,Yaniv,Yaniv LRJ,Yaniv-LRJ(6)-4:7.csv,/Users/yanivnaggar/Desktop/Spring 2026/IS/OPENBCI_runs/Yaniv/Yaniv-LRJ(6)-4:7.csv,RIGHT,4,3,False,-1,left_right,2,2->2,10,4,Yaniv::Yaniv-LRJ(6)-4:7.csv::trial_10,27192,28137,108.768,112.548,3.78,observed_count 3 vs expected_count 4,6,RIGHT,5,False,0.06333333333333334,0.26555555555555554,0.6711111111111111,0.07944444444444444,0.08166666666666667,0.20444444444444443,0.13277777777777777,0.3038888888888888,0.19777777777777775
RandomForest,Ben-LRJ(1-6)-4:9.csv_to_Yaniv-LRJ(6)-4:7.csv,Yaniv,Yaniv LRJ,Yaniv-LRJ(6)-4:7.csv,/Users/yanivnaggar/Desktop/Spring 2026/IS/OPENBCI_runs/Yaniv/Yaniv-LRJ(6)-4:7.csv,RIGHT,5,4,False,-1,left_right,2,2->2,11,5,Yaniv::Yaniv-LRJ(6)-4:7.csv::trial_11,29234,30522,116.936,122.088,5.152,observed_count 4 vs expected_count 5,9,RIGHT,5,True,0.1259259259259259,0.06666666666666668,0.8074074074074074,0.07703703703703701,0.0725925925925926,0.10629629629629628,0.16481481481481483,0.31703703703703706,0.26222222222222225
RandomForest,Ben-LRJ(1-6)-4:9.csv_to_Yaniv-LRJ(6)-4:7.csv,Yaniv,Yaniv LRJ,Yaniv-LRJ(6)-4:7.csv,/Users/yanivnaggar/Desktop/Spring 2026/IS/OPENBCI_runs/Yaniv/Yaniv-LRJ(6)-4:7.csv,RIGHT,6,5,False,-1,left_right,2,2->2,12,6,Yaniv::Yaniv-LRJ(6)-4:7.csv::trial_12,31542,33293,126.168,133.172,7.004,observed_count 5 vs expected_count 6,13,RIGHT,6,True,0.17153846153846153,0.028974358974358978,0.7994871794871793,0.1376923076923077,0.11282051282051284,0.05282051282051281,0.20179487179487182,0.21256410256410255,0.2823076923076923
RandomForest,Ben-LRJ(1-6)-4:9.csv_to_Yaniv-LRJ(6)-4:7.csv,Yaniv,Yaniv LRJ,Yaniv-LRJ(6)-4:7.csv,/Users/yanivnaggar/Desktop/Spring 2026/IS/OPENBCI_runs/Yaniv/Yaniv-LRJ(6)-4:7.csv,JAW,1,1,True,0,jaw,3,3->3,13,1,Yaniv::Yaniv-LRJ(6)-4:7.csv::trial_13,34461,34855,137.844,139.42,1.576,,2,JAW,1,True,0.96,0.005,0.035,0.5383333333333333,0.15333333333333332,0.165,0.043333333333333335,0.018333333333333333,0.08166666666666667
RandomForest,Ben-LRJ(1-6)-4:9.csv_to_Yaniv-LRJ(6)-4:7.csv,Yaniv,Yaniv LRJ,Yaniv-LRJ(6)-4:7.csv,/Users/yanivnaggar/Desktop/Spring 2026/IS/OPENBCI_runs/Yaniv/Yaniv-LRJ(6)-4:7.csv,JAW,2,2,True,0,jaw,3,3->3,14,2,Yaniv::Yaniv-LRJ(6)-4:7.csv::trial_14,35866,36383,143.464,145.532,2.068,,3,JAW,1,False,0.96,0.005555555555555556,0.034444444444444444,0.5233333333333333,0.15777777777777777,0.13444444444444445,0.051111111111111114,0.011111111111111112,0.12222222222222223
RandomForest,Ben-LRJ(1-6)-4:9.csv_to_Yaniv-LRJ(6)-4:7.csv,Yaniv,Yaniv LRJ,Yaniv-LRJ(6)-4:7.csv,/Users/yanivnaggar/Desktop/Spring 2026/IS/OPENBCI_runs/Yaniv/Yaniv-LRJ(6)-4:7.csv,JAW,3,2,False,-1,jaw,3,3->3,15,3,Yaniv::Yaniv-LRJ(6)-4:7.csv::trial_15,37259,37972,149.036,151.888,2.852,observed_count 2 vs expected_count 3,4,JAW,1,False,0.9675,0.005,0.027500000000000004,0.49,0.11416666666666667,0.17083333333333334,0.0725,0.011666666666666667,0.14083333333333334
RandomForest,Ben-LRJ(1-6)-4:9.csv_to_Yaniv-LRJ(6)-4:7.csv,Yaniv,Yaniv LRJ,Yaniv-LRJ(6)-4:7.csv,/Users/yanivnaggar/Desktop/Spring 2026/IS/OPENBCI_runs/Yaniv/Yaniv-LRJ(6)-4:7.csv,JAW,4,4,True,0,jaw,3,3->3,16,4,Yaniv::Yaniv-LRJ(6)-4:7.csv::trial_16,39001,40042,156.004,160.168,4.164,,7,JAW,1,False,0.9633333333333333,0.005238095238095238,0.03142857142857143,0.5304761904761904,0.11761904761904761,0.14476190476190479,0.049999999999999996,0.016190476190476193,0.14095238095238097
RandomForest,Ben-LRJ(1-6)-4:9.csv_to_Yaniv-LRJ(6)-4:7.csv,Yaniv,Yaniv LRJ,Yaniv-LRJ(6)-4:7.csv,/Users/yanivnaggar/Desktop/Spring 2026/IS/OPENBCI_runs/Yaniv/Yaniv-LRJ(6)-4:7.csv,JAW,5,5,True,0,jaw,3,3->3,17,5,Yaniv::Yaniv-LRJ(6)-4:7.csv::trial_17,40933,42164,163.732,168.656,4.924,,8,JAW,1,False,0.96375,0.004583333333333333,0.03166666666666667,0.48916666666666664,0.13958333333333334,0.16375,0.04875,0.021249999999999998,0.13749999999999998
RandomForest,Ben-LRJ(1-6)-4:9.csv_to_Yaniv-LRJ(6)-4:7.csv,Yaniv,Yaniv LRJ,Yaniv-LRJ(6)-4:7.csv,/Users/yanivnaggar/Desktop/Spring 2026/IS/OPENBCI_runs/Yaniv/Yaniv-LRJ(6)-4:7.csv,JAW,6,5,False,-1,jaw,3,3->3,18,6,Yaniv::Yaniv-LRJ(6)-4:7.csv::trial_18,42986,44334,171.944,177.336,5.392,observed_count 5 vs expected_count 6,9,JAW,1,False,0.9651851851851853,0.0044444444444444444,0.030370370370370367,0.5311111111111111,0.13814814814814813,0.14222222222222222,0.04666666666666666,0.014814814814814815,0.12703703703703703
