filename,start_time_sec,end_time_sec,label,true_label,p_active,gate_active,left_right_pred,final_pred
LR-3-15-26-(04).csv,0.0,1.9940176010131836,BASELINE,REST,0.21,0,LEFT,REST
LR-3-15-26-(04).csv,0.9990148544311523,2.993032455444336,BASELINE,REST,0.18666666666666668,0,RIGHT,REST
LR-3-15-26-(04).csv,1.9980297088623047,3.9920473098754883,BASELINE,REST,0.16333333333333333,0,RIGHT,REST
LR-3-15-26-(04).csv,2.997044563293457,4.991062164306641,BASELINE,REST,0.16666666666666666,0,RIGHT,REST
LR-3-15-26-(04).csv,3.9960594177246094,5.990077018737793,BASELINE,REST,0.17333333333333334,0,RIGHT,REST
LR-3-15-26-(04).csv,4.995074272155762,6.989091873168945,BASELINE,REST,0.31,1,LEFT,LEFT
LR-3-15-26-(04).csv,5.994089126586914,7.988106727600098,BASELINE,REST,0.31666666666666665,1,RIGHT,RIGHT
LR-3-15-26-(04).csv,6.993103981018066,8.98712158203125,BASELINE,REST,0.2,0,RIGHT,REST
LR-3-15-26-(04).csv,7.992118835449219,9.986136436462402,BASELINE,REST,0.4533333333333333,1,LEFT,LEFT
LR-3-15-26-(04).csv,8.991133689880371,10.985151290893555,BASELINE,REST,0.6633333333333333,1,LEFT,LEFT
LR-3-15-26-(04).csv,9.990148544311523,11.984166145324707,BASELINE,REST,0.36333333333333334,1,LEFT,LEFT
LR-3-15-26-(04).csv,10.989163398742676,12.98318099975586,BASELINE,REST,0.12666666666666668,0,RIGHT,REST
LR-3-15-26-(04).csv,11.988178253173828,13.982195854187012,BASELINE,REST,0.13,0,RIGHT,REST
LR-3-15-26-(04).csv,12.98719310760498,14.981210708618164,BASELINE,REST,0.3566666666666667,1,RIGHT,RIGHT
LR-3-15-26-(04).csv,13.986207962036133,15.980225563049316,BASELINE,REST,0.5033333333333333,1,RIGHT,RIGHT
LR-3-15-26-(04).csv,14.985222816467285,16.97924041748047,BASELINE,REST,0.33,1,LEFT,LEFT
LR-3-15-26-(04).csv,15.984237670898438,17.97825527191162,BASELINE,REST,0.4066666666666667,1,RIGHT,RIGHT
LR-3-15-26-(04).csv,16.98325252532959,18.977270126342773,BASELINE,REST,0.17,0,LEFT,REST
LR-3-15-26-(04).csv,17.982267379760742,19.976284980773926,BASELINE,REST,0.27,0,LEFT,REST
LR-3-15-26-(04).csv,18.981282234191895,20.975299835205078,BASELINE,REST,0.31,1,LEFT,LEFT
LR-3-15-26-(04).csv,19.980297088623047,21.97431468963623,BASELINE,REST,0.38666666666666666,1,LEFT,LEFT
LR-3-15-26-(04).csv,20.9793119430542,22.973329544067383,BASELINE,REST,0.45,1,LEFT,LEFT
LR-3-15-26-(04).csv,21.97832679748535,23.972344398498535,BASELINE,REST,0.48333333333333334,1,LEFT,LEFT
LR-3-15-26-(04).csv,22.977341651916504,24.971359252929688,BASELINE,REST,0.37666666666666665,1,LEFT,LEFT
LR-3-15-26-(04).csv,23.976356506347656,25.97037410736084,BASELINE,REST,0.36,1,LEFT,LEFT
LR-3-15-26-(04).csv,24.97537136077881,26.969388961791992,BASELINE,REST,0.56,1,RIGHT,RIGHT
LR-3-15-26-(04).csv,25.97438621520996,27.968403816223145,BASELINE,REST,0.39666666666666667,1,RIGHT,RIGHT
LR-3-15-26-(04).csv,26.973401069641113,28.967418670654297,BASELINE,REST,0.19666666666666666,0,RIGHT,REST
LR-3-15-26-(04).csv,27.972415924072266,29.96643352508545,BASELINE,REST,0.20333333333333334,0,RIGHT,REST
LR-3-15-26-(04).csv,28.971430778503418,30.9654483795166,BASELINE,REST,0.2,0,RIGHT,REST
LR-3-15-26-(04).csv,29.97044563293457,31.964463233947754,BASELINE,REST,0.21666666666666667,0,RIGHT,REST
LR-3-15-26-(04).csv,30.969460487365723,32.963478088378906,BASELINE,REST,0.37,1,RIGHT,RIGHT
LR-3-15-26-(04).csv,31.968475341796875,33.96249294281006,BASELINE,REST,0.36333333333333334,1,RIGHT,RIGHT
LR-3-15-26-(04).csv,32.96749019622803,34.96150779724121,BASELINE,REST,0.18333333333333332,0,RIGHT,REST
LR-3-15-26-(04).csv,33.96650505065918,35.96052265167236,BASELINE,REST,0.17666666666666667,0,LEFT,REST
LR-3-15-26-(04).csv,34.96551990509033,36.959537506103516,BASELINE,REST,0.22,0,RIGHT,REST
LR-3-15-26-(04).csv,35.964534759521484,37.95855236053467,BASELINE,REST,0.3433333333333333,1,RIGHT,RIGHT
LR-3-15-26-(04).csv,36.96354961395264,38.95756721496582,BASELINE,REST,0.33,1,RIGHT,RIGHT
LR-3-15-26-(04).csv,37.96256446838379,39.95658206939697,BASELINE,REST,0.19666666666666666,0,RIGHT,REST
LR-3-15-26-(04).csv,38.96157932281494,40.955596923828125,BASELINE,REST,0.18666666666666668,0,RIGHT,REST
LR-3-15-26-(04).csv,39.960594177246094,41.95461177825928,BASELINE,REST,0.19333333333333333,0,RIGHT,REST
LR-3-15-26-(04).csv,40.959609031677246,42.95362663269043,BASELINE,REST,0.19666666666666666,0,RIGHT,REST
LR-3-15-26-(04).csv,41.9586238861084,43.95264148712158,BASELINE,REST,0.22,0,RIGHT,REST
LR-3-15-26-(04).csv,42.95763874053955,44.951656341552734,BASELINE,REST,0.20666666666666667,0,LEFT,REST
LR-3-15-26-(04).csv,45.70994472503662,47.703962326049805,LEFT,LEFT,0.18333333333333332,0,RIGHT,REST
LR-3-15-26-(04).csv,46.70895957946777,48.70297718048096,LEFT,LEFT,0.19,0,RIGHT,REST
LR-3-15-26-(04).csv,47.707974433898926,49.70199203491211,LEFT,LEFT,0.17666666666666667,0,RIGHT,REST
LR-3-15-26-(04).csv,48.70698928833008,50.70100688934326,LEFT,LEFT,0.16333333333333333,0,RIGHT,REST
LR-3-15-26-(04).csv,49.70600414276123,51.700021743774414,LEFT,LEFT,0.16333333333333333,0,RIGHT,REST
LR-3-15-26-(04).csv,50.70501899719238,52.699036598205566,LEFT,LEFT,0.18666666666666668,0,RIGHT,REST
LR-3-15-26-(04).csv,51.704033851623535,53.69805145263672,LEFT,LEFT,0.19333333333333333,0,RIGHT,REST
LR-3-15-26-(04).csv,52.70304870605469,54.69706630706787,LEFT,LEFT,0.20666666666666667,0,RIGHT,REST
LR-3-15-26-(04).csv,53.70206356048584,55.69608116149902,LEFT,LEFT,0.16333333333333333,0,RIGHT,REST
LR-3-15-26-(04).csv,54.70107841491699,56.695096015930176,LEFT,LEFT,0.19,0,RIGHT,REST
LR-3-15-26-(04).csv,57.32900905609131,59.32302665710449,REST,REST,0.15666666666666668,0,RIGHT,REST
LR-3-15-26-(04).csv,58.32802391052246,60.322041511535645,REST,REST,0.17666666666666667,0,RIGHT,REST
LR-3-15-26-(04).csv,59.32703876495361,61.3210563659668,REST,REST,0.14666666666666667,0,RIGHT,REST
LR-3-15-26-(04).csv,60.326053619384766,62.32007122039795,REST,REST,0.16333333333333333,0,RIGHT,REST
LR-3-15-26-(04).csv,61.32506847381592,63.3190860748291,REST,REST,0.18666666666666668,0,RIGHT,REST
LR-3-15-26-(04).csv,63.367231369018555,65.36124897003174,RIGHT,RIGHT,0.16,0,RIGHT,REST
LR-3-15-26-(04).csv,64.3662462234497,66.36026382446289,RIGHT,RIGHT,0.19333333333333333,0,RIGHT,REST
LR-3-15-26-(04).csv,65.36526107788086,67.35927867889404,RIGHT,RIGHT,0.18666666666666668,0,RIGHT,REST
LR-3-15-26-(04).csv,66.36427593231201,68.3582935333252,RIGHT,RIGHT,0.16333333333333333,0,RIGHT,REST
LR-3-15-26-(04).csv,67.36329078674316,69.35730838775635,RIGHT,RIGHT,0.16,0,RIGHT,REST
LR-3-15-26-(04).csv,68.36230564117432,70.3563232421875,RIGHT,RIGHT,0.16333333333333333,0,RIGHT,REST
LR-3-15-26-(04).csv,69.36132049560547,71.35533809661865,RIGHT,RIGHT,0.19666666666666666,0,RIGHT,REST
LR-3-15-26-(04).csv,71.80469417572021,73.7987117767334,REST,REST,0.16666666666666666,0,RIGHT,REST
LR-3-15-26-(04).csv,72.80370903015137,74.79772663116455,REST,REST,0.17666666666666667,0,RIGHT,REST
LR-3-15-26-(04).csv,73.80272388458252,75.7967414855957,REST,REST,0.15333333333333332,0,RIGHT,REST
LR-3-15-26-(04).csv,74.80173873901367,76.79575634002686,REST,REST,0.15666666666666668,0,RIGHT,REST
LR-3-15-26-(04).csv,75.80075359344482,77.79477119445801,REST,REST,0.15,0,RIGHT,REST
LR-3-15-26-(04).csv,76.79976844787598,78.79378604888916,REST,REST,0.17666666666666667,0,RIGHT,REST
LR-3-15-26-(04).csv,77.79878330230713,79.79280090332031,REST,REST,0.15666666666666668,0,RIGHT,REST
LR-3-15-26-(04).csv,78.79779815673828,80.79181575775146,REST,REST,0.16,0,RIGHT,REST
LR-3-15-26-(04).csv,79.79681301116943,81.79083061218262,REST,REST,0.17333333333333334,0,RIGHT,REST
LR-3-15-26-(04).csv,80.79582786560059,82.78984546661377,REST,REST,0.21666666666666667,0,RIGHT,REST
LR-3-15-26-(04).csv,81.79484272003174,83.78886032104492,REST,REST,0.20333333333333334,0,RIGHT,REST
LR-3-15-26-(04).csv,82.79385757446289,84.78787517547607,REST,REST,0.17,0,RIGHT,REST
LR-3-15-26-(04).csv,83.79287242889404,85.78689002990723,REST,REST,0.17666666666666667,0,RIGHT,REST
LR-3-15-26-(04).csv,84.7918872833252,86.78590488433838,REST,REST,0.15,0,RIGHT,REST
LR-3-15-26-(04).csv,85.79090213775635,87.78491973876953,REST,REST,0.15666666666666668,0,RIGHT,REST
LR-3-15-26-(04).csv,86.7899169921875,88.78393459320068,REST,REST,0.19666666666666666,0,RIGHT,REST
LR-3-15-26-(04).csv,87.78893184661865,89.78294944763184,REST,REST,0.18666666666666668,0,RIGHT,REST
LR-3-15-26-(04).csv,89.79899787902832,91.7930154800415,LEFT,LEFT,0.16333333333333333,0,RIGHT,REST
LR-3-15-26-(04).csv,90.79801273345947,92.79203033447266,LEFT,LEFT,0.2733333333333333,0,RIGHT,REST
LR-3-15-26-(04).csv,91.79702758789062,93.79104518890381,LEFT,LEFT,0.25666666666666665,0,RIGHT,REST
LR-3-15-26-(04).csv,92.79604244232178,94.79006004333496,LEFT,LEFT,0.18333333333333332,0,LEFT,REST
LR-3-15-26-(04).csv,93.79505729675293,95.78907489776611,LEFT,LEFT,0.18,0,RIGHT,REST
LR-3-15-26-(04).csv,94.79407215118408,96.78808975219727,LEFT,LEFT,0.19333333333333333,0,RIGHT,REST
LR-3-15-26-(04).csv,95.79308700561523,97.78710460662842,LEFT,LEFT,0.18666666666666668,0,RIGHT,REST
LR-3-15-26-(04).csv,98.52934455871582,100.523362159729,REST,REST,0.19666666666666666,0,RIGHT,REST
LR-3-15-26-(04).csv,99.52835941314697,101.52237701416016,REST,REST,0.14666666666666667,0,RIGHT,REST
LR-3-15-26-(04).csv,100.52737426757812,102.52139186859131,REST,REST,0.16333333333333333,0,RIGHT,REST
LR-3-15-26-(04).csv,103.14326858520508,105.13728618621826,RIGHT,RIGHT,0.16333333333333333,0,RIGHT,REST
LR-3-15-26-(04).csv,104.14228343963623,106.13630104064941,RIGHT,RIGHT,0.18333333333333332,0,LEFT,REST
LR-3-15-26-(04).csv,105.14129829406738,107.13531589508057,RIGHT,RIGHT,0.17666666666666667,0,RIGHT,REST
LR-3-15-26-(04).csv,106.14031314849854,108.13433074951172,RIGHT,RIGHT,0.19333333333333333,0,RIGHT,REST
LR-3-15-26-(04).csv,107.13932800292969,109.13334560394287,RIGHT,RIGHT,0.17666666666666667,0,RIGHT,REST
LR-3-15-26-(04).csv,108.13834285736084,110.13236045837402,RIGHT,RIGHT,0.18666666666666668,0,RIGHT,REST
LR-3-15-26-(04).csv,109.13735771179199,111.13137531280518,RIGHT,RIGHT,0.2,0,RIGHT,REST
LR-3-15-26-(04).csv,111.67702198028564,113.67103958129883,REST,REST,0.2,0,RIGHT,REST
LR-3-15-26-(04).csv,112.6760368347168,114.67005443572998,REST,REST,0.20333333333333334,0,RIGHT,REST
LR-3-15-26-(04).csv,113.67505168914795,115.66906929016113,REST,REST,0.20333333333333334,0,RIGHT,REST
LR-3-15-26-(04).csv,114.6740665435791,116.66808414459229,REST,REST,0.17666666666666667,0,RIGHT,REST
LR-3-15-26-(04).csv,115.67308139801025,117.66709899902344,REST,REST,0.15333333333333332,0,RIGHT,REST
LR-3-15-26-(04).csv,116.6720962524414,118.66611385345459,REST,REST,0.15,0,RIGHT,REST
LR-3-15-26-(04).csv,117.67111110687256,119.66512870788574,REST,REST,0.16,0,RIGHT,REST
LR-3-15-26-(04).csv,118.67012596130371,120.6641435623169,REST,REST,0.16,0,RIGHT,REST
LR-3-15-26-(04).csv,119.66914081573486,121.66315841674805,REST,REST,0.18,0,RIGHT,REST
LR-3-15-26-(04).csv,120.66815567016602,122.6621732711792,REST,REST,0.15333333333333332,0,RIGHT,REST
LR-3-15-26-(04).csv,121.66717052459717,123.66118812561035,REST,REST,0.15666666666666668,0,RIGHT,REST
LR-3-15-26-(04).csv,122.66618537902832,124.6602029800415,REST,REST,0.15,0,RIGHT,REST
LR-3-15-26-(04).csv,123.66520023345947,125.65921783447266,REST,REST,0.14666666666666667,0,RIGHT,REST
LR-3-15-26-(04).csv,124.66421508789062,126.65823268890381,REST,REST,0.16666666666666666,0,RIGHT,REST
LR-3-15-26-(04).csv,127.36436367034912,129.3583812713623,LEFT,LEFT,0.23333333333333334,0,RIGHT,REST
LR-3-15-26-(04).csv,128.36337852478027,130.35739612579346,LEFT,LEFT,0.22666666666666666,0,RIGHT,REST
LR-3-15-26-(04).csv,129.36239337921143,131.3564109802246,LEFT,LEFT,0.17333333333333334,0,RIGHT,REST
LR-3-15-26-(04).csv,130.36140823364258,132.35542583465576,LEFT,LEFT,0.17,0,RIGHT,REST
LR-3-15-26-(04).csv,131.36042308807373,133.3544406890869,LEFT,LEFT,0.17666666666666667,0,RIGHT,REST
LR-3-15-26-(04).csv,132.35943794250488,134.35345554351807,LEFT,LEFT,0.19333333333333333,0,RIGHT,REST
LR-3-15-26-(04).csv,133.35845279693604,135.35247039794922,LEFT,LEFT,0.19666666666666666,0,RIGHT,REST
LR-3-15-26-(04).csv,136.23513412475586,138.22915172576904,REST,REST,0.15666666666666668,0,RIGHT,REST
LR-3-15-26-(04).csv,137.234148979187,139.2281665802002,REST,REST,0.14333333333333334,0,RIGHT,REST
LR-3-15-26-(04).csv,138.23316383361816,140.22718143463135,REST,REST,0.16333333333333333,0,RIGHT,REST
LR-3-15-26-(04).csv,139.23217868804932,141.2261962890625,REST,REST,0.23,0,RIGHT,REST
LR-3-15-26-(04).csv,141.36662006378174,143.36063766479492,RIGHT,RIGHT,0.33666666666666667,1,RIGHT,RIGHT
LR-3-15-26-(04).csv,142.3656349182129,144.35965251922607,RIGHT,RIGHT,0.21,0,RIGHT,REST
LR-3-15-26-(04).csv,143.36464977264404,145.35866737365723,RIGHT,RIGHT,0.19333333333333333,0,RIGHT,REST
LR-3-15-26-(04).csv,144.3636646270752,146.35768222808838,RIGHT,RIGHT,0.16666666666666666,0,RIGHT,REST
LR-3-15-26-(04).csv,145.36267948150635,147.35669708251953,RIGHT,RIGHT,0.17,0,RIGHT,REST
LR-3-15-26-(04).csv,146.3616943359375,148.35571193695068,RIGHT,RIGHT,0.18666666666666668,0,RIGHT,REST
LR-3-15-26-(04).csv,147.36070919036865,149.35472679138184,RIGHT,RIGHT,0.21333333333333335,0,RIGHT,REST
LR-3-15-26-(04).csv,149.91240978240967,151.90642738342285,REST,REST,0.18333333333333332,0,RIGHT,REST
LR-3-15-26-(04).csv,150.91142463684082,152.905442237854,REST,REST,0.18,0,RIGHT,REST
LR-3-15-26-(04).csv,151.91043949127197,153.90445709228516,REST,REST,0.23666666666666666,0,RIGHT,REST
LR-3-15-26-(04).csv,152.90945434570312,154.9034719467163,REST,REST,0.19666666666666666,0,RIGHT,REST
LR-3-15-26-(04).csv,153.90846920013428,155.90248680114746,REST,REST,0.2,0,RIGHT,REST
LR-3-15-26-(04).csv,154.90748405456543,156.9015016555786,REST,REST,0.21,0,LEFT,REST
LR-3-15-26-(04).csv,155.90649890899658,157.90051651000977,REST,REST,0.16,0,RIGHT,REST
LR-3-15-26-(04).csv,156.90551376342773,158.89953136444092,REST,REST,0.18666666666666668,0,LEFT,REST
LR-3-15-26-(04).csv,157.9045286178589,159.89854621887207,REST,REST,0.17,0,RIGHT,REST
LR-3-15-26-(04).csv,158.90354347229004,160.89756107330322,REST,REST,0.18333333333333332,0,RIGHT,REST
LR-3-15-26-(04).csv,159.9025583267212,161.89657592773438,REST,REST,0.18666666666666668,0,RIGHT,REST
LR-3-15-26-(04).csv,160.90157318115234,162.89559078216553,REST,REST,0.19333333333333333,0,RIGHT,REST
LR-3-15-26-(04).csv,161.9005880355835,163.89460563659668,REST,REST,0.18666666666666668,0,RIGHT,REST
LR-3-15-26-(04).csv,162.89960289001465,164.89362049102783,REST,REST,0.20666666666666667,0,LEFT,REST
LR-3-15-26-(04).csv,165.41118240356445,167.40520000457764,LEFT,LEFT,0.17666666666666667,0,LEFT,REST
LR-3-15-26-(04).csv,166.4101972579956,168.4042148590088,LEFT,LEFT,0.17333333333333334,0,LEFT,REST
LR-3-15-26-(04).csv,167.40921211242676,169.40322971343994,LEFT,LEFT,0.19,0,RIGHT,REST
LR-3-15-26-(04).csv,168.4082269668579,170.4022445678711,LEFT,LEFT,0.17,0,RIGHT,REST
LR-3-15-26-(04).csv,169.40724182128906,171.40125942230225,LEFT,LEFT,0.19,0,RIGHT,REST
LR-3-15-26-(04).csv,170.40625667572021,172.4002742767334,LEFT,LEFT,0.19,0,RIGHT,REST
LR-3-15-26-(04).csv,171.40527153015137,173.39928913116455,LEFT,LEFT,0.17666666666666667,0,RIGHT,REST
LR-3-15-26-(04).csv,174.0572748184204,176.0512924194336,REST,REST,0.18333333333333332,0,RIGHT,REST
LR-3-15-26-(04).csv,175.05628967285156,177.05030727386475,REST,REST,0.19333333333333333,0,RIGHT,REST
LR-3-15-26-(04).csv,176.05530452728271,178.0493221282959,REST,REST,0.22,0,RIGHT,REST
LR-3-15-26-(04).csv,177.05431938171387,179.04833698272705,REST,REST,0.18,0,RIGHT,REST
LR-3-15-26-(04).csv,179.56188678741455,181.55590438842773,RIGHT,RIGHT,0.16666666666666666,0,RIGHT,REST
LR-3-15-26-(04).csv,180.5609016418457,182.5549192428589,RIGHT,RIGHT,0.19666666666666666,0,RIGHT,REST
LR-3-15-26-(04).csv,181.55991649627686,183.55393409729004,RIGHT,RIGHT,0.16666666666666666,0,LEFT,REST
LR-3-15-26-(04).csv,182.558931350708,184.5529489517212,RIGHT,RIGHT,0.16666666666666666,0,RIGHT,REST
LR-3-15-26-(04).csv,183.55794620513916,185.55196380615234,RIGHT,RIGHT,0.19666666666666666,0,RIGHT,REST
LR-3-15-26-(04).csv,184.5569610595703,186.5509786605835,RIGHT,RIGHT,0.17333333333333334,0,RIGHT,REST
LR-3-15-26-(04).csv,185.55597591400146,187.54999351501465,RIGHT,RIGHT,0.17,0,RIGHT,REST
LR-3-15-26-(04).csv,188.16384601593018,190.15786361694336,REST,REST,0.2,0,RIGHT,REST
LR-3-15-26-(04).csv,189.16286087036133,191.1568784713745,REST,REST,0.22,0,RIGHT,REST
LR-3-15-26-(04).csv,190.16187572479248,192.15589332580566,REST,REST,0.2,0,RIGHT,REST
LR-3-15-26-(04).csv,191.16089057922363,193.15490818023682,REST,REST,0.19333333333333333,0,RIGHT,REST
LR-3-15-26-(04).csv,192.15990543365479,194.15392303466797,REST,REST,0.24333333333333335,0,RIGHT,REST
LR-3-15-26-(04).csv,193.15892028808594,195.15293788909912,REST,REST,0.20333333333333334,0,RIGHT,REST
LR-3-15-26-(04).csv,194.1579351425171,196.15195274353027,REST,REST,0.18666666666666668,0,RIGHT,REST
LR-3-15-26-(04).csv,195.15694999694824,197.15096759796143,REST,REST,0.22666666666666666,0,RIGHT,REST
LR-3-15-26-(04).csv,196.1559648513794,198.14998245239258,REST,REST,0.2833333333333333,0,LEFT,REST
LR-3-15-26-(04).csv,197.15497970581055,199.14899730682373,REST,REST,0.19666666666666666,0,LEFT,REST
LR-3-15-26-(04).csv,198.1539945602417,200.14801216125488,REST,REST,0.2,0,RIGHT,REST
LR-3-15-26-(04).csv,199.15300941467285,201.14702701568604,REST,REST,0.24,0,LEFT,REST
LR-3-15-26-(04).csv,200.152024269104,202.1460418701172,REST,REST,0.19,0,RIGHT,REST
LR-3-15-26-(04).csv,201.15103912353516,203.14505672454834,REST,REST,0.23333333333333334,0,RIGHT,REST
LR-3-15-26-(04).csv,203.6345338821411,205.6285514831543,LEFT,LEFT,0.19666666666666666,0,RIGHT,REST
LR-3-15-26-(04).csv,204.63354873657227,206.62756633758545,LEFT,LEFT,0.19,0,RIGHT,REST
LR-3-15-26-(04).csv,205.63256359100342,207.6265811920166,LEFT,LEFT,0.19333333333333333,0,RIGHT,REST
LR-3-15-26-(04).csv,206.63157844543457,208.62559604644775,LEFT,LEFT,0.19,0,RIGHT,REST
LR-3-15-26-(04).csv,207.63059329986572,209.6246109008789,LEFT,LEFT,0.19333333333333333,0,RIGHT,REST
LR-3-15-26-(04).csv,208.62960815429688,210.62362575531006,LEFT,LEFT,0.19,0,RIGHT,REST
LR-3-15-26-(04).csv,209.62862300872803,211.6226406097412,LEFT,LEFT,0.18333333333333332,0,RIGHT,REST
LR-3-15-26-(04).csv,212.3046989440918,214.29871654510498,REST,REST,0.2,0,RIGHT,REST
LR-3-15-26-(04).csv,213.30371379852295,215.29773139953613,REST,REST,0.18333333333333332,0,RIGHT,REST
LR-3-15-26-(04).csv,214.3027286529541,216.29674625396729,REST,REST,0.19666666666666666,0,RIGHT,REST
LR-3-15-26-(04).csv,215.30174350738525,217.29576110839844,REST,REST,0.21,0,RIGHT,REST
LR-3-15-26-(04).csv,217.76918983459473,219.7632074356079,RIGHT,RIGHT,0.19666666666666666,0,RIGHT,REST
LR-3-15-26-(04).csv,218.76820468902588,220.76222229003906,RIGHT,RIGHT,0.19,0,RIGHT,REST
LR-3-15-26-(04).csv,219.76721954345703,221.76123714447021,RIGHT,RIGHT,0.19666666666666666,0,RIGHT,REST
LR-3-15-26-(04).csv,220.76623439788818,222.76025199890137,RIGHT,RIGHT,0.18666666666666668,0,RIGHT,REST
LR-3-15-26-(04).csv,221.76524925231934,223.75926685333252,RIGHT,RIGHT,0.18,0,RIGHT,REST
LR-3-15-26-(04).csv,222.7642641067505,224.75828170776367,RIGHT,RIGHT,0.22,0,RIGHT,REST
LR-3-15-26-(04).csv,223.76327896118164,225.75729656219482,RIGHT,RIGHT,0.21,0,RIGHT,REST
LR-3-15-26-(04).csv,226.17455577850342,228.1685733795166,REST,REST,0.23,0,RIGHT,REST
LR-3-15-26-(04).csv,227.17357063293457,229.16758823394775,REST,REST,0.17666666666666667,0,RIGHT,REST
LR-3-15-26-(04).csv,228.17258548736572,230.1666030883789,REST,REST,0.14,0,RIGHT,REST
LR-3-15-26-(04).csv,229.17160034179688,231.16561794281006,REST,REST,0.17333333333333334,0,RIGHT,REST
LR-3-15-26-(04).csv,230.17061519622803,232.1646327972412,REST,REST,0.18666666666666668,0,RIGHT,REST
LR-3-15-26-(04).csv,231.16963005065918,233.16364765167236,REST,REST,0.17666666666666667,0,RIGHT,REST
LR-3-15-26-(04).csv,232.16864490509033,234.16266250610352,REST,REST,0.19666666666666666,0,RIGHT,REST
LR-3-15-26-(04).csv,233.16765975952148,235.16167736053467,REST,REST,0.21333333333333335,0,RIGHT,REST
LR-3-15-26-(04).csv,234.16667461395264,236.16069221496582,REST,REST,0.20666666666666667,0,RIGHT,REST
LR-3-15-26-(04).csv,235.1656894683838,237.15970706939697,REST,REST,0.23,0,RIGHT,REST
LR-3-15-26-(04).csv,236.16470432281494,238.15872192382812,REST,REST,0.22,0,RIGHT,REST
LR-3-15-26-(04).csv,237.1637191772461,239.15773677825928,REST,REST,0.19333333333333333,0,RIGHT,REST
LR-3-15-26-(04).csv,238.16273403167725,240.15675163269043,REST,REST,0.21333333333333335,0,RIGHT,REST
LR-3-15-26-(04).csv,239.1617488861084,241.15576648712158,REST,REST,0.19666666666666666,0,RIGHT,REST
LR-3-15-26-(04).csv,241.84986114501953,243.84387874603271,LEFT,LEFT,0.18666666666666668,0,RIGHT,REST
LR-3-15-26-(04).csv,242.84887599945068,244.84289360046387,LEFT,LEFT,0.19666666666666666,0,RIGHT,REST
LR-3-15-26-(04).csv,243.84789085388184,245.84190845489502,LEFT,LEFT,0.19333333333333333,0,RIGHT,REST
LR-3-15-26-(04).csv,244.846905708313,246.84092330932617,LEFT,LEFT,0.19666666666666666,0,RIGHT,REST
LR-3-15-26-(04).csv,245.84592056274414,247.83993816375732,LEFT,LEFT,0.19333333333333333,0,RIGHT,REST
LR-3-15-26-(04).csv,246.8449354171753,248.83895301818848,LEFT,LEFT,0.18333333333333332,0,RIGHT,REST
LR-3-15-26-(04).csv,247.84395027160645,249.83796787261963,LEFT,LEFT,0.17666666666666667,0,RIGHT,REST
LR-3-15-26-(04).csv,250.52403831481934,252.51805591583252,REST,REST,0.19,0,RIGHT,REST
LR-3-15-26-(04).csv,251.5230531692505,253.51707077026367,REST,REST,0.17333333333333334,0,RIGHT,REST
LR-3-15-26-(04).csv,252.52206802368164,254.51608562469482,REST,REST,0.19666666666666666,0,RIGHT,REST
LR-3-15-26-(04).csv,253.5210828781128,255.51510047912598,REST,REST,0.19333333333333333,0,RIGHT,REST
LR-3-15-26-(04).csv,256.0366744995117,258.0306921005249,RIGHT,RIGHT,0.19666666666666666,0,RIGHT,REST
LR-3-15-26-(04).csv,257.03568935394287,259.02970695495605,RIGHT,RIGHT,0.21666666666666667,0,RIGHT,REST
LR-3-15-26-(04).csv,258.034704208374,260.0287218093872,RIGHT,RIGHT,0.17333333333333334,0,RIGHT,REST
LR-3-15-26-(04).csv,259.0337190628052,261.02773666381836,RIGHT,RIGHT,0.19333333333333333,0,LEFT,REST
LR-3-15-26-(04).csv,260.0327339172363,262.0267515182495,RIGHT,RIGHT,0.17666666666666667,0,RIGHT,REST
LR-3-15-26-(04).csv,261.0317487716675,263.02576637268066,RIGHT,RIGHT,0.18666666666666668,0,RIGHT,REST
LR-3-15-26-(04).csv,262.03076362609863,264.0247812271118,RIGHT,RIGHT,0.15666666666666668,0,RIGHT,REST
LR-3-15-26-(04).csv,264.8954086303711,266.8894262313843,REST,REST,0.20333333333333334,0,RIGHT,REST
LR-3-15-26-(04).csv,265.89442348480225,267.88844108581543,REST,REST,0.20666666666666667,0,LEFT,REST
LR-3-15-26-(04).csv,266.8934383392334,268.8874559402466,REST,REST,0.19666666666666666,0,LEFT,REST
LR-3-15-26-(04).csv,267.89245319366455,269.88647079467773,REST,REST,0.2,0,RIGHT,REST
LR-3-15-26-(04).csv,268.8914680480957,270.8854856491089,REST,REST,0.17,0,RIGHT,REST
LR-3-15-26-(04).csv,269.89048290252686,271.88450050354004,REST,REST,0.16666666666666666,0,RIGHT,REST
LR-3-15-26-(04).csv,270.889497756958,272.8835153579712,REST,REST,0.18,0,LEFT,REST
LR-3-15-26-(04).csv,271.88851261138916,273.88253021240234,REST,REST,0.15333333333333332,0,RIGHT,REST
LR-3-15-26-(04).csv,272.8875274658203,274.8815450668335,REST,REST,0.19333333333333333,0,RIGHT,REST
LR-3-15-26-(04).csv,273.88654232025146,275.88055992126465,REST,REST,0.18333333333333332,0,LEFT,REST
LR-3-15-26-(04).csv,274.8855571746826,276.8795747756958,REST,REST,0.22333333333333333,0,RIGHT,REST
LR-3-15-26-(04).csv,275.88457202911377,277.87858963012695,REST,REST,0.20666666666666667,0,RIGHT,REST
LR-3-15-26-(04).csv,276.8835868835449,278.8776044845581,REST,REST,0.22666666666666666,0,RIGHT,REST
LR-3-15-26-(04).csv,277.8826017379761,279.87661933898926,REST,REST,0.18333333333333332,0,RIGHT,REST
LR-3-15-26-(04).csv,280.6228713989258,282.61688899993896,LEFT,LEFT,0.17,0,RIGHT,REST
LR-3-15-26-(04).csv,281.62188625335693,283.6159038543701,LEFT,LEFT,0.16666666666666666,0,RIGHT,REST
LR-3-15-26-(04).csv,282.6209011077881,284.61491870880127,LEFT,LEFT,0.15,0,RIGHT,REST
LR-3-15-26-(04).csv,283.61991596221924,285.6139335632324,LEFT,LEFT,0.17,0,RIGHT,REST
LR-3-15-26-(04).csv,284.6189308166504,286.6129484176636,LEFT,LEFT,0.16,0,RIGHT,REST
LR-3-15-26-(04).csv,285.61794567108154,287.6119632720947,LEFT,LEFT,0.17333333333333334,0,RIGHT,REST
LR-3-15-26-(04).csv,286.6169605255127,288.6109781265259,LEFT,LEFT,0.18,0,RIGHT,REST
LR-3-15-26-(04).csv,289.06033420562744,291.0543518066406,REST,REST,0.18,0,RIGHT,REST
LR-3-15-26-(04).csv,290.0593490600586,292.0533666610718,REST,REST,0.17666666666666667,0,RIGHT,REST
LR-3-15-26-(04).csv,291.05836391448975,293.05238151550293,REST,REST,0.20666666666666667,0,RIGHT,REST
LR-3-15-26-(04).csv,292.0573787689209,294.0513963699341,REST,REST,0.22333333333333333,0,RIGHT,REST
LR-3-15-26-(04).csv,294.645188331604,296.6392059326172,RIGHT,RIGHT,0.22333333333333333,0,LEFT,REST
LR-3-15-26-(04).csv,295.64420318603516,297.63822078704834,RIGHT,RIGHT,0.19,0,RIGHT,REST
LR-3-15-26-(04).csv,296.6432180404663,298.6372356414795,RIGHT,RIGHT,0.17666666666666667,0,RIGHT,REST
LR-3-15-26-(04).csv,297.64223289489746,299.63625049591064,RIGHT,RIGHT,0.21,0,RIGHT,REST
LR-3-15-26-(04).csv,298.6412477493286,300.6352653503418,RIGHT,RIGHT,0.18666666666666668,0,RIGHT,REST
LR-3-15-26-(04).csv,299.64026260375977,301.63428020477295,RIGHT,RIGHT,0.17666666666666667,0,RIGHT,REST
LR-3-15-26-(04).csv,300.6392774581909,302.6332950592041,RIGHT,RIGHT,0.16333333333333333,0,RIGHT,REST
LR-3-15-26-(04).csv,303.3193655014038,305.313383102417,REST,REST,0.15666666666666668,0,RIGHT,REST
LR-3-15-26-(04).csv,304.31838035583496,306.31239795684814,REST,REST,0.20333333333333334,0,LEFT,REST
LR-3-15-26-(04).csv,305.3173952102661,307.3114128112793,REST,REST,0.18333333333333332,0,RIGHT,REST
LR-3-15-26-(04).csv,306.31641006469727,308.31042766571045,REST,REST,0.19666666666666666,0,RIGHT,REST
LR-3-15-26-(04).csv,307.3154249191284,309.3094425201416,REST,REST,0.16,0,LEFT,REST
LR-3-15-26-(04).csv,308.31443977355957,310.30845737457275,REST,REST,0.17,0,RIGHT,REST
LR-3-15-26-(04).csv,309.3134546279907,311.3074722290039,REST,REST,0.15666666666666668,0,RIGHT,REST
LR-3-15-26-(04).csv,310.3124694824219,312.30648708343506,REST,REST,0.19333333333333333,0,RIGHT,REST
LR-3-15-26-(04).csv,311.311484336853,313.3055019378662,REST,REST,0.23,0,RIGHT,REST
LR-3-15-26-(04).csv,312.3104991912842,314.30451679229736,REST,REST,0.21666666666666667,0,RIGHT,REST
LR-3-15-26-(04).csv,313.30951404571533,315.3035316467285,REST,REST,0.19666666666666666,0,RIGHT,REST
LR-3-15-26-(04).csv,314.3085289001465,316.30254650115967,REST,REST,0.23,0,LEFT,REST
LR-3-15-26-(04).csv,315.30754375457764,317.3015613555908,REST,REST,0.22,0,RIGHT,REST
LR-3-15-26-(04).csv,316.3065586090088,318.300576210022,REST,REST,0.21666666666666667,0,RIGHT,REST
LR-3-15-26-(04).csv,319.2033004760742,321.1973180770874,LEFT,LEFT,0.19666666666666666,0,RIGHT,REST
LR-3-15-26-(04).csv,320.20231533050537,322.19633293151855,LEFT,LEFT,0.20666666666666667,0,RIGHT,REST
LR-3-15-26-(04).csv,321.2013301849365,323.1953477859497,LEFT,LEFT,0.18666666666666668,0,RIGHT,REST
LR-3-15-26-(04).csv,322.2003450393677,324.19436264038086,LEFT,LEFT,0.18666666666666668,0,RIGHT,REST
LR-3-15-26-(04).csv,323.1993598937988,325.193377494812,LEFT,LEFT,0.19,0,RIGHT,REST
LR-3-15-26-(04).csv,324.19837474823,326.19239234924316,LEFT,LEFT,0.18666666666666668,0,RIGHT,REST
LR-3-15-26-(04).csv,325.19738960266113,327.1914072036743,LEFT,LEFT,0.19666666666666666,0,RIGHT,REST
LR-3-15-26-(04).csv,327.4361457824707,329.4301633834839,REST,REST,0.16666666666666666,0,RIGHT,REST
LR-3-15-26-(04).csv,328.43516063690186,330.42917823791504,REST,REST,0.17333333333333334,0,RIGHT,REST
LR-3-15-26-(04).csv,329.434175491333,331.4281930923462,REST,REST,0.18333333333333332,0,RIGHT,REST
LR-3-15-26-(04).csv,330.43319034576416,332.42720794677734,REST,REST,0.23,0,RIGHT,REST
LR-3-15-26-(04).csv,331.4322052001953,333.4262228012085,REST,REST,0.20666666666666667,0,LEFT,REST
LR-3-15-26-(04).csv,333.5826950073242,335.5767126083374,RIGHT,RIGHT,0.21666666666666667,0,RIGHT,REST
LR-3-15-26-(04).csv,334.58170986175537,336.57572746276855,RIGHT,RIGHT,0.18,0,RIGHT,REST
LR-3-15-26-(04).csv,335.5807247161865,337.5747423171997,RIGHT,RIGHT,0.17333333333333334,0,RIGHT,REST
LR-3-15-26-(04).csv,336.5797395706177,338.57375717163086,RIGHT,RIGHT,0.17333333333333334,0,RIGHT,REST
LR-3-15-26-(04).csv,337.5787544250488,339.572772026062,RIGHT,RIGHT,0.17,0,RIGHT,REST
LR-3-15-26-(04).csv,338.57776927948,340.57178688049316,RIGHT,RIGHT,0.18,0,RIGHT,REST
LR-3-15-26-(04).csv,339.57678413391113,341.5708017349243,RIGHT,RIGHT,0.17333333333333334,0,RIGHT,REST
LR-3-15-26-(04).csv,342.0642910003662,344.0583086013794,REST,REST,0.17,0,RIGHT,REST
LR-3-15-26-(04).csv,343.06330585479736,345.05732345581055,REST,REST,0.17333333333333334,0,RIGHT,REST
LR-3-15-26-(04).csv,344.0623207092285,346.0563383102417,REST,REST,0.16666666666666666,0,RIGHT,REST
LR-3-15-26-(04).csv,345.06133556365967,347.05535316467285,REST,REST,0.15666666666666668,0,RIGHT,REST
LR-3-15-26-(04).csv,346.0603504180908,348.054368019104,REST,REST,0.16333333333333333,0,RIGHT,REST
LR-3-15-26-(04).csv,347.059365272522,349.05338287353516,REST,REST,0.16333333333333333,0,RIGHT,REST
LR-3-15-26-(04).csv,348.0583801269531,350.0523977279663,REST,REST,0.16333333333333333,0,RIGHT,REST
LR-3-15-26-(04).csv,349.0573949813843,351.05141258239746,REST,REST,0.14666666666666667,0,RIGHT,REST
LR-3-15-26-(04).csv,350.05640983581543,352.0504274368286,REST,REST,0.17666666666666667,0,LEFT,REST
LR-3-15-26-(04).csv,351.0554246902466,353.04944229125977,REST,REST,0.17333333333333334,0,LEFT,REST
LR-3-15-26-(04).csv,352.05443954467773,354.0484571456909,REST,REST,0.21,0,RIGHT,REST
LR-3-15-26-(04).csv,353.0534543991089,355.04747200012207,REST,REST,0.20333333333333334,0,RIGHT,REST
LR-3-15-26-(04).csv,354.05246925354004,356.0464868545532,REST,REST,0.18333333333333332,0,RIGHT,REST
LR-3-15-26-(04).csv,355.0514841079712,357.0455017089844,REST,REST,0.18333333333333332,0,RIGHT,REST
LR-3-15-26-(04).csv,357.83989906311035,359.83391666412354,LEFT,LEFT,0.17,0,RIGHT,REST
LR-3-15-26-(04).csv,358.8389139175415,360.8329315185547,LEFT,LEFT,0.18666666666666668,0,RIGHT,REST
LR-3-15-26-(04).csv,359.83792877197266,361.83194637298584,LEFT,LEFT,0.20333333333333334,0,RIGHT,REST
LR-3-15-26-(04).csv,360.8369436264038,362.830961227417,LEFT,LEFT,0.18333333333333332,0,RIGHT,REST
LR-3-15-26-(04).csv,361.83595848083496,363.82997608184814,LEFT,LEFT,0.16333333333333333,0,RIGHT,REST
LR-3-15-26-(04).csv,362.8349733352661,364.8289909362793,LEFT,LEFT,0.18666666666666668,0,RIGHT,REST
LR-3-15-26-(04).csv,363.83398818969727,365.82800579071045,LEFT,LEFT,0.19333333333333333,0,LEFT,REST
LR-3-15-26-(04).csv,366.4980278015137,368.49204540252686,REST,REST,0.2,0,RIGHT,REST
LR-3-15-26-(04).csv,367.4970426559448,369.491060256958,REST,REST,0.19666666666666666,0,LEFT,REST
LR-3-15-26-(04).csv,368.496057510376,370.49007511138916,REST,REST,0.15666666666666668,0,RIGHT,REST
LR-3-15-26-(04).csv,369.49507236480713,371.4890899658203,REST,REST,0.2,0,RIGHT,REST
LR-3-15-26-(04).csv,372.3035478591919,374.2975654602051,RIGHT,RIGHT,0.17,0,RIGHT,REST
LR-3-15-26-(04).csv,373.30256271362305,375.29658031463623,RIGHT,RIGHT,0.19,0,RIGHT,REST
LR-3-15-26-(04).csv,374.3015775680542,376.2955951690674,RIGHT,RIGHT,0.17333333333333334,0,RIGHT,REST
LR-3-15-26-(04).csv,375.30059242248535,377.29461002349854,RIGHT,RIGHT,0.17,0,RIGHT,REST
LR-3-15-26-(04).csv,376.2996072769165,378.2936248779297,RIGHT,RIGHT,0.16333333333333333,0,RIGHT,REST
LR-3-15-26-(04).csv,377.29862213134766,379.29263973236084,RIGHT,RIGHT,0.19,0,RIGHT,REST
LR-3-15-26-(04).csv,378.2976369857788,380.291654586792,RIGHT,RIGHT,0.19333333333333333,0,RIGHT,REST
LR-3-15-26-(04).csv,380.8613739013672,382.85539150238037,REST,REST,0.2,0,LEFT,REST
LR-3-15-26-(04).csv,381.86038875579834,383.8544063568115,REST,REST,0.17,0,RIGHT,REST
LR-3-15-26-(04).csv,382.8594036102295,384.8534212112427,REST,REST,0.18,0,LEFT,REST
LR-3-15-26-(04).csv,383.85841846466064,385.8524360656738,REST,REST,0.18,0,RIGHT,REST
LR-3-15-26-(04).csv,384.8574333190918,386.851450920105,REST,REST,0.14333333333333334,0,RIGHT,REST
LR-3-15-26-(04).csv,385.85644817352295,387.85046577453613,REST,REST,0.18333333333333332,0,RIGHT,REST
LR-3-15-26-(04).csv,386.8554630279541,388.8494806289673,REST,REST,0.17333333333333334,0,RIGHT,REST
LR-3-15-26-(04).csv,387.85447788238525,389.84849548339844,REST,REST,0.18333333333333332,0,RIGHT,REST
LR-3-15-26-(04).csv,388.8534927368164,390.8475103378296,REST,REST,0.21333333333333335,0,RIGHT,REST
LR-3-15-26-(04).csv,389.85250759124756,391.84652519226074,REST,REST,0.21,0,RIGHT,REST
LR-3-15-26-(04).csv,390.8515224456787,392.8455400466919,REST,REST,0.16333333333333333,0,RIGHT,REST
LR-3-15-26-(04).csv,391.85053730010986,393.84455490112305,REST,REST,0.16,0,RIGHT,REST
LR-3-15-26-(04).csv,392.849552154541,394.8435697555542,REST,REST,0.17,0,RIGHT,REST
LR-3-15-26-(04).csv,393.84856700897217,395.84258460998535,REST,REST,0.16333333333333333,0,RIGHT,REST
LR-3-15-26-(04).csv,396.6129093170166,398.6069269180298,LEFT,LEFT,0.15,0,RIGHT,REST
LR-3-15-26-(04).csv,397.61192417144775,399.60594177246094,LEFT,LEFT,0.17,0,RIGHT,REST
LR-3-15-26-(04).csv,398.6109390258789,400.6049566268921,LEFT,LEFT,0.14333333333333334,0,RIGHT,REST
LR-3-15-26-(04).csv,399.60995388031006,401.60397148132324,LEFT,LEFT,0.15,0,RIGHT,REST
LR-3-15-26-(04).csv,400.6089687347412,402.6029863357544,LEFT,LEFT,0.19666666666666666,0,RIGHT,REST
LR-3-15-26-(04).csv,401.60798358917236,403.60200119018555,LEFT,LEFT,0.18666666666666668,0,RIGHT,REST
LR-3-15-26-(04).csv,402.6069984436035,404.6010160446167,LEFT,LEFT,0.17666666666666667,0,RIGHT,REST
LR-3-15-26-(04).csv,405.3432559967041,407.3372735977173,REST,REST,0.18333333333333332,0,RIGHT,REST
LR-3-15-26-(04).csv,406.34227085113525,408.33628845214844,REST,REST,0.17333333333333334,0,RIGHT,REST
LR-3-15-26-(04).csv,407.3412857055664,409.3353033065796,REST,REST,0.17,0,RIGHT,REST
LR-3-15-26-(04).csv,408.34030055999756,410.33431816101074,REST,REST,0.19666666666666666,0,RIGHT,REST
LR-3-15-26-(04).csv,409.3393154144287,411.3333330154419,REST,REST,0.21,0,RIGHT,REST
LR-3-15-26-(04).csv,412.05150032043457,414.04551792144775,RIGHT,RIGHT,0.18333333333333332,0,RIGHT,REST
LR-3-15-26-(04).csv,413.0505151748657,415.0445327758789,RIGHT,RIGHT,0.20333333333333334,0,RIGHT,REST
LR-3-15-26-(04).csv,414.0495300292969,416.04354763031006,RIGHT,RIGHT,0.18666666666666668,0,RIGHT,REST
LR-3-15-26-(04).csv,415.048544883728,417.0425624847412,RIGHT,RIGHT,0.17666666666666667,0,RIGHT,REST
LR-3-15-26-(04).csv,416.0475597381592,418.04157733917236,RIGHT,RIGHT,0.18333333333333332,0,RIGHT,REST
LR-3-15-26-(04).csv,417.04657459259033,419.0405921936035,RIGHT,RIGHT,0.19,0,RIGHT,REST
LR-3-15-26-(04).csv,418.0455894470215,420.03960704803467,RIGHT,RIGHT,0.18333333333333332,0,RIGHT,REST
LR-3-15-26-(04).csv,420.7738227844238,422.767840385437,REST,REST,0.17333333333333334,0,RIGHT,REST
LR-3-15-26-(04).csv,421.772837638855,423.76685523986816,REST,REST,0.17,0,RIGHT,REST
LR-3-15-26-(04).csv,422.77185249328613,424.7658700942993,REST,REST,0.18,0,RIGHT,REST
LR-3-15-26-(04).csv,423.7708673477173,425.76488494873047,REST,REST,0.18333333333333332,0,RIGHT,REST
LR-3-15-26-(04).csv,424.76988220214844,426.7638998031616,REST,REST,0.19333333333333333,0,RIGHT,REST
LR-3-15-26-(04).csv,425.7688970565796,427.7629146575928,REST,REST,0.3,1,RIGHT,RIGHT
LR-3-15-26-(04).csv,426.76791191101074,428.7619295120239,REST,REST,0.31,1,RIGHT,RIGHT
LR-3-15-26-(04).csv,427.7669267654419,429.7609443664551,REST,REST,0.2,0,RIGHT,REST
LR-3-15-26-(04).csv,428.76594161987305,430.75995922088623,REST,REST,0.25333333333333335,0,RIGHT,REST
LR-3-15-26-(04).csv,429.7649564743042,431.7589740753174,REST,REST,0.37,1,RIGHT,RIGHT
LR-3-15-26-(04).csv,430.76397132873535,432.75798892974854,REST,REST,0.22333333333333333,0,RIGHT,REST
LR-3-15-26-(04).csv,431.7629861831665,433.7570037841797,REST,REST,0.23666666666666666,0,RIGHT,REST
LR-3-15-26-(04).csv,432.76200103759766,434.75601863861084,REST,REST,0.22666666666666666,0,RIGHT,REST
LR-3-15-26-(04).csv,433.7610158920288,435.755033493042,REST,REST,0.22,0,RIGHT,REST
LR-3-15-26-(04).csv,434.76003074645996,436.75404834747314,REST,REST,0.21,0,LEFT,REST
LR-3-15-26-(04).csv,435.7590456008911,437.7530632019043,REST,REST,0.22,0,RIGHT,REST
LR-3-15-26-(04).csv,436.75806045532227,438.75207805633545,REST,REST,0.21,0,RIGHT,REST
LR-3-15-26-(04).csv,437.7570753097534,439.7510929107666,REST,REST,0.22666666666666666,0,RIGHT,REST
LR-3-15-26-(04).csv,438.75609016418457,440.75010776519775,REST,REST,0.23333333333333334,0,LEFT,REST
LR-3-15-26-(04).csv,439.7551050186157,441.7491226196289,REST,REST,0.22333333333333333,0,RIGHT,REST
LR-3-15-26-(04).csv,440.7541198730469,442.74813747406006,REST,REST,0.23,0,RIGHT,REST
LR-3-15-26-(04).csv,441.753134727478,443.7471523284912,REST,REST,0.23,0,LEFT,REST
LR-3-15-26-(04).csv,442.7521495819092,444.74616718292236,REST,REST,0.22,0,RIGHT,REST
LR-3-15-26-(04).csv,443.75116443634033,445.7451820373535,REST,REST,0.22333333333333333,0,RIGHT,REST
LR-3-15-26-(04).csv,444.7501792907715,446.74419689178467,REST,REST,0.24666666666666667,0,LEFT,REST
LR-3-15-26-(04).csv,445.74919414520264,447.7432117462158,REST,REST,0.16333333333333333,0,RIGHT,REST
LR-3-15-26-(04).csv,446.7482089996338,448.742226600647,REST,REST,0.18,0,RIGHT,REST
LR-3-15-26-(04).csv,447.74722385406494,449.7412414550781,REST,REST,0.18333333333333332,0,RIGHT,REST
LR-3-15-26-(04).csv,448.7462387084961,450.7402563095093,REST,REST,0.20666666666666667,0,RIGHT,REST
LR-3-15-26-(04).csv,449.74525356292725,451.73927116394043,REST,REST,0.20333333333333334,0,RIGHT,REST
LR-3-15-26-(04).csv,450.7442684173584,452.7382860183716,REST,REST,0.16333333333333333,0,RIGHT,REST
LR-3-15-26-(04).csv,451.74328327178955,453.73730087280273,REST,REST,0.16666666666666666,0,RIGHT,REST
LR-3-15-26-(04).csv,452.7422981262207,454.7363157272339,REST,REST,0.19,0,RIGHT,REST
LR-3-15-26-(04).csv,453.74131298065186,455.73533058166504,REST,REST,0.2,0,RIGHT,REST
LR-3-15-26-(04).csv,454.740327835083,456.7343454360962,REST,REST,0.16666666666666666,0,RIGHT,REST
LR-3-15-26-(04).csv,455.73934268951416,457.73336029052734,REST,REST,0.18666666666666668,0,RIGHT,REST
LR-3-15-26-(04).csv,456.7383575439453,458.7323751449585,REST,REST,0.24333333333333335,0,LEFT,REST
LR-3-15-26-(04).csv,457.73737239837646,459.73138999938965,REST,REST,0.24,0,LEFT,REST
LR-3-15-26-(04).csv,458.7363872528076,460.7304048538208,REST,REST,0.24,0,LEFT,REST
LR-3-15-26-(04).csv,459.73540210723877,461.72941970825195,REST,REST,0.23333333333333334,0,RIGHT,REST
LR-3-15-26-(04).csv,460.7344169616699,462.7284345626831,REST,REST,0.24333333333333335,0,RIGHT,REST
LR-3-15-26-(04).csv,461.7334318161011,463.72744941711426,REST,REST,0.21666666666666667,0,RIGHT,REST
LR-3-15-26-(04).csv,462.7324466705322,464.7264642715454,REST,REST,0.22,0,LEFT,REST
LR-3-15-26-(04).csv,463.7314615249634,465.72547912597656,REST,REST,0.24333333333333335,0,LEFT,REST
LR-3-15-26-(04).csv,464.73047637939453,466.7244939804077,REST,REST,0.22333333333333333,0,RIGHT,REST
LR-3-15-26-(04).csv,465.7294912338257,467.72350883483887,REST,REST,0.19,0,RIGHT,REST
LR-3-15-26-(04).csv,466.72850608825684,468.72252368927,REST,REST,0.18666666666666668,0,RIGHT,REST
LR-3-15-26-(04).csv,467.727520942688,469.7215385437012,REST,REST,0.17,0,RIGHT,REST
LR-3-15-26-(04).csv,468.72653579711914,470.7205533981323,REST,REST,0.22333333333333333,0,RIGHT,REST
LR-3-15-26-(04).csv,469.7255506515503,471.7195682525635,REST,REST,0.21666666666666667,0,RIGHT,REST
LR-3-15-26-(04).csv,470.72456550598145,472.71858310699463,REST,REST,0.21,0,RIGHT,REST
LR-3-15-26-(04).csv,471.7235803604126,473.7175979614258,REST,REST,0.17666666666666667,0,RIGHT,REST
LR-3-15-26-(04).csv,473.757719039917,475.7517366409302,LEFT,LEFT,0.4,1,RIGHT,RIGHT
LR-3-15-26-(04).csv,474.75673389434814,476.7507514953613,LEFT,LEFT,0.4533333333333333,1,RIGHT,RIGHT
LR-3-15-26-(04).csv,475.7557487487793,477.7497663497925,LEFT,LEFT,0.43333333333333335,1,RIGHT,RIGHT
LR-3-15-26-(04).csv,476.75476360321045,478.74878120422363,LEFT,LEFT,0.41333333333333333,1,RIGHT,RIGHT
LR-3-15-26-(04).csv,477.7537784576416,479.7477960586548,LEFT,LEFT,0.43333333333333335,1,RIGHT,RIGHT
LR-3-15-26-(04).csv,478.75279331207275,480.74681091308594,LEFT,LEFT,0.3933333333333333,1,RIGHT,RIGHT
LR-3-15-26-(04).csv,479.7518081665039,481.7458257675171,LEFT,LEFT,0.37,1,RIGHT,RIGHT
LR-3-15-26-(04).csv,482.504114151001,484.49813175201416,REST,REST,0.25,0,LEFT,REST
LR-3-15-26-(04).csv,483.50312900543213,485.4971466064453,REST,REST,0.23,0,LEFT,REST
LR-3-15-26-(04).csv,484.5021438598633,486.49616146087646,REST,REST,0.20333333333333334,0,RIGHT,REST
LR-3-15-26-(04).csv,485.50115871429443,487.4951763153076,REST,REST,0.20333333333333334,0,RIGHT,REST
LR-3-15-26-(04).csv,488.22537994384766,490.21939754486084,RIGHT,RIGHT,0.46,1,RIGHT,RIGHT
LR-3-15-26-(04).csv,489.2243947982788,491.218412399292,RIGHT,RIGHT,0.38333333333333336,1,RIGHT,RIGHT
LR-3-15-26-(04).csv,490.22340965270996,492.21742725372314,RIGHT,RIGHT,0.44666666666666666,1,RIGHT,RIGHT
LR-3-15-26-(04).csv,491.2224245071411,493.2164421081543,RIGHT,RIGHT,0.4,1,RIGHT,RIGHT
LR-3-15-26-(04).csv,492.22143936157227,494.21545696258545,RIGHT,RIGHT,0.44,1,RIGHT,RIGHT
LR-3-15-26-(04).csv,493.2204542160034,495.2144718170166,RIGHT,RIGHT,0.44666666666666666,1,RIGHT,RIGHT
LR-3-15-26-(04).csv,494.21946907043457,496.21348667144775,RIGHT,RIGHT,0.44333333333333336,1,RIGHT,RIGHT
LR-3-15-26-(04).csv,496.9276418685913,498.9216594696045,REST,REST,0.18666666666666668,0,RIGHT,REST
LR-3-15-26-(04).csv,497.92665672302246,499.92067432403564,REST,REST,0.2,0,RIGHT,REST
LR-3-15-26-(04).csv,498.9256715774536,500.9196891784668,REST,REST,0.19666666666666666,0,RIGHT,REST
LR-3-15-26-(04).csv,499.92468643188477,501.91870403289795,REST,REST,0.18,0,RIGHT,REST
LR-3-15-26-(04).csv,500.9237012863159,502.9177188873291,REST,REST,0.18333333333333332,0,LEFT,REST
LR-3-15-26-(04).csv,501.92271614074707,503.91673374176025,REST,REST,0.17333333333333334,0,RIGHT,REST
LR-3-15-26-(04).csv,502.9217309951782,504.9157485961914,REST,REST,0.18666666666666668,0,RIGHT,REST
LR-3-15-26-(04).csv,503.9207458496094,505.91476345062256,REST,REST,0.17333333333333334,0,RIGHT,REST
LR-3-15-26-(04).csv,504.9197607040405,506.9137783050537,REST,REST,0.20666666666666667,0,RIGHT,REST
LR-3-15-26-(04).csv,505.9187755584717,507.91279315948486,REST,REST,0.22666666666666666,0,RIGHT,REST
LR-3-15-26-(04).csv,506.91779041290283,508.911808013916,REST,REST,0.18333333333333332,0,RIGHT,REST
LR-3-15-26-(04).csv,507.916805267334,509.91082286834717,REST,REST,0.18666666666666668,0,RIGHT,REST
LR-3-15-26-(04).csv,508.91582012176514,510.9098377227783,REST,REST,0.18,0,RIGHT,REST
LR-3-15-26-(04).csv,509.9148349761963,511.9088525772095,REST,REST,0.21666666666666667,0,RIGHT,REST
LR-3-15-26-(04).csv,512.5909109115601,514.5849285125732,LEFT,LEFT,0.4033333333333333,1,RIGHT,RIGHT
LR-3-15-26-(04).csv,513.5899257659912,515.5839433670044,LEFT,LEFT,0.43666666666666665,1,RIGHT,RIGHT
LR-3-15-26-(04).csv,514.5889406204224,516.5829582214355,LEFT,LEFT,0.37666666666666665,1,RIGHT,RIGHT
LR-3-15-26-(04).csv,515.5879554748535,517.5819730758667,LEFT,LEFT,0.4066666666666667,1,RIGHT,RIGHT
LR-3-15-26-(04).csv,516.5869703292847,518.5809879302979,LEFT,LEFT,0.42333333333333334,1,RIGHT,RIGHT
LR-3-15-26-(04).csv,517.5859851837158,519.580002784729,LEFT,LEFT,0.4066666666666667,1,RIGHT,RIGHT
LR-3-15-26-(04).csv,518.585000038147,520.5790176391602,LEFT,LEFT,0.4033333333333333,1,RIGHT,RIGHT
LR-3-15-26-(04).csv,519.5840148925781,521.5780324935913,LEFT,LEFT,0.4066666666666667,1,RIGHT,RIGHT
LR-3-15-26-(04).csv,521.6542625427246,523.6482801437378,REST,REST,0.23333333333333334,0,RIGHT,REST
LR-3-15-26-(04).csv,522.6532773971558,524.647294998169,REST,REST,0.17666666666666667,0,RIGHT,REST
LR-3-15-26-(04).csv,523.6522922515869,525.6463098526001,REST,REST,0.21,0,RIGHT,REST
LR-3-15-26-(04).csv,524.6513071060181,526.6453247070312,REST,REST,0.20333333333333334,0,RIGHT,REST
LR-3-15-26-(04).csv,527.3875646591187,529.3815822601318,RIGHT,RIGHT,0.42,1,RIGHT,RIGHT
LR-3-15-26-(04).csv,528.3865795135498,530.380597114563,RIGHT,RIGHT,0.44666666666666666,1,RIGHT,RIGHT
LR-3-15-26-(04).csv,529.385594367981,531.3796119689941,RIGHT,RIGHT,0.42333333333333334,1,RIGHT,RIGHT
LR-3-15-26-(04).csv,530.3846092224121,532.3786268234253,RIGHT,RIGHT,0.45666666666666667,1,RIGHT,RIGHT
LR-3-15-26-(04).csv,531.3836240768433,533.3776416778564,RIGHT,RIGHT,0.45666666666666667,1,RIGHT,RIGHT
LR-3-15-26-(04).csv,532.3826389312744,534.3766565322876,RIGHT,RIGHT,0.44,1,RIGHT,RIGHT
LR-3-15-26-(04).csv,533.3816537857056,535.3756713867188,RIGHT,RIGHT,0.45666666666666667,1,RIGHT,RIGHT
LR-3-15-26-(04).csv,535.9895238876343,537.9835414886475,REST,REST,0.25666666666666665,0,RIGHT,REST
LR-3-15-26-(04).csv,536.9885387420654,538.9825563430786,REST,REST,0.18,0,RIGHT,REST
LR-3-15-26-(04).csv,537.9875535964966,539.9815711975098,REST,REST,0.17666666666666667,0,RIGHT,REST
LR-3-15-26-(04).csv,538.9865684509277,540.9805860519409,REST,REST,0.19,0,RIGHT,REST
LR-3-15-26-(04).csv,539.9855833053589,541.9796009063721,REST,REST,0.23333333333333334,0,RIGHT,REST
LR-3-15-26-(04).csv,540.98459815979,542.9786157608032,REST,REST,0.22,0,RIGHT,REST
LR-3-15-26-(04).csv,541.9836130142212,543.9776306152344,REST,REST,0.23,0,RIGHT,REST
LR-3-15-26-(04).csv,542.9826278686523,544.9766454696655,REST,REST,0.23333333333333334,0,RIGHT,REST
LR-3-15-26-(04).csv,543.9816427230835,545.9756603240967,REST,REST,0.23333333333333334,0,RIGHT,REST
LR-3-15-26-(04).csv,544.9806575775146,546.9746751785278,REST,REST,0.23666666666666666,0,RIGHT,REST
LR-3-15-26-(04).csv,545.9796724319458,547.973690032959,REST,REST,0.16333333333333333,0,RIGHT,REST
LR-3-15-26-(04).csv,546.978687286377,548.9727048873901,REST,REST,0.19,0,RIGHT,REST
LR-3-15-26-(04).csv,547.9777021408081,549.9717197418213,REST,REST,0.17666666666666667,0,RIGHT,REST
LR-3-15-26-(04).csv,548.9767169952393,550.9707345962524,REST,REST,0.17333333333333334,0,RIGHT,REST
LR-3-15-26-(04).csv,549.9757318496704,551.9697494506836,REST,REST,0.15,0,RIGHT,REST
LR-3-15-26-(04).csv,552.0058584213257,553.9998760223389,LEFT,LEFT,0.39,1,RIGHT,RIGHT
LR-3-15-26-(04).csv,553.0048732757568,554.99889087677,LEFT,LEFT,0.39,1,RIGHT,RIGHT
LR-3-15-26-(04).csv,554.003888130188,555.9979057312012,LEFT,LEFT,0.37666666666666665,1,RIGHT,RIGHT
LR-3-15-26-(04).csv,555.0029029846191,556.9969205856323,LEFT,LEFT,0.43333333333333335,1,RIGHT,RIGHT
LR-3-15-26-(04).csv,556.0019178390503,557.9959354400635,LEFT,LEFT,0.44,1,LEFT,LEFT
LR-3-15-26-(04).csv,557.0009326934814,558.9949502944946,LEFT,LEFT,0.43,1,RIGHT,RIGHT
LR-3-15-26-(04).csv,557.9999475479126,559.9939651489258,LEFT,LEFT,0.43666666666666665,1,RIGHT,RIGHT
LR-3-15-26-(04).csv,560.7843503952026,562.7783679962158,REST,REST,0.19666666666666666,0,LEFT,REST
LR-3-15-26-(04).csv,561.7833652496338,563.777382850647,REST,REST,0.19666666666666666,0,RIGHT,REST
LR-3-15-26-(04).csv,562.7823801040649,564.7763977050781,REST,REST,0.23,0,RIGHT,REST
LR-3-15-26-(04).csv,563.7813949584961,565.7754125595093,REST,REST,0.23,0,RIGHT,REST
LR-3-15-26-(04).csv,564.7804098129272,566.7744274139404,REST,REST,0.22,0,RIGHT,REST
LR-3-15-26-(04).csv,566.9670085906982,568.9610261917114,RIGHT,RIGHT,0.38,1,RIGHT,RIGHT
LR-3-15-26-(04).csv,567.9660234451294,569.9600410461426,RIGHT,RIGHT,0.45666666666666667,1,RIGHT,RIGHT
LR-3-15-26-(04).csv,568.9650382995605,570.9590559005737,RIGHT,RIGHT,0.44666666666666666,1,RIGHT,RIGHT
LR-3-15-26-(04).csv,569.9640531539917,571.9580707550049,RIGHT,RIGHT,0.4633333333333333,1,RIGHT,RIGHT
LR-3-15-26-(04).csv,570.9630680084229,572.957085609436,RIGHT,RIGHT,0.43,1,RIGHT,RIGHT
LR-3-15-26-(04).csv,571.962082862854,573.9561004638672,RIGHT,RIGHT,0.46,1,RIGHT,RIGHT
LR-3-15-26-(04).csv,572.9610977172852,574.9551153182983,RIGHT,RIGHT,0.47333333333333333,1,RIGHT,RIGHT
LR-3-15-26-(04).csv,575.9140090942383,577.9080266952515,REST,REST,0.36333333333333334,1,RIGHT,RIGHT
LR-3-15-26-(04).csv,576.9130239486694,578.9070415496826,REST,REST,0.19,0,RIGHT,REST
LR-3-15-26-(04).csv,577.9120388031006,579.9060564041138,REST,REST,0.17666666666666667,0,RIGHT,REST
LR-3-15-26-(04).csv,578.9110536575317,580.9050712585449,REST,REST,0.18,0,RIGHT,REST
LR-3-15-26-(04).csv,579.9100685119629,581.9040861129761,REST,REST,0.16666666666666666,0,RIGHT,REST
LR-3-15-26-(04).csv,580.909083366394,582.9031009674072,REST,REST,0.15333333333333332,0,RIGHT,REST
LR-3-15-26-(04).csv,581.9080982208252,583.9021158218384,REST,REST,0.22,0,RIGHT,REST
LR-3-15-26-(04).csv,582.9071130752563,584.9011306762695,REST,REST,0.24333333333333335,0,RIGHT,REST
LR-3-15-26-(04).csv,583.9061279296875,585.9001455307007,REST,REST,0.24333333333333335,0,LEFT,REST
LR-3-15-26-(04).csv,584.9051427841187,586.8991603851318,REST,REST,0.24666666666666667,0,LEFT,REST
LR-3-15-26-(04).csv,585.9041576385498,587.898175239563,REST,REST,0.19,0,RIGHT,REST
LR-3-15-26-(04).csv,586.903172492981,588.8971900939941,REST,REST,0.30666666666666664,1,RIGHT,RIGHT
LR-3-15-26-(04).csv,587.9021873474121,589.8962049484253,REST,REST,0.24666666666666667,0,RIGHT,REST
LR-3-15-26-(04).csv,588.9012022018433,590.8952198028564,REST,REST,0.23333333333333334,0,RIGHT,REST
LR-3-15-26-(04).csv,591.4488906860352,593.4429082870483,LEFT,LEFT,0.43666666666666665,1,LEFT,LEFT
LR-3-15-26-(04).csv,592.4479055404663,594.4419231414795,LEFT,LEFT,0.38333333333333336,1,RIGHT,RIGHT
LR-3-15-26-(04).csv,593.4469203948975,595.4409379959106,LEFT,LEFT,0.35333333333333333,1,RIGHT,RIGHT
LR-3-15-26-(04).csv,594.4459352493286,596.4399528503418,LEFT,LEFT,0.31333333333333335,1,RIGHT,RIGHT
LR-3-15-26-(04).csv,595.4449501037598,597.438967704773,LEFT,LEFT,0.22333333333333333,0,RIGHT,REST
LR-3-15-26-(04).csv,596.4439649581909,598.4379825592041,LEFT,LEFT,0.26666666666666666,0,RIGHT,REST
LR-3-15-26-(04).csv,597.4429798126221,599.4369974136353,LEFT,LEFT,0.3933333333333333,1,RIGHT,RIGHT
LR-3-15-26-(04).csv,600.3316974639893,602.3257150650024,REST,REST,0.21,0,RIGHT,REST
LR-3-15-26-(04).csv,601.3307123184204,603.3247299194336,REST,REST,0.19666666666666666,0,RIGHT,REST
LR-3-15-26-(04).csv,602.3297271728516,604.3237447738647,REST,REST,0.20333333333333334,0,RIGHT,REST
LR-3-15-26-(04).csv,603.3287420272827,605.3227596282959,REST,REST,0.2,0,RIGHT,REST
LR-3-15-26-(04).csv,605.8603820800781,607.8543996810913,RIGHT,RIGHT,0.42333333333333334,1,RIGHT,RIGHT
LR-3-15-26-(04).csv,606.8593969345093,608.8534145355225,RIGHT,RIGHT,0.45,1,RIGHT,RIGHT
LR-3-15-26-(04).csv,607.8584117889404,609.8524293899536,RIGHT,RIGHT,0.43333333333333335,1,RIGHT,RIGHT
LR-3-15-26-(04).csv,608.8574266433716,610.8514442443848,RIGHT,RIGHT,0.4266666666666667,1,RIGHT,RIGHT
LR-3-15-26-(04).csv,609.8564414978027,611.8504590988159,RIGHT,RIGHT,0.44666666666666666,1,RIGHT,RIGHT
LR-3-15-26-(04).csv,610.8554563522339,612.8494739532471,RIGHT,RIGHT,0.44666666666666666,1,RIGHT,RIGHT
LR-3-15-26-(04).csv,611.854471206665,613.8484888076782,RIGHT,RIGHT,0.47333333333333333,1,RIGHT,RIGHT
LR-3-15-26-(04).csv,614.7311525344849,616.725170135498,REST,REST,0.4,1,RIGHT,RIGHT
LR-3-15-26-(04).csv,615.730167388916,617.7241849899292,REST,REST,0.24,0,LEFT,REST
LR-3-15-26-(04).csv,616.7291822433472,618.7231998443604,REST,REST,0.22666666666666666,0,RIGHT,REST
LR-3-15-26-(04).csv,617.7281970977783,619.7222146987915,REST,REST,0.22333333333333333,0,RIGHT,REST
LR-3-15-26-(04).csv,618.7272119522095,620.7212295532227,REST,REST,0.23333333333333334,0,RIGHT,REST
LR-3-15-26-(04).csv,619.7262268066406,621.7202444076538,REST,REST,0.24333333333333335,0,RIGHT,REST
LR-3-15-26-(04).csv,620.7252416610718,622.719259262085,REST,REST,0.23666666666666666,0,LEFT,REST
LR-3-15-26-(04).csv,621.7242565155029,623.7182741165161,REST,REST,0.23,0,RIGHT,REST
LR-3-15-26-(04).csv,622.7232713699341,624.7172889709473,REST,REST,0.23,0,RIGHT,REST
LR-3-15-26-(04).csv,623.7222862243652,625.7163038253784,REST,REST,0.23333333333333334,0,RIGHT,REST
LR-3-15-26-(04).csv,624.7213010787964,626.7153186798096,REST,REST,0.23666666666666666,0,RIGHT,REST
LR-3-15-26-(04).csv,625.7203159332275,627.7143335342407,REST,REST,0.23333333333333334,0,LEFT,REST
LR-3-15-26-(04).csv,626.7193307876587,628.7133483886719,REST,REST,0.25,0,RIGHT,REST
LR-3-15-26-(04).csv,627.7183456420898,629.712363243103,REST,REST,0.22333333333333333,0,RIGHT,REST
LR-3-15-26-(04).csv,630.4546031951904,632.4486207962036,LEFT,LEFT,0.43666666666666665,1,RIGHT,RIGHT
LR-3-15-26-(04).csv,631.4536180496216,633.4476356506348,LEFT,LEFT,0.3333333333333333,1,RIGHT,RIGHT
LR-3-15-26-(04).csv,632.4526329040527,634.4466505050659,LEFT,LEFT,0.35333333333333333,1,RIGHT,RIGHT
LR-3-15-26-(04).csv,633.4516477584839,635.4456653594971,LEFT,LEFT,0.36666666666666664,1,RIGHT,RIGHT
LR-3-15-26-(04).csv,634.450662612915,636.4446802139282,LEFT,LEFT,0.33666666666666667,1,RIGHT,RIGHT
LR-3-15-26-(04).csv,635.4496774673462,637.4436950683594,LEFT,LEFT,0.19666666666666666,0,RIGHT,REST
LR-3-15-26-(04).csv,636.4486923217773,638.4427099227905,LEFT,LEFT,0.28,0,RIGHT,REST
LR-3-15-26-(04).csv,639.1769256591797,641.1709432601929,REST,REST,0.24333333333333335,0,RIGHT,REST
LR-3-15-26-(04).csv,640.1759405136108,642.169958114624,REST,REST,0.23333333333333334,0,RIGHT,REST
LR-3-15-26-(04).csv,641.174955368042,643.1689729690552,REST,REST,0.24333333333333335,0,RIGHT,REST
LR-3-15-26-(04).csv,642.1739702224731,644.1679878234863,REST,REST,0.23,0,RIGHT,REST
LR-3-15-26-(04).csv,644.9503488540649,646.9443664550781,RIGHT,RIGHT,0.37333333333333335,1,RIGHT,RIGHT
LR-3-15-26-(04).csv,645.9493637084961,647.9433813095093,RIGHT,RIGHT,0.37333333333333335,1,RIGHT,RIGHT
LR-3-15-26-(04).csv,646.9483785629272,648.9423961639404,RIGHT,RIGHT,0.41333333333333333,1,RIGHT,RIGHT
LR-3-15-26-(04).csv,647.9473934173584,649.9414110183716,RIGHT,RIGHT,0.37333333333333335,1,RIGHT,RIGHT
LR-3-15-26-(04).csv,648.9464082717896,650.9404258728027,RIGHT,RIGHT,0.36666666666666664,1,RIGHT,RIGHT
LR-3-15-26-(04).csv,649.9454231262207,651.9394407272339,RIGHT,RIGHT,0.4166666666666667,1,RIGHT,RIGHT
LR-3-15-26-(04).csv,650.9444379806519,652.938455581665,RIGHT,RIGHT,0.42333333333333334,1,RIGHT,RIGHT
LR-3-15-26-(04).csv,653.435956954956,655.4299745559692,REST,REST,0.22333333333333333,0,RIGHT,REST
LR-3-15-26-(04).csv,654.4349718093872,656.4289894104004,REST,REST,0.21666666666666667,0,RIGHT,REST
LR-3-15-26-(04).csv,655.4339866638184,657.4280042648315,REST,REST,0.24666666666666667,0,LEFT,REST
LR-3-15-26-(04).csv,656.4330015182495,658.4270191192627,REST,REST,0.23666666666666666,0,LEFT,REST
LR-3-15-26-(04).csv,657.4320163726807,659.4260339736938,REST,REST,0.24666666666666667,0,RIGHT,REST
LR-3-15-26-(04).csv,658.4310312271118,660.425048828125,REST,REST,0.19666666666666666,0,RIGHT,REST
LR-3-15-26-(04).csv,659.430046081543,661.4240636825562,REST,REST,0.22666666666666666,0,RIGHT,REST
LR-3-15-26-(04).csv,660.4290609359741,662.4230785369873,REST,REST,0.22666666666666666,0,RIGHT,REST
LR-3-15-26-(04).csv,661.4280757904053,663.4220933914185,REST,REST,0.19666666666666666,0,RIGHT,REST
LR-3-15-26-(04).csv,662.4270906448364,664.4211082458496,REST,REST,0.20333333333333334,0,RIGHT,REST
LR-3-15-26-(04).csv,663.4261054992676,665.4201231002808,REST,REST,0.22666666666666666,0,RIGHT,REST
LR-3-15-26-(04).csv,664.4251203536987,666.4191379547119,REST,REST,0.23333333333333334,0,RIGHT,REST
LR-3-15-26-(04).csv,665.4241352081299,667.4181528091431,REST,REST,0.24,0,LEFT,REST
LR-3-15-26-(04).csv,666.423150062561,668.4171676635742,REST,REST,0.21,0,RIGHT,REST
LR-3-15-26-(04).csv,669.1473712921143,671.1413888931274,LEFT,LEFT,0.43666666666666665,1,RIGHT,RIGHT
LR-3-15-26-(04).csv,670.1463861465454,672.1404037475586,LEFT,LEFT,0.35,1,RIGHT,RIGHT
LR-3-15-26-(04).csv,671.1454010009766,673.1394186019897,LEFT,LEFT,0.36333333333333334,1,RIGHT,RIGHT
LR-3-15-26-(04).csv,672.1444158554077,674.1384334564209,LEFT,LEFT,0.46,1,RIGHT,RIGHT
LR-3-15-26-(04).csv,673.1434307098389,675.137448310852,LEFT,LEFT,0.47,1,RIGHT,RIGHT
LR-3-15-26-(04).csv,674.14244556427,676.1364631652832,LEFT,LEFT,0.47333333333333333,1,LEFT,LEFT
LR-3-15-26-(04).csv,675.1414604187012,677.1354780197144,LEFT,LEFT,0.4633333333333333,1,LEFT,LEFT
LR-3-15-26-(04).csv,677.7493305206299,679.7433481216431,REST,REST,0.32,1,LEFT,LEFT
LR-3-15-26-(04).csv,678.748345375061,680.7423629760742,REST,REST,0.19333333333333333,0,RIGHT,REST
LR-3-15-26-(04).csv,679.7473602294922,681.7413778305054,REST,REST,0.17333333333333334,0,RIGHT,REST
LR-3-15-26-(04).csv,680.7463750839233,682.7403926849365,REST,REST,0.17333333333333334,0,RIGHT,REST
LR-3-15-26-(04).csv,683.2258577346802,685.2198753356934,RIGHT,RIGHT,0.4866666666666667,1,RIGHT,RIGHT
LR-3-15-26-(04).csv,684.2248725891113,686.2188901901245,RIGHT,RIGHT,0.43666666666666665,1,RIGHT,RIGHT
LR-3-15-26-(04).csv,685.2238874435425,687.2179050445557,RIGHT,RIGHT,0.45,1,RIGHT,RIGHT
LR-3-15-26-(04).csv,686.2229022979736,688.2169198989868,RIGHT,RIGHT,0.41,1,RIGHT,RIGHT
LR-3-15-26-(04).csv,687.2219171524048,689.215934753418,RIGHT,RIGHT,0.48,1,RIGHT,RIGHT
LR-3-15-26-(04).csv,688.2209320068359,690.2149496078491,RIGHT,RIGHT,0.47333333333333333,1,RIGHT,RIGHT
LR-3-15-26-(04).csv,689.2199468612671,691.2139644622803,RIGHT,RIGHT,0.43666666666666665,1,RIGHT,RIGHT
LR-3-15-26-(04).csv,691.6071510314941,693.6011686325073,REST,REST,0.31333333333333335,1,RIGHT,RIGHT
LR-3-15-26-(04).csv,692.6061658859253,694.6001834869385,REST,REST,0.20666666666666667,0,RIGHT,REST
LR-3-15-26-(04).csv,693.6051807403564,695.5991983413696,REST,REST,0.2,0,LEFT,REST
LR-3-15-26-(04).csv,694.6041955947876,696.5982131958008,REST,REST,0.22666666666666666,0,LEFT,REST
LR-3-15-26-(04).csv,695.6032104492188,697.5972280502319,REST,REST,0.26,0,RIGHT,REST
LR-3-15-26-(04).csv,696.6022253036499,698.5962429046631,REST,REST,0.17666666666666667,0,RIGHT,REST
LR-3-15-26-(04).csv,697.601240158081,699.5952577590942,REST,REST,0.2,0,RIGHT,REST
LR-3-15-26-(04).csv,698.6002550125122,700.5942726135254,REST,REST,0.18,0,RIGHT,REST
LR-3-15-26-(04).csv,699.5992698669434,701.5932874679565,REST,REST,0.20666666666666667,0,RIGHT,REST
LR-3-15-26-(04).csv,700.5982847213745,702.5923023223877,REST,REST,0.14333333333333334,0,RIGHT,REST
LR-3-15-26-(04).csv,701.5972995758057,703.5913171768188,REST,REST,0.20333333333333334,0,LEFT,REST
LR-3-15-26-(04).csv,702.5963144302368,704.59033203125,REST,REST,0.17666666666666667,0,RIGHT,REST
LR-3-15-26-(04).csv,703.595329284668,705.5893468856812,REST,REST,0.14,0,RIGHT,REST
LR-3-15-26-(04).csv,704.5943441390991,706.5883617401123,REST,REST,0.15333333333333332,0,RIGHT,REST
LR-3-15-26-(04).csv,705.5933589935303,707.5873765945435,REST,REST,0.18,0,RIGHT,REST
LR-3-15-26-(04).csv,707.6194734573364,709.6134910583496,LEFT,LEFT,0.42333333333333334,1,RIGHT,RIGHT
LR-3-15-26-(04).csv,708.6184883117676,710.6125059127808,LEFT,LEFT,0.4666666666666667,1,RIGHT,RIGHT
LR-3-15-26-(04).csv,709.6175031661987,711.6115207672119,LEFT,LEFT,0.47,1,LEFT,LEFT
LR-3-15-26-(04).csv,710.6165180206299,712.6105356216431,LEFT,LEFT,0.46,1,LEFT,LEFT
LR-3-15-26-(04).csv,711.615532875061,713.6095504760742,LEFT,LEFT,0.4533333333333333,1,LEFT,LEFT
LR-3-15-26-(04).csv,712.6145477294922,714.6085653305054,LEFT,LEFT,0.47,1,LEFT,LEFT
LR-3-15-26-(04).csv,713.6135625839233,715.6075801849365,LEFT,LEFT,0.3933333333333333,1,LEFT,LEFT
LR-3-15-26-(04).csv,715.8001613616943,717.7941789627075,REST,REST,0.36,1,RIGHT,RIGHT
LR-3-15-26-(04).csv,716.7991762161255,718.7931938171387,REST,REST,0.16333333333333333,0,RIGHT,REST
LR-3-15-26-(04).csv,717.7981910705566,719.7922086715698,REST,REST,0.19333333333333333,0,RIGHT,REST
LR-3-15-26-(04).csv,720.6989450454712,722.6929626464844,RIGHT,RIGHT,0.47,1,RIGHT,RIGHT
LR-3-15-26-(04).csv,721.6979598999023,723.6919775009155,RIGHT,RIGHT,0.4533333333333333,1,RIGHT,RIGHT
LR-3-15-26-(04).csv,722.6969747543335,724.6909923553467,RIGHT,RIGHT,0.4666666666666667,1,RIGHT,RIGHT
LR-3-15-26-(04).csv,723.6959896087646,725.6900072097778,RIGHT,RIGHT,0.4,1,RIGHT,RIGHT
LR-3-15-26-(04).csv,724.6950044631958,726.689022064209,RIGHT,RIGHT,0.4166666666666667,1,RIGHT,RIGHT
LR-3-15-26-(04).csv,725.694019317627,727.6880369186401,RIGHT,RIGHT,0.4,1,RIGHT,RIGHT
LR-3-15-26-(04).csv,726.6930341720581,728.6870517730713,RIGHT,RIGHT,0.44666666666666666,1,RIGHT,RIGHT
LR-3-15-26-(04).csv,728.8716087341309,730.865626335144,REST,REST,0.42333333333333334,1,RIGHT,RIGHT
LR-3-15-26-(04).csv,729.870623588562,731.8646411895752,REST,REST,0.18333333333333332,0,RIGHT,REST
LR-3-15-26-(04).csv,730.8696384429932,732.8636560440063,REST,REST,0.20666666666666667,0,RIGHT,REST
LR-3-15-26-(04).csv,731.8686532974243,733.8626708984375,REST,REST,0.23666666666666666,0,LEFT,REST
LR-3-15-26-(04).csv,732.8676681518555,734.8616857528687,REST,REST,0.2633333333333333,0,LEFT,REST
LR-3-15-26-(04).csv,733.8666830062866,735.8607006072998,REST,REST,0.23,0,RIGHT,REST
LR-3-15-26-(04).csv,734.8656978607178,736.859715461731,REST,REST,0.2,0,LEFT,REST
LR-3-15-26-(04).csv,735.8647127151489,737.8587303161621,REST,REST,0.20333333333333334,0,RIGHT,REST
LR-3-15-26-(04).csv,736.8637275695801,738.8577451705933,REST,REST,0.22333333333333333,0,RIGHT,REST
LR-3-15-26-(04).csv,737.8627424240112,739.8567600250244,REST,REST,0.21666666666666667,0,RIGHT,REST
LR-3-15-26-(04).csv,738.8617572784424,740.8557748794556,REST,REST,0.18,0,RIGHT,REST
LR-3-15-26-(04).csv,739.8607721328735,741.8547897338867,REST,REST,0.16666666666666666,0,RIGHT,REST
LR-3-15-26-(04).csv,740.8597869873047,742.8538045883179,REST,REST,0.18333333333333332,0,LEFT,REST
LR-3-15-26-(04).csv,741.8588018417358,743.852819442749,REST,REST,0.25333333333333335,0,RIGHT,REST
LR-3-15-26-(04).csv,744.3743934631348,746.368411064148,LEFT,LEFT,0.36,1,RIGHT,RIGHT
LR-3-15-26-(04).csv,745.3734083175659,747.3674259185791,LEFT,LEFT,0.3566666666666667,1,RIGHT,RIGHT
LR-3-15-26-(04).csv,746.3724231719971,748.3664407730103,LEFT,LEFT,0.36333333333333334,1,RIGHT,RIGHT
LR-3-15-26-(04).csv,747.3714380264282,749.3654556274414,LEFT,LEFT,0.4033333333333333,1,LEFT,LEFT
LR-3-15-26-(04).csv,748.3704528808594,750.3644704818726,LEFT,LEFT,0.29333333333333333,0,RIGHT,REST
LR-3-15-26-(04).csv,749.3694677352905,751.3634853363037,LEFT,LEFT,0.26666666666666666,0,RIGHT,REST
LR-3-15-26-(04).csv,750.3684825897217,752.3625001907349,LEFT,LEFT,0.22333333333333333,0,RIGHT,REST
LR-3-15-26-(04).csv,752.6714324951172,754.6654500961304,REST,REST,0.18666666666666668,0,RIGHT,REST
LR-3-15-26-(04).csv,753.6704473495483,755.6644649505615,REST,REST,0.18333333333333332,0,RIGHT,REST
LR-3-15-26-(04).csv,754.6694622039795,756.6634798049927,REST,REST,0.19,0,RIGHT,REST
LR-3-15-26-(04).csv,757.6504583358765,759.6444759368896,RIGHT,RIGHT,0.45,1,RIGHT,RIGHT
LR-3-15-26-(04).csv,758.6494731903076,760.6434907913208,RIGHT,RIGHT,0.46,1,RIGHT,RIGHT
LR-3-15-26-(04).csv,759.6484880447388,761.642505645752,RIGHT,RIGHT,0.46,1,RIGHT,RIGHT
LR-3-15-26-(04).csv,760.6475028991699,762.6415205001831,RIGHT,RIGHT,0.43,1,RIGHT,RIGHT
LR-3-15-26-(04).csv,761.6465177536011,763.6405353546143,RIGHT,RIGHT,0.4266666666666667,1,RIGHT,RIGHT
LR-3-15-26-(04).csv,762.6455326080322,764.6395502090454,RIGHT,RIGHT,0.4166666666666667,1,RIGHT,RIGHT
LR-3-15-26-(04).csv,763.6445474624634,765.6385650634766,RIGHT,RIGHT,0.47,1,RIGHT,RIGHT
LR-3-15-26-(04).csv,765.8391704559326,767.8331880569458,REST,REST,0.41333333333333333,1,LEFT,LEFT
LR-3-15-26-(04).csv,766.8381853103638,768.832202911377,REST,REST,0.18666666666666668,0,RIGHT,REST
LR-3-15-26-(04).csv,767.8372001647949,769.8312177658081,REST,REST,0.21,0,RIGHT,REST
LR-3-15-26-(04).csv,768.8362150192261,770.8302326202393,REST,REST,0.19333333333333333,0,RIGHT,REST
LR-3-15-26-(04).csv,769.8352298736572,771.8292474746704,REST,REST,0.16666666666666666,0,RIGHT,REST
LR-3-15-26-(04).csv,770.8342447280884,772.8282623291016,REST,REST,0.16,0,RIGHT,REST
LR-3-15-26-(04).csv,771.8332595825195,773.8272771835327,REST,REST,0.17,0,RIGHT,REST
LR-3-15-26-(04).csv,772.8322744369507,774.8262920379639,REST,REST,0.15666666666666668,0,RIGHT,REST
LR-3-15-26-(04).csv,773.8312892913818,775.825306892395,REST,REST,0.17333333333333334,0,RIGHT,REST
LR-3-15-26-(04).csv,774.830304145813,776.8243217468262,REST,REST,0.18666666666666668,0,RIGHT,REST
LR-3-15-26-(04).csv,775.8293190002441,777.8233366012573,REST,REST,0.18666666666666668,0,LEFT,REST
LR-3-15-26-(04).csv,776.8283338546753,778.8223514556885,REST,REST,0.17,0,RIGHT,REST
LR-3-15-26-(04).csv,777.8273487091064,779.8213663101196,REST,REST,0.15333333333333332,0,RIGHT,REST
LR-3-15-26-(04).csv,778.8263635635376,780.8203811645508,REST,REST,0.15666666666666668,0,RIGHT,REST
LR-3-15-26-(04).csv,780.96080493927,782.9548225402832,LEFT,LEFT,0.36666666666666664,1,RIGHT,RIGHT
LR-3-15-26-(04).csv,781.9598197937012,783.9538373947144,LEFT,LEFT,0.38,1,RIGHT,RIGHT
LR-3-15-26-(04).csv,782.9588346481323,784.9528522491455,LEFT,LEFT,0.37333333333333335,1,RIGHT,RIGHT
LR-3-15-26-(04).csv,783.9578495025635,785.9518671035767,LEFT,LEFT,0.35333333333333333,1,RIGHT,RIGHT
LR-3-15-26-(04).csv,786.0441455841064,788.0381631851196,REST,REST,0.19,0,RIGHT,REST
LR-3-15-26-(04).csv,787.0431604385376,789.0371780395508,REST,REST,0.17333333333333334,0,RIGHT,REST
LR-3-15-26-(04).csv,788.0421752929688,790.0361928939819,REST,REST,0.15333333333333332,0,RIGHT,REST
LR-3-15-26-(04).csv,789.0411901473999,791.0352077484131,REST,REST,0.16333333333333333,0,RIGHT,REST
LR-3-15-26-(04).csv,790.040205001831,792.0342226028442,REST,REST,0.16666666666666666,0,RIGHT,REST
LR-3-15-26-(04).csv,791.0392198562622,793.0332374572754,REST,REST,0.16,0,RIGHT,REST
LR-3-15-26-(04).csv,792.0382347106934,794.0322523117065,REST,REST,0.17,0,RIGHT,REST
LR-3-15-26-(04).csv,793.0372495651245,795.0312671661377,REST,REST,0.17666666666666667,0,RIGHT,REST
LR-3-15-26-(04).csv,794.0362644195557,796.0302820205688,REST,REST,0.24333333333333335,0,RIGHT,REST
LR-3-15-26-(04).csv,795.0352792739868,797.029296875,REST,REST,0.3933333333333333,1,LEFT,LEFT
LR-3-15-26-(04).csv,796.034294128418,798.0283117294312,REST,REST,0.4166666666666667,1,RIGHT,RIGHT
LR-3-15-26-(04).csv,797.0333089828491,799.0273265838623,REST,REST,0.4633333333333333,1,RIGHT,RIGHT
LR-3-15-26-(04).csv,798.0323238372803,800.0263414382935,REST,REST,0.4766666666666667,1,RIGHT,RIGHT
LR-3-15-26-(04).csv,799.0313386917114,801.0253562927246,REST,REST,0.43666666666666665,1,RIGHT,RIGHT
LR-3-15-26-(04).csv,800.0303535461426,802.0243711471558,REST,REST,0.44,1,RIGHT,RIGHT
LR-3-15-26-(04).csv,801.0293684005737,803.0233860015869,REST,REST,0.47333333333333333,1,RIGHT,RIGHT
LR-3-15-26-(04).csv,802.0283832550049,804.0224008560181,REST,REST,0.43666666666666665,1,RIGHT,RIGHT
LR-3-15-26-(04).csv,803.027398109436,805.0214157104492,REST,REST,0.4,1,RIGHT,RIGHT
LR-3-15-26-(04).csv,804.0264129638672,806.0204305648804,REST,REST,0.4066666666666667,1,RIGHT,RIGHT
LR-3-15-26-(04).csv,805.0254278182983,807.0194454193115,REST,REST,0.38,1,LEFT,LEFT
LR-3-15-26-(04).csv,806.0244426727295,808.0184602737427,REST,REST,0.19,0,RIGHT,REST
LR-3-15-26-(04).csv,807.0234575271606,809.0174751281738,REST,REST,0.16,0,RIGHT,REST
LR-3-15-26-(04).csv,808.0224723815918,810.016489982605,REST,REST,0.18,0,RIGHT,REST
LR-3-15-26-(04).csv,809.021487236023,811.0155048370361,REST,REST,0.18,0,RIGHT,REST
LR-3-15-26-(04).csv,810.0205020904541,812.0145196914673,REST,REST,0.19,0,RIGHT,REST
LR-3-15-26-(04).csv,811.0195169448853,813.0135345458984,REST,REST,0.19666666666666666,0,RIGHT,REST
LR-3-15-26-(04).csv,812.0185317993164,814.0125494003296,REST,REST,0.15,0,RIGHT,REST
LR-3-15-26-(04).csv,813.0175466537476,815.0115642547607,REST,REST,0.15333333333333332,0,RIGHT,REST
LR-3-15-26-(04).csv,814.0165615081787,816.0105791091919,REST,REST,0.17333333333333334,0,RIGHT,REST
LR-3-15-26-(04).csv,815.0155763626099,817.009593963623,REST,REST,0.22666666666666666,0,RIGHT,REST
LR-3-15-26-(04).csv,816.014591217041,818.0086088180542,REST,REST,0.21666666666666667,0,RIGHT,REST
LR-3-15-26-(04).csv,817.0136060714722,819.0076236724854,REST,REST,0.17666666666666667,0,RIGHT,REST
LR-3-15-26-(04).csv,818.0126209259033,820.0066385269165,REST,REST,0.16,0,RIGHT,REST
LR-3-15-26-(04).csv,820.2674255371094,822.2614431381226,LEFT,LEFT,0.4633333333333333,1,RIGHT,RIGHT
LR-3-15-26-(04).csv,821.2664403915405,823.2604579925537,LEFT,LEFT,0.37333333333333335,1,RIGHT,RIGHT
LR-3-15-26-(04).csv,822.2654552459717,824.2594728469849,LEFT,LEFT,0.4533333333333333,1,RIGHT,RIGHT
LR-3-15-26-(04).csv,823.2644701004028,825.258487701416,LEFT,LEFT,0.32,1,RIGHT,RIGHT
LR-3-15-26-(04).csv,824.263484954834,826.2575025558472,LEFT,LEFT,0.36,1,RIGHT,RIGHT
LR-3-15-26-(04).csv,825.2624998092651,827.2565174102783,LEFT,LEFT,0.43,1,LEFT,LEFT
LR-3-15-26-(04).csv,826.2615146636963,828.2555322647095,LEFT,LEFT,0.41,1,LEFT,LEFT
LR-3-15-26-(04).csv,829.0178327560425,831.0118503570557,REST,REST,0.25,0,LEFT,REST
LR-3-15-26-(04).csv,830.0168476104736,832.0108652114868,REST,REST,0.20333333333333334,0,RIGHT,REST
LR-3-15-26-(04).csv,831.0158624649048,833.009880065918,REST,REST,0.16,0,RIGHT,REST
LR-3-15-26-(04).csv,832.0148773193359,834.0088949203491,REST,REST,0.18333333333333332,0,RIGHT,REST
LR-3-15-26-(04).csv,834.2977666854858,836.291784286499,RIGHT,RIGHT,0.4633333333333333,1,RIGHT,RIGHT
LR-3-15-26-(04).csv,835.296781539917,837.2907991409302,RIGHT,RIGHT,0.4866666666666667,1,RIGHT,RIGHT
LR-3-15-26-(04).csv,836.2957963943481,838.2898139953613,RIGHT,RIGHT,0.4533333333333333,1,RIGHT,RIGHT
LR-3-15-26-(04).csv,837.2948112487793,839.2888288497925,RIGHT,RIGHT,0.43666666666666665,1,RIGHT,RIGHT
LR-3-15-26-(04).csv,838.2938261032104,840.2878437042236,RIGHT,RIGHT,0.4166666666666667,1,RIGHT,RIGHT
LR-3-15-26-(04).csv,839.2928409576416,841.2868585586548,RIGHT,RIGHT,0.4533333333333333,1,RIGHT,RIGHT
LR-3-15-26-(04).csv,840.2918558120728,842.2858734130859,RIGHT,RIGHT,0.39666666666666667,1,RIGHT,RIGHT
LR-3-15-26-(04).csv,842.58678150177,844.5807991027832,REST,REST,0.33,1,RIGHT,RIGHT
LR-3-15-26-(04).csv,843.5857963562012,845.5798139572144,REST,REST,0.21333333333333335,0,RIGHT,REST
LR-3-15-26-(04).csv,844.5848112106323,846.5788288116455,REST,REST,0.19333333333333333,0,RIGHT,REST
LR-3-15-26-(04).csv,845.5838260650635,847.5778436660767,REST,REST,0.19,0,RIGHT,REST
LR-3-15-26-(04).csv,846.5828409194946,848.5768585205078,REST,REST,0.21666666666666667,0,RIGHT,REST
LR-3-15-26-(04).csv,847.5818557739258,849.575873374939,REST,REST,0.21333333333333335,0,RIGHT,REST
